0.000	0.0000	0.0000	0.0000
0.025	0.0000	0.0000	0.0000
0.050	-0.0000	-0.0000	-0.0000
0.075	-0.0000	-0.0000	-0.0000
0.100	0.0000	-0.0000	0.0000
0.125	0.0000	-0.0000	0.0000
0.150	0.0000	-0.0000	0.0000
0.175	0.0000	-0.0000	0.0000
0.200	0.0000	-0.0000	0.0001
0.225	0.0001	-0.0000	0.0001
0.250	0.0001	-0.0000	0.0001
0.275	0.0001	-0.0000	0.0001
0.300	0.0001	-0.0000	0.0001
0.325	0.0001	-0.0000	0.0001
0.350	0.0001	-0.0000	0.0001
0.375	0.0001	-0.0000	0.0001
0.400	0.0001	-0.0000	0.0002
0.425	0.0002	-0.0000	0.0002
0.450	0.0002	-0.0000	0.0002
0.475	0.0002	-0.0000	0.0002
0.500	0.0002	-0.0000	0.0002
0.525	0.0002	-0.0000	0.0002
0.550	0.0002	-0.0000	0.0002
0.575	0.0002	-0.0000	0.0002
0.600	0.0002	-0.0000	0.0002
0.625	0.0002	-0.0000	0.0002
0.650	0.0002	-0.0000	0.0002
0.675	0.0002	-0.0000	0.0002
0.700	0.0002	-0.0000	0.0002
0.725	0.0002	-0.0000	0.0002
0.750	0.0002	-0.0000	0.0002
0.775	0.0002	-0.0000	0.0002
0.800	0.0002	-0.0000	0.0002
0.825	0.0002	-0.0000	0.0002
0.850	0.0002	-0.0000	0.0002
0.875	0.0002	-0.0000	0.0002
0.900	0.0002	-0.0000	0.0002
0.925	0.0002	-0.0000	0.0002
0.950	0.0002	-0.0000	0.0002
0.975	0.0002	-0.0000	0.0002
1.000	0.0002	-0.0000	0.0002
1.025	0.0002	-0.0000	0.0002
1.050	0.0002	-0.0000	0.0002
1.075	0.0002	-0.0000	0.0002
1.100	0.0002	-0.0000	0.0002
1.125	0.0002	-0.0000	0.0002
1.150	0.0002	-0.0000	0.0002
1.175	0.0002	-0.0000	0.0002
1.200	0.0002	-0.0000	0.0002
1.225	0.0002	-0.0000	0.0002
1.250	0.0002	-0.0000	0.0002
1.275	0.0002	-0.0000	0.0002
1.300	0.0002	-0.0000	0.0002
1.325	0.0002	-0.0000	0.0002
1.350	0.0002	-0.0000	0.0002
1.375	0.0002	-0.0000	0.0002
1.400	0.0002	-0.0000	0.0002
1.425	0.0002	-0.0000	0.0002
1.450	0.0002	-0.0000	0.0002
1.475	0.0002	-0.0000	0.0002
1.500	0.0002	-0.0000	0.0002
1.525	0.0002	-0.0000	0.0002
1.550	0.0002	-0.0000	0.0002
1.575	0.0001	-0.0000	0.0001
1.600	0.0001	-0.0000	0.0001
1.625	0.0001	-0.0000	0.0001
1.650	0.0001	-0.0000	0.0001
1.675	0.0001	-0.0000	0.0001
1.700	0.0001	-0.0000	0.0001
1.725	0.0001	-0.0000	0.0001
1.750	0.0001	-0.0000	0.0001
1.775	0.0001	-0.0000	0.0001
1.800	0.0001	-0.0000	0.0001
1.825	0.0001	-0.0000	0.0001
1.850	0.0001	-0.0000	0.0001
1.875	0.0001	-0.0000	0.0001
1.900	0.0001	-0.0000	0.0001
1.925	0.0001	-0.0000	0.0001
1.950	0.0001	-0.0000	0.0001
1.975	0.0001	-0.0000	0.0001
2.000	0.0001	-0.0000	0.0001
2.025	0.0000	-0.0000	0.0001
2.050	0.0000	-0.0000	0.0000
2.075	0.0000	-0.0000	0.0000
2.100	0.0000	-0.0000	0.0000
2.125	0.0000	-0.0000	0.0000
2.150	0.0000	-0.0000	0.0000
2.175	0.0000	-0.0000	0.0000
2.200	0.0000	-0.0000	0.0000
2.225	0.0000	-0.0000	0.0000
2.250	-0.0000	-0.0000	-0.0000
2.275	-0.0000	-0.0000	-0.0000
2.300	-0.0000	-0.0000	-0.0000
2.325	-0.0000	-0.0000	-0.0000
2.350	-0.0000	-0.0000	-0.0000
2.375	-0.0000	-0.0000	-0.0000
2.400	-0.0000	-0.0000	-0.0000
2.425	-0.0000	-0.0000	-0.0000
2.450	-0.0000	-0.0000	-0.0000
2.475	-0.0001	-0.0000	-0.0001
2.500	-0.0001	-0.0000	-0.0001
2.525	-0.0001	-0.0000	-0.0001
2.550	-0.0001	-0.0000	-0.0001
2.575	-0.0001	-0.0000	-0.0001
2.600	-0.0001	-0.0000	-0.0001
2.625	-0.0001	-0.0000	-0.0001
2.650	-0.0001	-0.0000	-0.0001
2.675	-0.0001	-0.0000	-0.0001
2.700	-0.0001	-0.0000	-0.0001
2.725	-0.0001	-0.0000	-0.0001
2.750	-0.0001	-0.0000	-0.0001
2.775	-0.0001	-0.0000	-0.0001
2.800	-0.0001	-0.0000	-0.0001
2.825	-0.0001	-0.0000	-0.0001
2.850	-0.0001	-0.0000	-0.0001
2.875	-0.0001	-0.0000	-0.0001
2.900	-0.0001	-0.0000	-0.0001
2.925	-0.0001	-0.0000	-0.0001
2.950	-0.0001	-0.0000	-0.0001
2.975	-0.0002	-0.0000	-0.0002
3.000	-0.0002	-0.0000	-0.0002
3.025	-0.0002	-0.0000	-0.0002
3.050	-0.0002	-0.0000	-0.0002
3.075	-0.0002	-0.0000	-0.0002
3.100	-0.0002	-0.0000	-0.0002
3.125	-0.0002	-0.0000	-0.0002
3.150	-0.0002	-0.0000	-0.0002
3.175	-0.0002	-0.0000	-0.0002
3.200	-0.0002	-0.0000	-0.0002
3.225	-0.0002	-0.0000	-0.0002
3.250	-0.0002	-0.0000	-0.0002
3.275	-0.0002	-0.0000	-0.0002
3.300	-0.0002	-0.0000	-0.0002
3.325	-0.0002	-0.0000	-0.0002
3.350	-0.0002	-0.0000	-0.0002
3.375	-0.0002	-0.0000	-0.0002
3.400	-0.0002	-0.0000	-0.0002
3.425	-0.0002	-0.0000	-0.0002
3.450	-0.0002	-0.0000	-0.0002
3.475	-0.0002	-0.0000	-0.0002
3.500	-0.0002	-0.0000	-0.0002
3.525	-0.0002	-0.0000	-0.0002
3.550	-0.0003	-0.0000	-0.0003
3.575	-0.0003	-0.0000	-0.0003
3.600	-0.0003	-0.0000	-0.0003
3.625	-0.0003	-0.0000	-0.0003
3.650	-0.0003	-0.0000	-0.0003
3.675	-0.0003	-0.0000	-0.0003
3.700	-0.0003	-0.0000	-0.0003
3.725	-0.0003	-0.0000	-0.0003
3.750	-0.0003	-0.0000	-0.0003
3.775	-0.0003	-0.0000	-0.0003
3.800	-0.0003	-0.0000	-0.0003
3.825	-0.0003	-0.0000	-0.0003
3.850	-0.0003	-0.0000	-0.0003
3.875	-0.0003	-0.0000	-0.0003
3.900	-0.0003	-0.0000	-0.0003
3.925	-0.0003	-0.0000	-0.0003
3.950	-0.0003	-0.0000	-0.0003
3.975	-0.0003	-0.0000	-0.0003
4.000	-0.0003	-0.0000	-0.0003
4.025	-0.0003	-0.0000	-0.0003
4.050	-0.0003	-0.0000	-0.0003
4.075	-0.0003	-0.0000	-0.0003
4.100	-0.0003	-0.0000	-0.0003
4.125	-0.0003	-0.0000	-0.0003
4.150	-0.0003	-0.0000	-0.0003
4.175	-0.0003	-0.0000	-0.0003
4.200	-0.0003	-0.0000	-0.0003
4.225	-0.0003	-0.0000	-0.0003
4.250	-0.0003	-0.0000	-0.0003
4.275	-0.0003	-0.0000	-0.0003
4.300	-0.0004	-0.0000	-0.0003
4.325	-0.0004	-0.0000	-0.0004
4.350	-0.0004	-0.0000	-0.0004
4.375	-0.0004	-0.0000	-0.0004
4.400	-0.0004	-0.0000	-0.0004
4.425	-0.0004	-0.0000	-0.0004
4.450	-0.0004	-0.0000	-0.0004
4.475	-0.0004	-0.0000	-0.0004
4.500	-0.0004	-0.0000	-0.0004
4.525	-0.0004	-0.0000	-0.0004
4.550	-0.0004	-0.0000	-0.0004
4.575	-0.0004	-0.0000	-0.0004
4.600	-0.0004	-0.0000	-0.0004
4.625	-0.0004	-0.0000	-0.0004
4.650	-0.0004	-0.0000	-0.0004
4.675	-0.0004	-0.0000	-0.0004
4.700	-0.0004	-0.0000	-0.0004
4.725	-0.0004	-0.0000	-0.0004
4.750	-0.0004	-0.0000	-0.0004
4.775	-0.0004	-0.0000	-0.0004
4.800	-0.0004	-0.0000	-0.0004
4.825	-0.0004	-0.0000	-0.0004
4.850	-0.0004	-0.0000	-0.0004
4.875	-0.0004	-0.0000	-0.0004
4.900	-0.0004	-0.0000	-0.0004
4.925	-0.0004	-0.0000	-0.0004
4.950	-0.0004	-0.0000	-0.0004
4.975	-0.0004	-0.0000	-0.0004
5.000	-0.0004	-0.0000	-0.0004
5.025	-0.0004	-0.0000	-0.0004
5.050	-0.0004	-0.0000	-0.0004
5.075	-0.0004	-0.0000	-0.0004
5.100	-0.0004	-0.0000	-0.0004
5.125	-0.0004	-0.0000	-0.0004
5.150	-0.0004	-0.0000	-0.0004
5.175	-0.0004	-0.0000	-0.0004
5.200	-0.0004	-0.0000	-0.0004
5.225	-0.0004	-0.0000	-0.0004
5.250	-0.0004	-0.0000	-0.0004
5.275	-0.0004	-0.0000	-0.0004
5.300	-0.0004	-0.0000	-0.0004
5.325	-0.0004	-0.0000	-0.0004
5.350	-0.0004	-0.0000	-0.0004
5.375	-0.0004	-0.0000	-0.0004
5.400	-0.0004	-0.0000	-0.0004
5.425	-0.0004	-0.0000	-0.0004
5.450	-0.0004	-0.0000	-0.0004
5.475	-0.0004	-0.0000	-0.0004
5.500	-0.0004	-0.0000	-0.0004
5.525	-0.0004	-0.0000	-0.0004
5.550	-0.0004	-0.0000	-0.0004
5.575	-0.0005	-0.0000	-0.0005
5.600	-0.0005	-0.0000	-0.0005
5.625	-0.0005	-0.0000	-0.0005
5.650	-0.0005	-0.0000	-0.0005
5.675	-0.0005	-0.0000	-0.0005
5.700	-0.0005	-0.0000	-0.0005
5.725	-0.0005	-0.0000	-0.0005
5.750	-0.0005	-0.0000	-0.0005
5.775	-0.0005	-0.0000	-0.0005
5.800	-0.0005	-0.0000	-0.0005
5.825	-0.0005	-0.0000	-0.0005
5.850	-0.0005	-0.0000	-0.0005
5.875	-0.0005	-0.0000	-0.0005
5.900	-0.0005	-0.0000	-0.0005
5.925	-0.0005	-0.0000	-0.0005
5.950	-0.0005	-0.0000	-0.0005
5.975	-0.0005	-0.0000	-0.0005
6.000	-0.0005	-0.0000	-0.0005
6.025	-0.0005	-0.0000	-0.0005
6.050	-0.0005	-0.0000	-0.0005
6.075	-0.0005	-0.0000	-0.0005
6.100	-0.0005	-0.0000	-0.0005
6.125	-0.0005	-0.0000	-0.0005
6.150	-0.0005	-0.0000	-0.0005
6.175	-0.0005	-0.0000	-0.0005
6.200	-0.0005	-0.0000	-0.0005
6.225	-0.0005	-0.0000	-0.0005
6.250	-0.0005	-0.0000	-0.0005
6.275	-0.0005	-0.0000	-0.0005
6.300	-0.0005	-0.0000	-0.0005
6.325	-0.0005	-0.0000	-0.0005
6.350	-0.0005	-0.0000	-0.0005
6.375	-0.0005	-0.0000	-0.0005
6.400	-0.0005	-0.0000	-0.0005
6.425	-0.0005	-0.0000	-0.0005
6.450	-0.0005	-0.0000	-0.0005
6.475	-0.0005	-0.0000	-0.0005
6.500	-0.0005	-0.0000	-0.0005
6.525	-0.0005	-0.0000	-0.0005
6.550	-0.0005	-0.0000	-0.0005
6.575	-0.0005	-0.0000	-0.0005
6.600	-0.0005	-0.0000	-0.0005
6.625	-0.0005	-0.0000	-0.0005
6.650	-0.0005	-0.0000	-0.0005
6.675	-0.0005	-0.0000	-0.0005
6.700	-0.0005	-0.0000	-0.0005
6.725	-0.0005	-0.0000	-0.0005
6.750	-0.0005	-0.0000	-0.0005
6.775	-0.0005	-0.0000	-0.0005
6.800	-0.0005	-0.0000	-0.0005
6.825	-0.0005	-0.0000	-0.0005
6.850	-0.0005	-0.0000	-0.0005
6.875	-0.0005	-0.0000	-0.0005
6.900	-0.0005	-0.0000	-0.0005
6.925	-0.0005	-0.0000	-0.0005
6.950	-0.0005	-0.0000	-0.0005
6.975	-0.0005	-0.0000	-0.0005
7.000	-0.0005	-0.0000	-0.0005
7.025	-0.0005	-0.0000	-0.0005
7.050	-0.0005	-0.0000	-0.0005
7.075	-0.0005	-0.0000	-0.0005
7.100	-0.0005	-0.0000	-0.0005
7.125	-0.0005	-0.0000	-0.0005
7.150	-0.0005	-0.0000	-0.0005
7.175	-0.0005	-0.0000	-0.0005
7.200	-0.0005	-0.0000	-0.0005
7.225	-0.0005	-0.0000	-0.0005
7.250	-0.0005	-0.0000	-0.0005
7.275	-0.0005	-0.0000	-0.0005
7.300	-0.0005	-0.0000	-0.0005
7.325	-0.0005	-0.0000	-0.0005
7.350	-0.0005	-0.0000	-0.0005
7.375	-0.0005	-0.0000	-0.0005
7.400	-0.0005	-0.0000	-0.0005
7.425	-0.0005	-0.0000	-0.0005
7.450	-0.0005	-0.0000	-0.0005
7.475	-0.0005	-0.0000	-0.0005
7.500	-0.0005	-0.0000	-0.0005
7.525	-0.0005	-0.0000	-0.0005
7.550	-0.0005	-0.0000	-0.0005
7.575	-0.0005	-0.0000	-0.0005
7.600	-0.0005	-0.0000	-0.0005
7.625	-0.0005	-0.0000	-0.0005
7.650	-0.0005	-0.0000	-0.0005
7.675	-0.0005	-0.0000	-0.0005
7.700	-0.0005	-0.0000	-0.0005
7.725	-0.0005	-0.0000	-0.0005
7.750	-0.0005	-0.0000	-0.0005
7.775	-0.0005	-0.0000	-0.0005
7.800	-0.0005	-0.0000	-0.0005
7.825	-0.0005	-0.0000	-0.0005
7.850	-0.0005	-0.0000	-0.0005
7.875	-0.0005	-0.0000	-0.0005
7.900	-0.0005	-0.0000	-0.0005
7.925	-0.0005	-0.0000	-0.0005
7.950	-0.0005	-0.0000	-0.0005
7.975	-0.0005	-0.0000	-0.0005
8.000	-0.0005	-0.0000	-0.0005
8.025	-0.0005	-0.0000	-0.0005
8.050	-0.0005	-0.0000	-0.0005
8.075	-0.0005	-0.0000	-0.0005
8.100	-0.0005	-0.0000	-0.0005
8.125	-0.0005	-0.0000	-0.0005
8.150	-0.0005	-0.0000	-0.0005
8.175	-0.0005	-0.0000	-0.0005
8.200	-0.0005	-0.0000	-0.0005
8.225	-0.0005	-0.0000	-0.0005
8.250	-0.0005	-0.0000	-0.0005
8.275	-0.0005	-0.0000	-0.0005
8.300	-0.0005	-0.0000	-0.0005
8.325	-0.0005	-0.0000	-0.0005
8.350	-0.0005	-0.0000	-0.0005
8.375	-0.0005	-0.0000	-0.0005
8.400	-0.0005	-0.0000	-0.0005
8.425	-0.0005	-0.0000	-0.0005
8.450	-0.0005	-0.0000	-0.0005
8.475	-0.0005	-0.0000	-0.0005
8.500	-0.0005	-0.0000	-0.0005
8.525	-0.0005	-0.0000	-0.0005
8.550	-0.0005	-0.0000	-0.0005
8.575	-0.0005	-0.0000	-0.0005
8.600	-0.0005	-0.0000	-0.0005
8.625	-0.0005	-0.0000	-0.0005
8.650	-0.0005	-0.0000	-0.0005
8.675	-0.0005	-0.0000	-0.0005
8.700	-0.0005	-0.0000	-0.0005
8.725	-0.0005	-0.0000	-0.0005
8.750	-0.0005	-0.0000	-0.0005
8.775	-0.0005	-0.0000	-0.0005
8.800	-0.0005	-0.0000	-0.0005
8.825	-0.0005	-0.0000	-0.0005
8.850	-0.0005	-0.0000	-0.0005
8.875	-0.0005	-0.0000	-0.0005
8.900	-0.0005	-0.0000	-0.0005
8.925	-0.0005	-0.0000	-0.0005
8.950	-0.0005	-0.0000	-0.0005
8.975	-0.0005	-0.0000	-0.0005
9.000	-0.0005	-0.0000	-0.0005
9.025	-0.0005	-0.0000	-0.0005
9.050	-0.0005	-0.0000	-0.0005
9.075	-0.0005	-0.0000	-0.0005
9.100	-0.0005	-0.0000	-0.0005
9.125	-0.0005	-0.0000	-0.0005
9.150	-0.0005	-0.0000	-0.0005
9.175	-0.0005	-0.0000	-0.0005
9.200	-0.0005	-0.0000	-0.0005
9.225	-0.0005	-0.0000	-0.0005
9.250	-0.0005	-0.0000	-0.0005
9.275	-0.0005	-0.0000	-0.0005
9.300	-0.0005	-0.0000	-0.0005
9.325	-0.0005	-0.0000	-0.0005
9.350	-0.0005	-0.0000	-0.0005
9.375	-0.0005	-0.0000	-0.0005
9.400	-0.0005	-0.0000	-0.0005
9.425	-0.0005	-0.0000	-0.0005
9.450	-0.0005	-0.0000	-0.0005
9.475	-0.0005	-0.0000	-0.0005
9.500	-0.0005	-0.0000	-0.0005
9.525	-0.0005	-0.0000	-0.0005
9.550	-0.0005	-0.0000	-0.0005
9.575	-0.0005	-0.0000	-0.0005
9.600	-0.0005	-0.0000	-0.0005
9.625	-0.0005	-0.0000	-0.0005
9.650	-0.0005	-0.0000	-0.0005
9.675	-0.0005	-0.0000	-0.0005
9.700	-0.0005	-0.0000	-0.0005
9.725	-0.0005	-0.0000	-0.0005
9.750	-0.0005	-0.0000	-0.0005
9.775	-0.0005	-0.0000	-0.0005
9.800	-0.0005	-0.0000	-0.0005
9.825	-0.0005	-0.0000	-0.0005
9.850	-0.0005	-0.0000	-0.0005
9.875	-0.0005	-0.0000	-0.0005
9.900	-0.0005	-0.0000	-0.0005
9.925	-0.0005	-0.0000	-0.0005
9.950	-0.0005	-0.0000	-0.0005
9.975	-0.0005	-0.0000	-0.0005
10.000	-0.0005	0.0000	-0.0005
10.025	-0.0005	0.0000	-0.0005
10.050	-0.0005	0.0000	-0.0005
10.075	-0.0005	0.0000	-0.0005
10.100	-0.0005	0.0000	-0.0005
10.125	-0.0005	0.0000	-0.0005
10.150	-0.0005	0.0000	-0.0005
10.175	-0.0005	0.0000	-0.0005
10.200	-0.0005	0.0000	-0.0005
10.225	-0.0005	0.0000	-0.0005
10.250	-0.0005	0.0000	-0.0005
10.275	-0.0005	0.0000	-0.0005
10.300	-0.0005	0.0000	-0.0005
10.325	-0.0005	0.0000	-0.0005
10.350	-0.0005	0.0000	-0.0005
10.375	-0.0004	0.0000	-0.0005
10.400	-0.0004	0.0000	-0.0005
10.425	-0.0004	0.0000	-0.0005
10.450	-0.0004	0.0000	-0.0005
10.475	-0.0004	0.0000	-0.0005
10.500	-0.0004	0.0000	-0.0005
10.525	-0.0004	0.0000	-0.0005
10.550	-0.0004	0.0000	-0.0005
10.575	-0.0004	0.0000	-0.0005
10.600	-0.0004	0.0000	-0.0005
10.625	-0.0004	0.0000	-0.0005
10.650	-0.0004	0.0000	-0.0005
10.675	-0.0004	0.0000	-0.0005
10.700	-0.0004	0.0001	-0.0005
10.725	-0.0004	0.0001	-0.0005
10.750	-0.0004	0.0001	-0.0005
10.775	-0.0004	0.0001	-0.0005
10.800	-0.0004	0.0001	-0.0005
10.825	-0.0004	0.0001	-0.0005
10.850	-0.0004	0.0001	-0.0005
10.875	-0.0004	0.0001	-0.0005
10.900	-0.0004	0.0001	-0.0005
10.925	-0.0004	0.0001	-0.0005
10.950	-0.0004	0.0001	-0.0005
10.975	-0.0004	0.0001	-0.0005
11.000	-0.0004	0.0001	-0.0005
11.025	-0.0004	0.0001	-0.0005
11.050	-0.0004	0.0001	-0.0005
11.075	-0.0004	0.0001	-0.0005
11.100	-0.0004	0.0001	-0.0005
11.125	-0.0004	0.0001	-0.0005
11.150	-0.0003	0.0001	-0.0005
11.175	-0.0003	0.0001	-0.0005
11.200	-0.0003	0.0001	-0.0004
11.225	-0.0003	0.0001	-0.0004
11.250	-0.0003	0.0001	-0.0004
11.275	-0.0003	0.0001	-0.0004
11.300	-0.0003	0.0001	-0.0004
11.325	-0.0003	0.0001	-0.0004
11.350	-0.0003	0.0001	-0.0004
11.375	-0.0003	0.0001	-0.0004
11.400	-0.0003	0.0001	-0.0004
11.425	-0.0003	0.0001	-0.0004
11.450	-0.0003	0.0001	-0.0004
11.475	-0.0003	0.0001	-0.0004
11.500	-0.0003	0.0001	-0.0004
11.525	-0.0003	0.0001	-0.0004
11.550	-0.0003	0.0001	-0.0004
11.575	-0.0003	0.0001	-0.0004
11.600	-0.0003	0.0001	-0.0004
11.625	-0.0003	0.0001	-0.0004
11.650	-0.0003	0.0002	-0.0004
11.675	-0.0003	0.0002	-0.0004
11.700	-0.0003	0.0002	-0.0004
11.725	-0.0003	0.0002	-0.0004
11.750	-0.0003	0.0002	-0.0004
11.775	-0.0003	0.0002	-0.0004
11.800	-0.0003	0.0002	-0.0004
11.825	-0.0003	0.0002	-0.0004
11.850	-0.0003	0.0002	-0.0004
11.875	-0.0003	0.0002	-0.0004
11.900	-0.0003	0.0002	-0.0004
11.925	-0.0003	0.0002	-0.0004
11.950	-0.0003	0.0002	-0.0004
11.975	-0.0002	0.0002	-0.0004
12.000	-0.0002	0.0002	-0.0004
12.025	-0.0002	0.0002	-0.0004
12.050	-0.0002	0.0002	-0.0004
12.075	-0.0002	0.0002	-0.0004
12.100	-0.0002	0.0002	-0.0004
12.125	-0.0002	0.0002	-0.0004
12.150	-0.0002	0.0002	-0.0004
12.175	-0.0002	0.0002	-0.0004
12.200	-0.0002	0.0002	-0.0004
12.225	-0.0002	0.0002	-0.0004
12.250	-0.0002	0.0002	-0.0004
12.275	-0.0002	0.0002	-0.0004
12.300	-0.0002	0.0002	-0.0004
12.325	-0.0002	0.0002	-0.0004
12.350	-0.0002	0.0002	-0.0004
12.375	-0.0002	0.0002	-0.0004
12.400	-0.0002	0.0002	-0.0004
12.425	-0.0002	0.0002	-0.0004
12.450	-0.0002	0.0002	-0.0004
12.475	-0.0002	0.0002	-0.0004
12.500	-0.0002	0.0002	-0.0004
12.525	-0.0002	0.0003	-0.0004
12.550	-0.0002	0.0003	-0.0004
12.575	-0.0002	0.0003	-0.0004
12.600	-0.0001	0.0003	-0.0004
12.625	-0.0001	0.0003	-0.0004
12.650	-0.0001	0.0003	-0.0004
12.675	-0.0001	0.0003	-0.0004
12.700	-0.0001	0.0003	-0.0004
12.725	-0.0001	0.0003	-0.0004
12.750	-0.0001	0.0003	-0.0004
12.775	-0.0001	0.0003	-0.0004
12.800	-0.0001	0.0003	-0.0004
12.825	-0.0001	0.0003	-0.0004
12.850	-0.0001	0.0003	-0.0004
12.875	-0.0001	0.0003	-0.0004
12.900	-0.0001	0.0003	-0.0004
12.925	-0.0001	0.0003	-0.0004
12.950	-0.0001	0.0003	-0.0004
12.975	-0.0001	0.0004	-0.0004
13.000	-0.0000	0.0004	-0.0004
13.025	-0.0000	0.0004	-0.0004
13.050	-0.0000	0.0004	-0.0004
13.075	-0.0000	0.0004	-0.0004
13.100	0.0000	0.0004	-0.0004
13.125	0.0000	0.0004	-0.0004
13.150	0.0000	0.0004	-0.0004
13.175	0.0000	0.0004	-0.0003
13.200	0.0001	0.0004	-0.0003
13.225	0.0001	0.0004	-0.0003
13.250	0.0001	0.0004	-0.0003
13.275	0.0001	0.0004	-0.0003
13.300	0.0001	0.0004	-0.0003
13.325	0.0001	0.0004	-0.0003
13.350	0.0002	0.0004	-0.0003
13.375	0.0002	0.0004	-0.0002
13.400	0.0002	0.0004	-0.0002
13.425	0.0002	0.0005	-0.0002
13.450	0.0003	0.0005	-0.0002
13.475	0.0003	0.0005	-0.0002
13.500	0.0003	0.0005	-0.0002
13.525	0.0003	0.0005	-0.0002
13.550	0.0004	0.0005	-0.0002
13.575	0.0004	0.0005	-0.0001
13.600	0.0004	0.0005	-0.0001
13.625	0.0004	0.0006	-0.0001
13.650	0.0005	0.0006	-0.0001
13.675	0.0005	0.0006	-0.0001
13.700	0.0005	0.0006	-0.0000
13.725	0.0005	0.0006	-0.0000
13.750	0.0006	0.0006	0.0000
13.775	0.0006	0.0006	0.0000
13.800	0.0006	0.0006	0.0001
13.825	0.0006	0.0006	0.0001
13.850	0.0007	0.0006	0.0001
13.875	0.0007	0.0006	0.0001
13.900	0.0007	0.0006	0.0002
13.925	0.0007	0.0006	0.0002
13.950	0.0008	0.0005	0.0002
13.975	0.0008	0.0005	0.0002
14.000	0.0008	0.0005	0.0003
14.025	0.0008	0.0005	0.0003
14.050	0.0009	0.0005	0.0003
14.075	0.0009	0.0005	0.0004
14.100	0.0009	0.0005	0.0004
14.125	0.0009	0.0005	0.0004
14.150	0.0010	0.0005	0.0004
14.175	0.0010	0.0005	0.0005
14.200	0.0010	0.0005	0.0005
14.225	0.0010	0.0005	0.0005
14.250	0.0011	0.0005	0.0006
14.275	0.0011	0.0005	0.0006
14.300	0.0011	0.0005	0.0006
14.325	0.0012	0.0005	0.0006
14.350	0.0012	0.0005	0.0007
14.375	0.0012	0.0005	0.0007
14.400	0.0012	0.0005	0.0007
14.425	0.0013	0.0005	0.0007
14.450	0.0013	0.0005	0.0008
14.475	0.0013	0.0005	0.0008
14.500	0.0013	0.0005	0.0008
14.525	0.0014	0.0005	0.0008
14.550	0.0014	0.0005	0.0008
14.575	0.0014	0.0005	0.0009
14.600	0.0014	0.0005	0.0009
14.625	0.0014	0.0005	0.0009
14.650	0.0015	0.0005	0.0009
14.675	0.0015	0.0005	0.0010
14.700	0.0015	0.0005	0.0010
14.725	0.0015	0.0005	0.0010
14.750	0.0016	0.0005	0.0010
14.775	0.0016	0.0005	0.0011
14.800	0.0016	0.0005	0.0011
14.825	0.0016	0.0005	0.0011
14.850	0.0017	0.0005	0.0011
14.875	0.0017	0.0005	0.0012
14.900	0.0017	0.0006	0.0012
14.925	0.0018	0.0006	0.0012
14.950	0.0018	0.0006	0.0012
14.975	0.0018	0.0006	0.0013
15.000	0.0019	0.0006	0.0013
15.025	0.0019	0.0006	0.0013
15.050	0.0019	0.0006	0.0013
15.075	0.0020	0.0006	0.0014
15.100	0.0020	0.0006	0.0014
15.125	0.0020	0.0006	0.0014
15.150	0.0021	0.0006	0.0014
15.175	0.0021	0.0006	0.0015
15.200	0.0021	0.0007	0.0015
15.225	0.0022	0.0007	0.0015
15.250	0.0022	0.0007	0.0015
15.275	0.0022	0.0007	0.0016
15.300	0.0023	0.0007	0.0016
15.325	0.0023	0.0007	0.0016
15.350	0.0024	0.0007	0.0016
15.375	0.0024	0.0007	0.0017
15.400	0.0024	0.0008	0.0017
15.425	0.0025	0.0008	0.0017
15.450	0.0025	0.0008	0.0017
15.475	0.0026	0.0008	0.0018
15.500	0.0026	0.0008	0.0018
15.525	0.0026	0.0008	0.0018
15.550	0.0027	0.0008	0.0018
15.575	0.0027	0.0009	0.0018
15.600	0.0027	0.0009	0.0019
15.625	0.0028	0.0009	0.0019
15.650	0.0028	0.0009	0.0019
15.675	0.0029	0.0009	0.0019
15.700	0.0029	0.0009	0.0020
15.725	0.0029	0.0010	0.0020
15.750	0.0030	0.0010	0.0020
15.775	0.0030	0.0010	0.0020
15.800	0.0031	0.0010	0.0020
15.825	0.0031	0.0010	0.0021
15.850	0.0031	0.0010	0.0021
15.875	0.0032	0.0011	0.0021
15.900	0.0032	0.0011	0.0021
15.925	0.0032	0.0011	0.0022
15.950	0.0033	0.0011	0.0022
15.975	0.0033	0.0011	0.0022
16.000	0.0034	0.0011	0.0022
16.025	0.0034	0.0012	0.0022
16.050	0.0034	0.0012	0.0023
16.075	0.0035	0.0012	0.0023
16.100	0.0035	0.0012	0.0023
16.125	0.0036	0.0012	0.0023
16.150	0.0036	0.0013	0.0024
16.175	0.0037	0.0013	0.0024
16.200	0.0037	0.0013	0.0024
16.225	0.0038	0.0013	0.0025
16.250	0.0038	0.0013	0.0025
16.275	0.0039	0.0014	0.0025
16.300	0.0040	0.0014	0.0026
16.325	0.0041	0.0014	0.0027
16.350	0.0043	0.0014	0.0028
16.375	0.0046	0.0015	0.0032
16.400	0.0053	0.0015	0.0038
16.425	0.0059	0.0015	0.0043
16.450	0.0058	0.0015	0.0042
16.475	0.0055	0.0016	0.0040
16.500	0.0054	0.0016	0.0038
16.525	0.0054	0.0016	0.0038
16.550	0.0054	0.0016	0.0038
16.575	0.0055	0.0017	0.0038
16.600	0.0056	0.0017	0.0039
16.625	0.0057	0.0017	0.0039
16.650	0.0058	0.0018	0.0040
16.675	0.0059	0.0018	0.0041
16.700	0.0060	0.0018	0.0042
16.725	0.0061	0.0019	0.0042
16.750	0.0062	0.0019	0.0043
16.775	0.0062	0.0019	0.0043
16.800	0.0063	0.0019	0.0044
16.825	0.0064	0.0020	0.0044
16.850	0.0064	0.0020	0.0044
16.875	0.0065	0.0020	0.0045
16.900	0.0066	0.0021	0.0045
16.925	0.0066	0.0021	0.0045
16.950	0.0067	0.0021	0.0046
16.975	0.0068	0.0021	0.0047
17.000	0.0070	0.0022	0.0048
17.025	0.0073	0.0022	0.0051
17.050	0.0079	0.0022	0.0056
17.075	0.0082	0.0023	0.0060
17.100	0.0081	0.0023	0.0058
17.125	0.0078	0.0023	0.0055
17.150	0.0077	0.0024	0.0053
17.175	0.0076	0.0024	0.0052
17.200	0.0076	0.0024	0.0051
17.225	0.0076	0.0025	0.0051
17.250	0.0076	0.0025	0.0051
17.275	0.0076	0.0026	0.0051
17.300	0.0076	0.0026	0.0050
17.325	0.0077	0.0026	0.0050
17.350	0.0077	0.0027	0.0050
17.375	0.0077	0.0027	0.0050
17.400	0.0077	0.0028	0.0050
17.425	0.0077	0.0028	0.0049
17.450	0.0077	0.0028	0.0049
17.475	0.0077	0.0029	0.0049
17.500	0.0077	0.0029	0.0048
17.525	0.0077	0.0029	0.0048
17.550	0.0077	0.0030	0.0047
17.575	0.0077	0.0030	0.0047
17.600	0.0076	0.0030	0.0046
17.625	0.0076	0.0030	0.0046
17.650	0.0076	0.0031	0.0045
17.675	0.0076	0.0031	0.0044
17.700	0.0075	0.0032	0.0044
17.725	0.0075	0.0032	0.0043
17.750	0.0075	0.0032	0.0042
17.775	0.0075	0.0033	0.0042
17.800	0.0075	0.0033	0.0041
17.825	0.0074	0.0034	0.0041
17.850	0.0074	0.0034	0.0040
17.875	0.0074	0.0035	0.0039
17.900	0.0074	0.0035	0.0039
17.925	0.0074	0.0035	0.0038
17.950	0.0074	0.0036	0.0038
17.975	0.0074	0.0036	0.0037
18.000	0.0073	0.0036	0.0037
18.025	0.0073	0.0037	0.0037
18.050	0.0073	0.0037	0.0036
18.075	0.0073	0.0037	0.0036
18.100	0.0073	0.0037	0.0035
18.125	0.0073	0.0038	0.0035
18.150	0.0073	0.0038	0.0035
18.175	0.0073	0.0038	0.0035
18.200	0.0073	0.0038	0.0034
18.225	0.0073	0.0039	0.0034
18.250	0.0073	0.0039	0.0034
18.275	0.0073	0.0039	0.0034
18.300	0.0073	0.0039	0.0034
18.325	0.0073	0.0039	0.0034
18.350	0.0074	0.0040	0.0034
18.375	0.0074	0.0040	0.0034
18.400	0.0074	0.0040	0.0034
18.425	0.0075	0.0040	0.0034
18.450	0.0075	0.0040	0.0035
18.475	0.0076	0.0041	0.0035
18.500	0.0076	0.0041	0.0035
18.525	0.0077	0.0041	0.0036
18.550	0.0078	0.0042	0.0036
18.575	0.0079	0.0042	0.0037
18.600	0.0080	0.0042	0.0037
18.625	0.0081	0.0043	0.0038
18.650	0.0082	0.0043	0.0039
18.675	0.0084	0.0043	0.0041
18.700	0.0088	0.0044	0.0044
18.725	0.0094	0.0044	0.0050
18.750	0.0102	0.0044	0.0058
18.775	0.0102	0.0045	0.0057
18.800	0.0100	0.0045	0.0055
18.825	0.0099	0.0046	0.0054
18.850	0.0099	0.0046	0.0053
18.875	0.0100	0.0046	0.0054
18.900	0.0101	0.0046	0.0055
18.925	0.0103	0.0047	0.0056
18.950	0.0104	0.0047	0.0057
18.975	0.0106	0.0047	0.0058
19.000	0.0107	0.0048	0.0059
19.025	0.0108	0.0048	0.0060
19.050	0.0110	0.0048	0.0062
19.075	0.0111	0.0049	0.0063
19.100	0.0112	0.0049	0.0063
19.125	0.0114	0.0049	0.0064
19.150	0.0115	0.0050	0.0065
19.175	0.0116	0.0050	0.0066
19.200	0.0117	0.0050	0.0067
19.225	0.0118	0.0051	0.0067
19.250	0.0119	0.0051	0.0068
19.275	0.0120	0.0051	0.0069
19.300	0.0121	0.0052	0.0069
19.325	0.0122	0.0052	0.0070
19.350	0.0123	0.0053	0.0070
19.375	0.0124	0.0053	0.0071
19.400	0.0125	0.0054	0.0072
19.425	0.0126	0.0054	0.0072
19.450	0.0127	0.0055	0.0073
19.475	0.0128	0.0055	0.0073
19.500	0.0129	0.0055	0.0074
19.525	0.0130	0.0056	0.0074
19.550	0.0131	0.0056	0.0075
19.575	0.0132	0.0056	0.0076
19.600	0.0133	0.0057	0.0076
19.625	0.0134	0.0057	0.0077
19.650	0.0135	0.0057	0.0078
19.675	0.0136	0.0058	0.0079
19.700	0.0138	0.0058	0.0080
19.725	0.0139	0.0058	0.0081
19.750	0.0140	0.0058	0.0082
19.775	0.0142	0.0059	0.0083
19.800	0.0143	0.0059	0.0084
19.825	0.0144	0.0059	0.0085
19.850	0.0146	0.0059	0.0087
19.875	0.0148	0.0060	0.0088
19.900	0.0149	0.0060	0.0089
19.925	0.0151	0.0060	0.0091
19.950	0.0153	0.0060	0.0092
19.975	0.0155	0.0061	0.0094
20.000	0.0157	0.0061	0.0096
20.025	0.0160	0.0061	0.0098
20.050	0.0162	0.0062	0.0101
20.075	0.0167	0.0062	0.0105
20.100	0.0173	0.0062	0.0111
20.125	0.0183	0.0063	0.0120
20.150	0.0187	0.0063	0.0124
20.175	0.0186	0.0063	0.0122
20.200	0.0186	0.0064	0.0122
20.225	0.0187	0.0064	0.0123
20.250	0.0189	0.0064	0.0125
20.275	0.0191	0.0064	0.0127
20.300	0.0194	0.0064	0.0130
20.325	0.0197	0.0064	0.0132
20.350	0.0199	0.0065	0.0135
20.375	0.0202	0.0065	0.0138
20.400	0.0205	0.0065	0.0140
20.425	0.0208	0.0065	0.0143
20.450	0.0211	0.0065	0.0146
20.475	0.0214	0.0065	0.0149
20.500	0.0217	0.0065	0.0152
20.525	0.0221	0.0065	0.0156
20.550	0.0225	0.0065	0.0161
20.575	0.0233	0.0065	0.0168
20.600	0.0242	0.0065	0.0177
20.625	0.0244	0.0065	0.0180
20.650	0.0245	0.0065	0.0180
20.675	0.0248	0.0065	0.0183
20.700	0.0255	0.0065	0.0190
20.725	0.0263	0.0065	0.0198
20.750	0.0263	0.0065	0.0199
20.775	0.0262	0.0065	0.0198
20.800	0.0263	0.0065	0.0198
20.825	0.0264	0.0065	0.0199
20.850	0.0266	0.0065	0.0201
20.875	0.0269	0.0065	0.0204
20.900	0.0271	0.0065	0.0206
20.925	0.0273	0.0065	0.0209
20.950	0.0276	0.0065	0.0211
20.975	0.0278	0.0065	0.0213
21.000	0.0280	0.0065	0.0215
21.025	0.0282	0.0065	0.0217
21.050	0.0284	0.0065	0.0219
21.075	0.0286	0.0065	0.0221
21.100	0.0288	0.0065	0.0223
21.125	0.0289	0.0065	0.0224
21.150	0.0291	0.0065	0.0226
21.175	0.0293	0.0065	0.0228
21.200	0.0295	0.0065	0.0230
21.225	0.0298	0.0065	0.0233
21.250	0.0304	0.0065	0.0240
21.275	0.0313	0.0065	0.0248
21.300	0.0314	0.0065	0.0249
21.325	0.0311	0.0065	0.0247
21.350	0.0310	0.0065	0.0245
21.375	0.0310	0.0065	0.0245
21.400	0.0310	0.0065	0.0246
21.425	0.0311	0.0065	0.0247
21.450	0.0312	0.0065	0.0248
21.475	0.0314	0.0064	0.0249
21.500	0.0315	0.0064	0.0251
21.525	0.0316	0.0064	0.0252
21.550	0.0318	0.0064	0.0254
21.575	0.0320	0.0064	0.0255
21.600	0.0321	0.0064	0.0257
21.625	0.0324	0.0064	0.0260
21.650	0.0327	0.0064	0.0263
21.675	0.0335	0.0064	0.0270
21.700	0.0343	0.0064	0.0279
21.725	0.0344	0.0064	0.0280
21.750	0.0343	0.0064	0.0279
21.775	0.0345	0.0064	0.0281
21.800	0.0351	0.0064	0.0287
21.825	0.0358	0.0064	0.0294
21.850	0.0358	0.0064	0.0294
21.875	0.0357	0.0064	0.0293
21.900	0.0357	0.0064	0.0293
21.925	0.0358	0.0064	0.0294
21.950	0.0360	0.0064	0.0296
21.975	0.0363	0.0064	0.0299
22.000	0.0366	0.0064	0.0303
22.025	0.0372	0.0064	0.0308
22.050	0.0380	0.0064	0.0317
22.075	0.0387	0.0064	0.0324
22.100	0.0388	0.0064	0.0325
22.125	0.0391	0.0063	0.0328
22.150	0.0398	0.0063	0.0335
22.175	0.0402	0.0063	0.0339
22.200	0.0401	0.0063	0.0337
22.225	0.0400	0.0064	0.0336
22.250	0.0400	0.0064	0.0336
22.275	0.0401	0.0064	0.0338
22.300	0.0404	0.0064	0.0340
22.325	0.0408	0.0064	0.0344
22.350	0.0415	0.0064	0.0351
22.375	0.0421	0.0064	0.0358
22.400	0.0420	0.0064	0.0357
22.425	0.0418	0.0064	0.0354
22.450	0.0417	0.0064	0.0353
22.475	0.0416	0.0064	0.0352
22.500	0.0416	0.0064	0.0352
22.525	0.0417	0.0064	0.0353
22.550	0.0420	0.0064	0.0356
22.575	0.0424	0.0064	0.0360
22.600	0.0426	0.0064	0.0362
22.625	0.0423	0.0064	0.0358
22.650	0.0418	0.0064	0.0354
22.675	0.0415	0.0064	0.0350
22.700	0.0411	0.0065	0.0347
22.725	0.0408	0.0065	0.0343
22.750	0.0405	0.0065	0.0340
22.775	0.0402	0.0065	0.0337
22.800	0.0399	0.0065	0.0334
22.825	0.0395	0.0065	0.0331
22.850	0.0392	0.0065	0.0327
22.875	0.0388	0.0065	0.0323
22.900	0.0384	0.0065	0.0319
22.925	0.0380	0.0065	0.0315
22.950	0.0375	0.0065	0.0310
22.975	0.0370	0.0065	0.0305
23.000	0.0365	0.0065	0.0300
23.025	0.0360	0.0065	0.0295
23.050	0.0355	0.0065	0.0290
23.075	0.0350	0.0065	0.0284
23.100	0.0345	0.0066	0.0279
23.125	0.0339	0.0066	0.0274
23.150	0.0334	0.0066	0.0268
23.175	0.0328	0.0066	0.0263
23.200	0.0323	0.0066	0.0257
23.225	0.0317	0.0066	0.0251
23.250	0.0312	0.0066	0.0246
23.275	0.0306	0.0066	0.0240
23.300	0.0301	0.0066	0.0235
23.325	0.0296	0.0066	0.0230
23.350	0.0290	0.0066	0.0224
23.375	0.0285	0.0066	0.0219
23.400	0.0280	0.0066	0.0214
23.425	0.0275	0.0066	0.0209
23.450	0.0270	0.0066	0.0204
23.475	0.0265	0.0066	0.0199
23.500	0.0260	0.0066	0.0194
23.525	0.0255	0.0066	0.0189
23.550	0.0251	0.0066	0.0184
23.575	0.0246	0.0067	0.0180
23.600	0.0242	0.0067	0.0175
23.625	0.0237	0.0067	0.0171
23.650	0.0233	0.0067	0.0166
23.675	0.0229	0.0067	0.0162
23.700	0.0225	0.0067	0.0158
23.725	0.0221	0.0067	0.0154
23.750	0.0218	0.0067	0.0151
23.775	0.0214	0.0067	0.0147
23.800	0.0210	0.0067	0.0143
23.825	0.0207	0.0067	0.0140
23.850	0.0204	0.0067	0.0136
23.875	0.0200	0.0067	0.0133
23.900	0.0197	0.0067	0.0130
23.925	0.0194	0.0067	0.0127
23.950	0.0191	0.0067	0.0124
23.975	0.0188	0.0067	0.0121
24.000	0.0186	0.0067	0.0118
24.025	0.0183	0.0067	0.0116
24.050	0.0180	0.0067	0.0113
24.075	0.0178	0.0067	0.0111
24.100	0.0176	0.0067	0.0108
24.125	0.0173	0.0067	0.0106
24.150	0.0171	0.0067	0.0104
24.175	0.0169	0.0067	0.0102
24.200	0.0167	0.0068	0.0100
24.225	0.0165	0.0068	0.0098
24.250	0.0164	0.0068	0.0096
24.275	0.0162	0.0068	0.0094
24.300	0.0160	0.0068	0.0093
24.325	0.0159	0.0068	0.0091
24.350	0.0157	0.0068	0.0090
24.375	0.0156	0.0068	0.0088
24.400	0.0155	0.0068	0.0087
24.425	0.0153	0.0068	0.0086
24.450	0.0152	0.0068	0.0085
24.475	0.0151	0.0068	0.0083
24.500	0.0150	0.0068	0.0082
24.525	0.0149	0.0068	0.0081
24.550	0.0148	0.0068	0.0081
24.575	0.0147	0.0068	0.0080
24.600	0.0147	0.0068	0.0079
24.625	0.0146	0.0068	0.0078
24.650	0.0145	0.0068	0.0078
24.675	0.0145	0.0068	0.0077
24.700	0.0144	0.0068	0.0077
24.725	0.0144	0.0068	0.0076
24.750	0.0144	0.0068	0.0076
24.775	0.0143	0.0068	0.0076
24.800	0.0143	0.0068	0.0075
24.825	0.0143	0.0068	0.0075
24.850	0.0143	0.0068	0.0075
24.875	0.0142	0.0068	0.0075
24.900	0.0142	0.0068	0.0075
24.925	0.0142	0.0068	0.0074
24.950	0.0142	0.0068	0.0074
24.975	0.0142	0.0068	0.0074
25.000	0.0142	0.0068	0.0074
25.025	0.0142	0.0068	0.0074
25.050	0.0142	0.0068	0.0074
25.075	0.0142	0.0068	0.0074
25.100	0.0142	0.0068	0.0075
25.125	0.0143	0.0068	0.0075
25.150	0.0143	0.0068	0.0075
25.175	0.0143	0.0068	0.0075
25.200	0.0143	0.0068	0.0075
25.225	0.0143	0.0068	0.0075
25.250	0.0144	0.0068	0.0076
25.275	0.0144	0.0068	0.0076
25.300	0.0144	0.0068	0.0076
25.325	0.0145	0.0068	0.0076
25.350	0.0145	0.0068	0.0077
25.375	0.0145	0.0068	0.0077
25.400	0.0145	0.0068	0.0077
25.425	0.0146	0.0068	0.0078
25.450	0.0146	0.0068	0.0078
25.475	0.0146	0.0068	0.0078
25.500	0.0147	0.0068	0.0079
25.525	0.0147	0.0068	0.0079
25.550	0.0148	0.0068	0.0080
25.575	0.0148	0.0068	0.0080
25.600	0.0148	0.0068	0.0080
25.625	0.0149	0.0068	0.0081
25.650	0.0149	0.0068	0.0081
25.675	0.0149	0.0068	0.0082
25.700	0.0150	0.0068	0.0082
25.725	0.0150	0.0068	0.0082
25.750	0.0151	0.0068	0.0083
25.775	0.0151	0.0068	0.0083
25.800	0.0151	0.0068	0.0084
25.825	0.0152	0.0068	0.0084
25.850	0.0152	0.0068	0.0085
25.875	0.0153	0.0068	0.0085
25.900	0.0153	0.0067	0.0086
25.925	0.0154	0.0067	0.0086
25.950	0.0154	0.0067	0.0087
25.975	0.0155	0.0067	0.0087
26.000	0.0155	0.0067	0.0088
26.025	0.0155	0.0067	0.0088
26.050	0.0156	0.0067	0.0089
26.075	0.0156	0.0067	0.0089
26.100	0.0157	0.0067	0.0090
26.125	0.0157	0.0067	0.0090
26.150	0.0158	0.0067	0.0091
26.175	0.0158	0.0067	0.0091
26.200	0.0159	0.0067	0.0092
26.225	0.0159	0.0067	0.0093
26.250	0.0160	0.0067	0.0093
26.275	0.0160	0.0067	0.0094
26.300	0.0161	0.0067	0.0094
26.325	0.0161	0.0067	0.0095
26.350	0.0162	0.0067	0.0095
26.375	0.0162	0.0067	0.0096
26.400	0.0163	0.0067	0.0096
26.425	0.0163	0.0067	0.0097
26.450	0.0164	0.0066	0.0097
26.475	0.0164	0.0066	0.0098
26.500	0.0165	0.0066	0.0098
26.525	0.0165	0.0066	0.0099
26.550	0.0165	0.0066	0.0099
26.575	0.0166	0.0066	0.0100
26.600	0.0166	0.0066	0.0100
26.625	0.0167	0.0066	0.0101
26.650	0.0167	0.0066	0.0101
26.675	0.0168	0.0066	0.0102
26.700	0.0168	0.0066	0.0102
26.725	0.0168	0.0066	0.0102
26.750	0.0169	0.0066	0.0103
26.775	0.0169	0.0066	0.0103
26.800	0.0170	0.0066	0.0104
26.825	0.0170	0.0066	0.0104
26.850	0.0170	0.0066	0.0105
26.875	0.0171	0.0066	0.0105
26.900	0.0171	0.0066	0.0105
26.925	0.0171	0.0066	0.0106
26.950	0.0172	0.0066	0.0106
26.975	0.0172	0.0066	0.0107
27.000	0.0172	0.0065	0.0107
27.025	0.0173	0.0065	0.0107
27.050	0.0173	0.0065	0.0108
27.075	0.0174	0.0065	0.0108
27.100	0.0174	0.0065	0.0109
27.125	0.0174	0.0065	0.0109
27.150	0.0174	0.0065	0.0109
27.175	0.0175	0.0065	0.0110
27.200	0.0175	0.0065	0.0110
27.225	0.0175	0.0065	0.0110
27.250	0.0176	0.0065	0.0111
27.275	0.0176	0.0065	0.0111
27.300	0.0176	0.0065	0.0111
27.325	0.0176	0.0065	0.0112
27.350	0.0177	0.0065	0.0112
27.375	0.0177	0.0065	0.0112
27.400	0.0177	0.0065	0.0113
27.425	0.0177	0.0065	0.0113
27.450	0.0178	0.0065	0.0113
27.475	0.0178	0.0064	0.0113
27.500	0.0178	0.0064	0.0114
27.525	0.0178	0.0064	0.0114
27.550	0.0179	0.0064	0.0114
27.575	0.0179	0.0064	0.0114
27.600	0.0179	0.0064	0.0115
27.625	0.0179	0.0064	0.0115
27.650	0.0179	0.0064	0.0115
27.675	0.0179	0.0064	0.0115
27.700	0.0180	0.0064	0.0116
27.725	0.0180	0.0064	0.0116
27.750	0.0180	0.0064	0.0116
27.775	0.0180	0.0064	0.0116
27.800	0.0180	0.0064	0.0116
27.825	0.0180	0.0064	0.0116
27.850	0.0180	0.0064	0.0117
27.875	0.0180	0.0064	0.0117
27.900	0.0180	0.0064	0.0117
27.925	0.0181	0.0063	0.0117
27.950	0.0181	0.0063	0.0117
27.975	0.0181	0.0063	0.0117
28.000	0.0181	0.0063	0.0118
28.025	0.0181	0.0063	0.0118
28.050	0.0181	0.0063	0.0118
28.075	0.0181	0.0063	0.0118
28.100	0.0181	0.0063	0.0118
28.125	0.0181	0.0063	0.0118
28.150	0.0181	0.0063	0.0118
28.175	0.0181	0.0063	0.0118
28.200	0.0181	0.0063	0.0118
28.225	0.0181	0.0063	0.0119
28.250	0.0181	0.0063	0.0119
28.275	0.0182	0.0063	0.0119
28.300	0.0182	0.0063	0.0119
28.325	0.0182	0.0063	0.0119
28.350	0.0182	0.0063	0.0119
28.375	0.0182	0.0063	0.0119
28.400	0.0182	0.0063	0.0119
28.425	0.0182	0.0063	0.0119
28.450	0.0182	0.0062	0.0119
28.475	0.0182	0.0062	0.0119
28.500	0.0182	0.0062	0.0119
28.525	0.0182	0.0062	0.0120
28.550	0.0182	0.0062	0.0120
28.575	0.0182	0.0062	0.0120
28.600	0.0182	0.0062	0.0120
28.625	0.0182	0.0062	0.0120
28.650	0.0182	0.0062	0.0120
28.675	0.0182	0.0062	0.0120
28.700	0.0182	0.0062	0.0120
28.725	0.0182	0.0062	0.0120
28.750	0.0182	0.0062	0.0120
28.775	0.0182	0.0062	0.0120
28.800	0.0182	0.0062	0.0120
28.825	0.0182	0.0062	0.0120
28.850	0.0182	0.0062	0.0120
28.875	0.0182	0.0062	0.0120
28.900	0.0182	0.0062	0.0120
28.925	0.0182	0.0062	0.0120
28.950	0.0182	0.0062	0.0120
28.975	0.0182	0.0061	0.0120
29.000	0.0182	0.0061	0.0120
29.025	0.0182	0.0061	0.0120
29.050	0.0182	0.0061	0.0120
29.075	0.0181	0.0061	0.0120
29.100	0.0181	0.0061	0.0120
29.125	0.0181	0.0061	0.0120
29.150	0.0181	0.0061	0.0120
29.175	0.0181	0.0061	0.0120
29.200	0.0181	0.0061	0.0120
29.225	0.0181	0.0061	0.0120
29.250	0.0181	0.0061	0.0120
29.275	0.0181	0.0061	0.0120
29.300	0.0181	0.0061	0.0120
29.325	0.0181	0.0061	0.0120
29.350	0.0181	0.0061	0.0120
29.375	0.0180	0.0060	0.0120
29.400	0.0180	0.0060	0.0120
29.425	0.0180	0.0060	0.0120
29.450	0.0180	0.0060	0.0120
29.475	0.0180	0.0060	0.0120
29.500	0.0180	0.0060	0.0120
29.525	0.0180	0.0060	0.0120
29.550	0.0180	0.0060	0.0120
29.575	0.0179	0.0060	0.0120
29.600	0.0179	0.0060	0.0119
29.625	0.0179	0.0060	0.0119
29.650	0.0179	0.0060	0.0119
29.675	0.0179	0.0060	0.0119
29.700	0.0179	0.0060	0.0119
29.725	0.0179	0.0059	0.0119
29.750	0.0179	0.0059	0.0119
29.775	0.0178	0.0059	0.0119
29.800	0.0178	0.0059	0.0119
29.825	0.0178	0.0059	0.0119
29.850	0.0178	0.0059	0.0119
29.875	0.0178	0.0059	0.0119
29.900	0.0178	0.0059	0.0119
29.925	0.0178	0.0059	0.0119
29.950	0.0177	0.0059	0.0119
29.975	0.0177	0.0059	0.0119
30.000	0.0177	0.0059	0.0119
30.025	0.0177	0.0059	0.0118
30.050	0.0177	0.0059	0.0118
30.075	0.0177	0.0058	0.0118
30.100	0.0177	0.0058	0.0118
30.125	0.0177	0.0058	0.0118
30.150	0.0176	0.0058	0.0118
30.175	0.0176	0.0058	0.0118
30.200	0.0176	0.0058	0.0118
30.225	0.0176	0.0058	0.0118
30.250	0.0176	0.0058	0.0118
30.275	0.0176	0.0058	0.0118
30.300	0.0175	0.0058	0.0118
30.325	0.0175	0.0058	0.0117
30.350	0.0175	0.0058	0.0117
30.375	0.0175	0.0058	0.0117
30.400	0.0175	0.0058	0.0117
30.425	0.0175	0.0058	0.0117
30.450	0.0174	0.0057	0.0117
30.475	0.0174	0.0057	0.0117
30.500	0.0174	0.0057	0.0117
30.525	0.0174	0.0057	0.0117
30.550	0.0174	0.0057	0.0116
30.575	0.0173	0.0057	0.0116
30.600	0.0173	0.0057	0.0116
30.625	0.0173	0.0057	0.0116
30.650	0.0173	0.0057	0.0116
30.675	0.0173	0.0057	0.0116
30.700	0.0173	0.0057	0.0116
30.725	0.0172	0.0057	0.0116
30.750	0.0172	0.0057	0.0115
30.775	0.0172	0.0057	0.0115
30.800	0.0172	0.0057	0.0115
30.825	0.0171	0.0057	0.0115
30.850	0.0171	0.0056	0.0115
30.875	0.0171	0.0056	0.0115
30.900	0.0171	0.0056	0.0114
30.925	0.0171	0.0056	0.0114
30.950	0.0170	0.0056	0.0114
30.975	0.0170	0.0056	0.0114
31.000	0.0170	0.0056	0.0114
31.025	0.0170	0.0056	0.0114
31.050	0.0169	0.0056	0.0114
31.075	0.0169	0.0056	0.0113
31.100	0.0169	0.0056	0.0113
31.125	0.0169	0.0056	0.0113
31.150	0.0169	0.0056	0.0113
31.175	0.0168	0.0056	0.0113
31.200	0.0168	0.0056	0.0112
31.225	0.0168	0.0056	0.0112
31.250	0.0168	0.0056	0.0112
31.275	0.0167	0.0055	0.0112
31.300	0.0167	0.0055	0.0112
31.325	0.0167	0.0055	0.0112
31.350	0.0167	0.0055	0.0111
31.375	0.0166	0.0055	0.0111
31.400	0.0166	0.0055	0.0111
31.425	0.0166	0.0055	0.0111
31.450	0.0166	0.0055	0.0111
31.475	0.0165	0.0055	0.0110
31.500	0.0165	0.0055	0.0110
31.525	0.0165	0.0055	0.0110
31.550	0.0165	0.0055	0.0110
31.575	0.0164	0.0055	0.0110
31.600	0.0164	0.0055	0.0109
31.625	0.0164	0.0055	0.0109
31.650	0.0164	0.0055	0.0109
31.675	0.0163	0.0055	0.0109
31.700	0.0163	0.0055	0.0109
31.725	0.0163	0.0054	0.0108
31.750	0.0163	0.0054	0.0108
31.775	0.0162	0.0054	0.0108
31.800	0.0162	0.0054	0.0108
31.825	0.0162	0.0054	0.0107
31.850	0.0162	0.0054	0.0107
31.875	0.0161	0.0054	0.0107
31.900	0.0161	0.0054	0.0107
31.925	0.0161	0.0054	0.0107
31.950	0.0160	0.0054	0.0106
31.975	0.0160	0.0054	0.0106
32.000	0.0160	0.0054	0.0106
32.025	0.0160	0.0054	0.0106
32.050	0.0159	0.0054	0.0106
32.075	0.0159	0.0054	0.0105
32.100	0.0159	0.0054	0.0105
32.125	0.0159	0.0054	0.0105
32.150	0.0158	0.0054	0.0105
32.175	0.0158	0.0054	0.0104
32.200	0.0158	0.0054	0.0104
32.225	0.0158	0.0054	0.0104
32.250	0.0157	0.0053	0.0104
32.275	0.0157	0.0053	0.0104
32.300	0.0157	0.0053	0.0103
32.325	0.0156	0.0053	0.0103
32.350	0.0156	0.0053	0.0103
32.375	0.0156	0.0053	0.0103
32.400	0.0156	0.0053	0.0102
32.425	0.0155	0.0053	0.0102
32.450	0.0155	0.0053	0.0102
32.475	0.0155	0.0053	0.0102
32.500	0.0155	0.0053	0.0102
32.525	0.0154	0.0053	0.0101
32.550	0.0154	0.0053	0.0101
32.575	0.0154	0.0053	0.0101
32.600	0.0154	0.0053	0.0101
32.625	0.0153	0.0053	0.0101
32.650	0.0153	0.0053	0.0100
32.675	0.0153	0.0053	0.0100
32.700	0.0153	0.0053	0.0100
32.725	0.0152	0.0053	0.0100
32.750	0.0152	0.0053	0.0100
32.775	0.0152	0.0053	0.0099
32.800	0.0152	0.0053	0.0099
32.825	0.0151	0.0052	0.0099
32.850	0.0151	0.0052	0.0099
32.875	0.0151	0.0052	0.0099
32.900	0.0151	0.0052	0.0098
32.925	0.0150	0.0052	0.0098
32.950	0.0150	0.0052	0.0098
32.975	0.0150	0.0052	0.0098
33.000	0.0150	0.0052	0.0098
33.025	0.0150	0.0052	0.0097
33.050	0.0149	0.0052	0.0097
33.075	0.0149	0.0052	0.0097
33.100	0.0149	0.0052	0.0097
33.125	0.0149	0.0052	0.0097
33.150	0.0148	0.0052	0.0097
33.175	0.0148	0.0052	0.0096
33.200	0.0148	0.0052	0.0096
33.225	0.0148	0.0052	0.0096
33.250	0.0148	0.0052	0.0096
33.275	0.0147	0.0052	0.0096
33.300	0.0147	0.0052	0.0096
33.325	0.0147	0.0052	0.0095
33.350	0.0147	0.0052	0.0095
33.375	0.0147	0.0052	0.0095
33.400	0.0147	0.0052	0.0095
33.425	0.0146	0.0052	0.0095
33.450	0.0146	0.0052	0.0095
33.475	0.0146	0.0052	0.0095
33.500	0.0146	0.0051	0.0094
33.525	0.0146	0.0051	0.0094
33.550	0.0145	0.0051	0.0094
33.575	0.0145	0.0051	0.0094
33.600	0.0145	0.0051	0.0094
33.625	0.0145	0.0051	0.0094
33.650	0.0145	0.0051	0.0094
33.675	0.0145	0.0051	0.0093
33.700	0.0144	0.0051	0.0093
33.725	0.0144	0.0051	0.0093
33.750	0.0144	0.0051	0.0093
33.775	0.0144	0.0051	0.0093
33.800	0.0144	0.0051	0.0093
33.825	0.0144	0.0051	0.0092
33.850	0.0143	0.0051	0.0092
33.875	0.0143	0.0051	0.0092
33.900	0.0143	0.0051	0.0092
33.925	0.0143	0.0051	0.0092
33.950	0.0143	0.0051	0.0092
33.975	0.0142	0.0051	0.0092
34.000	0.0142	0.0051	0.0091
34.025	0.0142	0.0051	0.0091
34.050	0.0142	0.0051	0.0091
34.075	0.0142	0.0051	0.0091
34.100	0.0142	0.0051	0.0091
34.125	0.0141	0.0051	0.0091
34.150	0.0141	0.0051	0.0091
34.175	0.0141	0.0051	0.0090
34.200	0.0141	0.0051	0.0090
34.225	0.0141	0.0051	0.0090
34.250	0.0141	0.0051	0.0090
34.275	0.0140	0.0050	0.0090
34.300	0.0140	0.0050	0.0090
34.325	0.0140	0.0050	0.0090
34.350	0.0140	0.0050	0.0089
34.375	0.0140	0.0050	0.0089
34.400	0.0140	0.0050	0.0089
34.425	0.0139	0.0050	0.0089
34.450	0.0139	0.0050	0.0089
34.475	0.0139	0.0050	0.0089
34.500	0.0139	0.0050	0.0089
34.525	0.0139	0.0050	0.0088
34.550	0.0138	0.0050	0.0088
34.575	0.0138	0.0050	0.0088
34.600	0.0138	0.0050	0.0088
34.625	0.0138	0.0050	0.0088
34.650	0.0138	0.0050	0.0088
34.675	0.0138	0.0050	0.0088
34.700	0.0137	0.0050	0.0087
34.725	0.0137	0.0050	0.0087
34.750	0.0137	0.0050	0.0087
34.775	0.0137	0.0050	0.0087
34.800	0.0137	0.0050	0.0087
34.825	0.0137	0.0050	0.0087
34.850	0.0136	0.0050	0.0086
34.875	0.0136	0.0050	0.0086
34.900	0.0136	0.0050	0.0086
34.925	0.0136	0.0050	0.0086
34.950	0.0136	0.0050	0.0086
34.975	0.0136	0.0050	0.0086
35.000	0.0135	0.0050	0.0086
35.025	0.0135	0.0050	0.0085
35.050	0.0135	0.0050	0.0085
35.075	0.0135	0.0050	0.0085
35.100	0.0135	0.0050	0.0085
35.125	0.0135	0.0050	0.0085
35.150	0.0134	0.0050	0.0085
35.175	0.0134	0.0050	0.0085
35.200	0.0134	0.0050	0.0085
35.225	0.0134	0.0050	0.0084
35.250	0.0134	0.0049	0.0084
35.275	0.0134	0.0049	0.0084
35.300	0.0133	0.0049	0.0084
35.325	0.0133	0.0049	0.0084
35.350	0.0133	0.0049	0.0084
35.375	0.0133	0.0049	0.0084
35.400	0.0133	0.0049	0.0083
35.425	0.0133	0.0049	0.0083
35.450	0.0133	0.0049	0.0083
35.475	0.0132	0.0049	0.0083
35.500	0.0132	0.0049	0.0083
35.525	0.0132	0.0049	0.0083
35.550	0.0132	0.0049	0.0083
35.575	0.0132	0.0049	0.0083
35.600	0.0132	0.0049	0.0082
35.625	0.0132	0.0049	0.0082
35.650	0.0131	0.0049	0.0082
35.675	0.0131	0.0049	0.0082
35.700	0.0131	0.0049	0.0082
35.725	0.0131	0.0049	0.0082
35.750	0.0131	0.0049	0.0082
35.775	0.0131	0.0049	0.0082
35.800	0.0131	0.0049	0.0081
35.825	0.0130	0.0049	0.0081
35.850	0.0130	0.0049	0.0081
35.875	0.0130	0.0049	0.0081
35.900	0.0130	0.0049	0.0081
35.925	0.0130	0.0049	0.0081
35.950	0.0130	0.0049	0.0081
35.975	0.0130	0.0049	0.0081
36.000	0.0129	0.0049	0.0080
36.025	0.0129	0.0049	0.0080
36.050	0.0129	0.0049	0.0080
36.075	0.0129	0.0049	0.0080
36.100	0.0129	0.0049	0.0080
36.125	0.0129	0.0049	0.0080
36.150	0.0129	0.0049	0.0080
36.175	0.0129	0.0049	0.0080
36.200	0.0129	0.0049	0.0080
36.225	0.0129	0.0049	0.0079
36.250	0.0129	0.0049	0.0079
36.275	0.0129	0.0049	0.0079
36.300	0.0129	0.0049	0.0079
36.325	0.0129	0.0050	0.0079
36.350	0.0128	0.0050	0.0079
36.375	0.0128	0.0050	0.0079
36.400	0.0128	0.0050	0.0079
36.425	0.0128	0.0050	0.0079
36.450	0.0128	0.0050	0.0078
36.475	0.0128	0.0050	0.0078
36.500	0.0128	0.0050	0.0078
36.525	0.0128	0.0050	0.0078
36.550	0.0128	0.0050	0.0078
36.575	0.0128	0.0050	0.0078
36.600	0.0128	0.0050	0.0078
36.625	0.0127	0.0050	0.0078
36.650	0.0127	0.0050	0.0078
36.675	0.0127	0.0050	0.0077
36.700	0.0127	0.0050	0.0077
36.725	0.0127	0.0050	0.0077
36.750	0.0127	0.0050	0.0077
36.775	0.0127	0.0049	0.0077
36.800	0.0126	0.0049	0.0077
36.825	0.0126	0.0049	0.0077
36.850	0.0126	0.0049	0.0077
36.875	0.0126	0.0049	0.0077
36.900	0.0126	0.0049	0.0077
36.925	0.0126	0.0049	0.0076
36.950	0.0126	0.0049	0.0076
36.975	0.0125	0.0049	0.0076
37.000	0.0125	0.0049	0.0076
37.025	0.0125	0.0049	0.0076
37.050	0.0125	0.0049	0.0076
37.075	0.0125	0.0049	0.0076
37.100	0.0125	0.0049	0.0076
37.125	0.0125	0.0049	0.0076
37.150	0.0124	0.0049	0.0075
37.175	0.0124	0.0049	0.0075
37.200	0.0124	0.0049	0.0075
37.225	0.0124	0.0049	0.0075
37.250	0.0124	0.0049	0.0075
37.275	0.0124	0.0049	0.0075
37.300	0.0125	0.0050	0.0075
37.325	0.0125	0.0050	0.0075
37.350	0.0125	0.0050	0.0075
37.375	0.0125	0.0050	0.0075
37.400	0.0125	0.0051	0.0075
37.425	0.0125	0.0051	0.0075
37.450	0.0125	0.0051	0.0074
37.475	0.0125	0.0051	0.0074
37.500	0.0125	0.0051	0.0074
37.525	0.0125	0.0051	0.0074
37.550	0.0125	0.0051	0.0074
37.575	0.0125	0.0051	0.0074
37.600	0.0125	0.0051	0.0074
37.625	0.0125	0.0051	0.0074
37.650	0.0125	0.0051	0.0074
37.675	0.0125	0.0051	0.0074
37.700	0.0125	0.0051	0.0074
37.725	0.0125	0.0051	0.0074
37.750	0.0125	0.0051	0.0074
37.775	0.0125	0.0051	0.0074
37.800	0.0125	0.0051	0.0074
37.825	0.0125	0.0051	0.0074
37.850	0.0125	0.0051	0.0074
37.875	0.0125	0.0051	0.0074
37.900	0.0125	0.0051	0.0074
37.925	0.0125	0.0051	0.0074
37.950	0.0125	0.0051	0.0074
37.975	0.0125	0.0051	0.0074
38.000	0.0125	0.0051	0.0074
38.025	0.0125	0.0051	0.0074
38.050	0.0125	0.0051	0.0074
38.075	0.0126	0.0051	0.0075
38.100	0.0126	0.0051	0.0075
38.125	0.0126	0.0051	0.0075
38.150	0.0126	0.0051	0.0075
38.175	0.0126	0.0051	0.0075
38.200	0.0126	0.0051	0.0075
38.225	0.0126	0.0051	0.0075
38.250	0.0126	0.0051	0.0075
38.275	0.0126	0.0051	0.0075
38.300	0.0126	0.0051	0.0075
38.325	0.0126	0.0051	0.0075
38.350	0.0126	0.0050	0.0075
38.375	0.0126	0.0050	0.0075
38.400	0.0126	0.0050	0.0075
38.425	0.0125	0.0050	0.0075
38.450	0.0125	0.0050	0.0075
38.475	0.0125	0.0050	0.0076
38.500	0.0125	0.0050	0.0076
38.525	0.0125	0.0049	0.0076
38.550	0.0125	0.0049	0.0076
38.575	0.0125	0.0049	0.0076
38.600	0.0125	0.0049	0.0076
38.625	0.0125	0.0049	0.0077
38.650	0.0125	0.0048	0.0077
38.675	0.0125	0.0048	0.0077
38.700	0.0125	0.0048	0.0077
38.725	0.0126	0.0048	0.0077
38.750	0.0126	0.0048	0.0078
38.775	0.0126	0.0048	0.0078
38.800	0.0126	0.0048	0.0078
38.825	0.0127	0.0048	0.0079
38.850	0.0127	0.0048	0.0079
38.875	0.0127	0.0048	0.0079
38.900	0.0128	0.0048	0.0080
38.925	0.0128	0.0048	0.0080
38.950	0.0128	0.0048	0.0080
38.975	0.0129	0.0048	0.0081
39.000	0.0129	0.0048	0.0081
39.025	0.0129	0.0048	0.0082
39.050	0.0130	0.0048	0.0082
39.075	0.0130	0.0048	0.0082
39.100	0.0131	0.0048	0.0083
39.125	0.0131	0.0048	0.0083
39.150	0.0132	0.0048	0.0084
39.175	0.0132	0.0048	0.0084
39.200	0.0132	0.0048	0.0085
39.225	0.0133	0.0047	0.0085
39.250	0.0133	0.0047	0.0086
39.275	0.0134	0.0047	0.0087
39.300	0.0134	0.0047	0.0087
39.325	0.0135	0.0047	0.0088
39.350	0.0135	0.0047	0.0088
39.375	0.0136	0.0047	0.0089
39.400	0.0136	0.0047	0.0090
39.425	0.0137	0.0046	0.0090
39.450	0.0137	0.0046	0.0091
39.475	0.0138	0.0046	0.0091
39.500	0.0138	0.0046	0.0092
39.525	0.0139	0.0046	0.0093
39.550	0.0139	0.0046	0.0093
39.575	0.0140	0.0046	0.0094
39.600	0.0140	0.0046	0.0095
39.625	0.0141	0.0045	0.0096
39.650	0.0142	0.0045	0.0096
39.675	0.0142	0.0045	0.0097
39.700	0.0143	0.0045	0.0098
39.725	0.0144	0.0045	0.0099
39.750	0.0144	0.0045	0.0099
39.775	0.0145	0.0045	0.0100
39.800	0.0146	0.0045	0.0101
39.825	0.0146	0.0045	0.0102
39.850	0.0147	0.0045	0.0102
39.875	0.0148	0.0045	0.0103
39.900	0.0148	0.0045	0.0104
39.925	0.0149	0.0044	0.0105
39.950	0.0150	0.0044	0.0106
39.975	0.0151	0.0044	0.0106
40.000	0.0152	0.0044	0.0107
40.025	0.0152	0.0044	0.0108
40.050	0.0153	0.0045	0.0109
40.075	0.0154	0.0045	0.0110
40.100	0.0155	0.0045	0.0111
40.125	0.0156	0.0045	0.0111
40.150	0.0157	0.0045	0.0112
40.175	0.0158	0.0045	0.0113
40.200	0.0159	0.0045	0.0114
40.225	0.0160	0.0045	0.0115
40.250	0.0161	0.0045	0.0116
40.275	0.0162	0.0045	0.0117
40.300	0.0163	0.0045	0.0118
40.325	0.0164	0.0045	0.0119
40.350	0.0165	0.0046	0.0119
40.375	0.0166	0.0046	0.0120
40.400	0.0167	0.0046	0.0121
40.425	0.0168	0.0046	0.0122
40.450	0.0170	0.0046	0.0123
40.475	0.0171	0.0046	0.0124
40.500	0.0172	0.0047	0.0125
40.525	0.0173	0.0047	0.0126
40.550	0.0174	0.0047	0.0127
40.575	0.0175	0.0047	0.0128
40.600	0.0176	0.0047	0.0129
40.625	0.0178	0.0048	0.0130
40.650	0.0179	0.0048	0.0131
40.675	0.0180	0.0048	0.0132
40.700	0.0181	0.0048	0.0133
40.725	0.0183	0.0049	0.0134
40.750	0.0184	0.0049	0.0135
40.775	0.0185	0.0049	0.0136
40.800	0.0186	0.0049	0.0137
40.825	0.0188	0.0050	0.0138
40.850	0.0189	0.0050	0.0139
40.875	0.0190	0.0050	0.0140
40.900	0.0191	0.0051	0.0141
40.925	0.0193	0.0051	0.0142
40.950	0.0194	0.0051	0.0143
40.975	0.0195	0.0052	0.0144
41.000	0.0196	0.0052	0.0145
41.025	0.0197	0.0052	0.0145
41.050	0.0199	0.0052	0.0146
41.075	0.0200	0.0052	0.0147
41.100	0.0201	0.0053	0.0148
41.125	0.0202	0.0053	0.0149
41.150	0.0203	0.0053	0.0150
41.175	0.0204	0.0053	0.0151
41.200	0.0205	0.0053	0.0152
41.225	0.0206	0.0053	0.0152
41.250	0.0207	0.0053	0.0153
41.275	0.0207	0.0053	0.0154
41.300	0.0208	0.0053	0.0155
41.325	0.0209	0.0053	0.0156
41.350	0.0210	0.0053	0.0157
41.375	0.0211	0.0054	0.0158
41.400	0.0212	0.0054	0.0158
41.425	0.0213	0.0054	0.0159
41.450	0.0214	0.0054	0.0160
41.475	0.0214	0.0054	0.0161
41.500	0.0215	0.0054	0.0162
41.525	0.0216	0.0054	0.0162
41.550	0.0217	0.0054	0.0163
41.575	0.0218	0.0054	0.0164
41.600	0.0219	0.0054	0.0165
41.625	0.0220	0.0054	0.0166
41.650	0.0221	0.0054	0.0167
41.675	0.0222	0.0054	0.0167
41.700	0.0223	0.0055	0.0168
41.725	0.0224	0.0055	0.0169
41.750	0.0224	0.0055	0.0170
41.775	0.0225	0.0055	0.0171
41.800	0.0226	0.0055	0.0171
41.825	0.0227	0.0055	0.0172
41.850	0.0228	0.0055	0.0173
41.875	0.0228	0.0055	0.0174
41.900	0.0229	0.0055	0.0175
41.925	0.0230	0.0054	0.0175
41.950	0.0231	0.0054	0.0176
41.975	0.0231	0.0054	0.0177
42.000	0.0232	0.0054	0.0178
42.025	0.0233	0.0054	0.0179
42.050	0.0233	0.0054	0.0180
42.075	0.0234	0.0054	0.0181
42.100	0.0235	0.0053	0.0181
42.125	0.0236	0.0053	0.0182
42.150	0.0236	0.0053	0.0183
42.175	0.0237	0.0053	0.0184
42.200	0.0238	0.0053	0.0185
42.225	0.0238	0.0052	0.0186
42.250	0.0239	0.0052	0.0187
42.275	0.0240	0.0052	0.0188
42.300	0.0241	0.0052	0.0189
42.325	0.0242	0.0052	0.0190
42.350	0.0242	0.0051	0.0191
42.375	0.0243	0.0051	0.0192
42.400	0.0244	0.0051	0.0193
42.425	0.0245	0.0051	0.0194
42.450	0.0246	0.0051	0.0195
42.475	0.0247	0.0050	0.0196
42.500	0.0248	0.0050	0.0197
42.525	0.0248	0.0050	0.0198
42.550	0.0249	0.0050	0.0199
42.575	0.0250	0.0050	0.0201
42.600	0.0251	0.0049	0.0202
42.625	0.0252	0.0049	0.0203
42.650	0.0253	0.0049	0.0204
42.675	0.0254	0.0049	0.0205
42.700	0.0255	0.0048	0.0206
42.725	0.0256	0.0048	0.0207
42.750	0.0257	0.0048	0.0209
42.775	0.0258	0.0048	0.0210
42.800	0.0259	0.0047	0.0211
42.825	0.0260	0.0047	0.0212
42.850	0.0261	0.0047	0.0214
42.875	0.0262	0.0047	0.0215
42.900	0.0263	0.0047	0.0216
42.925	0.0264	0.0046	0.0217
42.950	0.0265	0.0046	0.0219
42.975	0.0266	0.0046	0.0220
43.000	0.0267	0.0046	0.0221
43.025	0.0268	0.0046	0.0223
43.050	0.0269	0.0045	0.0224
43.075	0.0270	0.0045	0.0225
43.100	0.0272	0.0045	0.0227
43.125	0.0273	0.0045	0.0228
43.150	0.0274	0.0045	0.0229
43.175	0.0275	0.0045	0.0231
43.200	0.0277	0.0044	0.0232
43.225	0.0278	0.0044	0.0234
43.250	0.0279	0.0044	0.0235
43.275	0.0280	0.0044	0.0237
43.300	0.0282	0.0044	0.0238
43.325	0.0283	0.0044	0.0240
43.350	0.0284	0.0043	0.0241
43.375	0.0286	0.0043	0.0243
43.400	0.0287	0.0043	0.0244
43.425	0.0289	0.0043	0.0246
43.450	0.0290	0.0043	0.0247
43.475	0.0292	0.0043	0.0249
43.500	0.0293	0.0043	0.0250
43.525	0.0294	0.0043	0.0252
43.550	0.0296	0.0042	0.0253
43.575	0.0297	0.0042	0.0255
43.600	0.0299	0.0042	0.0257
43.625	0.0300	0.0042	0.0258
43.650	0.0302	0.0042	0.0260
43.675	0.0303	0.0042	0.0262
43.700	0.0305	0.0042	0.0263
43.725	0.0306	0.0042	0.0265
43.750	0.0308	0.0042	0.0266
43.775	0.0310	0.0042	0.0268
43.800	0.0311	0.0041	0.0270
43.825	0.0313	0.0041	0.0271
43.850	0.0314	0.0041	0.0273
43.875	0.0316	0.0041	0.0275
43.900	0.0317	0.0041	0.0276
43.925	0.0319	0.0041	0.0278
43.950	0.0321	0.0041	0.0280
43.975	0.0322	0.0041	0.0281
44.000	0.0324	0.0041	0.0283
44.025	0.0325	0.0041	0.0285
44.050	0.0327	0.0041	0.0286
44.075	0.0329	0.0041	0.0288
44.100	0.0330	0.0041	0.0289
44.125	0.0332	0.0041	0.0291
44.150	0.0333	0.0041	0.0293
44.175	0.0335	0.0041	0.0294
44.200	0.0337	0.0041	0.0296
44.225	0.0338	0.0041	0.0298
44.250	0.0340	0.0040	0.0299
44.275	0.0341	0.0040	0.0301
44.300	0.0343	0.0040	0.0303
44.325	0.0345	0.0040	0.0304
44.350	0.0346	0.0040	0.0306
44.375	0.0348	0.0040	0.0307
44.400	0.0349	0.0040	0.0309
44.425	0.0351	0.0040	0.0311
44.450	0.0352	0.0040	0.0312
44.475	0.0354	0.0040	0.0314
44.500	0.0356	0.0040	0.0315
44.525	0.0357	0.0040	0.0317
44.550	0.0359	0.0040	0.0318
44.575	0.0360	0.0040	0.0320
44.600	0.0362	0.0040	0.0322
44.625	0.0363	0.0040	0.0323
44.650	0.0365	0.0040	0.0325
44.675	0.0366	0.0040	0.0326
44.700	0.0368	0.0040	0.0328
44.725	0.0369	0.0040	0.0329
44.750	0.0371	0.0040	0.0331
44.775	0.0372	0.0040	0.0332
44.800	0.0374	0.0040	0.0334
44.825	0.0375	0.0040	0.0335
44.850	0.0376	0.0040	0.0337
44.875	0.0378	0.0040	0.0338
44.900	0.0379	0.0040	0.0339
44.925	0.0381	0.0040	0.0341
44.950	0.0382	0.0040	0.0342
44.975	0.0383	0.0040	0.0344
45.000	0.0385	0.0040	0.0345
45.025	0.0386	0.0040	0.0347
45.050	0.0388	0.0040	0.0348
45.075	0.0389	0.0040	0.0349
45.100	0.0390	0.0040	0.0351
45.125	0.0392	0.0040	0.0352
45.150	0.0393	0.0040	0.0353
45.175	0.0394	0.0040	0.0355
45.200	0.0395	0.0040	0.0356
45.225	0.0397	0.0040	0.0357
45.250	0.0398	0.0040	0.0358
45.275	0.0399	0.0040	0.0360
45.300	0.0400	0.0039	0.0361
45.325	0.0402	0.0039	0.0362
45.350	0.0403	0.0039	0.0363
45.375	0.0404	0.0039	0.0365
45.400	0.0405	0.0039	0.0366
45.425	0.0406	0.0039	0.0367
45.450	0.0408	0.0039	0.0368
45.475	0.0409	0.0039	0.0369
45.500	0.0410	0.0039	0.0370
45.525	0.0411	0.0039	0.0372
45.550	0.0412	0.0039	0.0373
45.575	0.0413	0.0039	0.0374
45.600	0.0414	0.0039	0.0375
45.625	0.0415	0.0039	0.0376
45.650	0.0416	0.0039	0.0377
45.675	0.0417	0.0039	0.0378
45.700	0.0418	0.0039	0.0379
45.725	0.0419	0.0039	0.0380
45.750	0.0420	0.0039	0.0381
45.775	0.0421	0.0039	0.0382
45.800	0.0422	0.0039	0.0383
45.825	0.0423	0.0039	0.0384
45.850	0.0424	0.0039	0.0385
45.875	0.0425	0.0039	0.0386
45.900	0.0426	0.0039	0.0387
45.925	0.0427	0.0039	0.0388
45.950	0.0428	0.0039	0.0389
45.975	0.0429	0.0039	0.0390
46.000	0.0429	0.0039	0.0391
46.025	0.0430	0.0039	0.0392
46.050	0.0431	0.0039	0.0392
46.075	0.0432	0.0039	0.0393
46.100	0.0433	0.0039	0.0394
46.125	0.0434	0.0039	0.0395
46.150	0.0434	0.0039	0.0396
46.175	0.0435	0.0038	0.0397
46.200	0.0436	0.0038	0.0397
46.225	0.0437	0.0038	0.0398
46.250	0.0437	0.0038	0.0399
46.275	0.0438	0.0038	0.0400
46.300	0.0439	0.0038	0.0400
46.325	0.0439	0.0038	0.0401
46.350	0.0440	0.0038	0.0402
46.375	0.0441	0.0038	0.0403
46.400	0.0441	0.0038	0.0403
46.425	0.0442	0.0038	0.0404
46.450	0.0443	0.0038	0.0405
46.475	0.0443	0.0038	0.0405
46.500	0.0444	0.0038	0.0406
46.525	0.0445	0.0038	0.0407
46.550	0.0445	0.0038	0.0407
46.575	0.0446	0.0038	0.0408
46.600	0.0446	0.0038	0.0409
46.625	0.0447	0.0038	0.0409
46.650	0.0447	0.0038	0.0410
46.675	0.0448	0.0038	0.0410
46.700	0.0449	0.0038	0.0411
46.725	0.0449	0.0037	0.0412
46.750	0.0450	0.0037	0.0412
46.775	0.0450	0.0037	0.0413
46.800	0.0451	0.0037	0.0413
46.825	0.0451	0.0037	0.0414
46.850	0.0451	0.0037	0.0414
46.875	0.0452	0.0037	0.0415
46.900	0.0452	0.0037	0.0415
46.925	0.0453	0.0037	0.0416
46.950	0.0453	0.0037	0.0416
46.975	0.0454	0.0037	0.0417
47.000	0.0454	0.0037	0.0417
47.025	0.0455	0.0037	0.0418
47.050	0.0455	0.0037	0.0418
47.075	0.0455	0.0037	0.0419
47.100	0.0456	0.0037	0.0419
47.125	0.0456	0.0037	0.0419
47.150	0.0456	0.0037	0.0420
47.175	0.0457	0.0037	0.0420
47.200	0.0457	0.0036	0.0421
47.225	0.0457	0.0036	0.0421
47.250	0.0458	0.0036	0.0421
47.275	0.0458	0.0036	0.0422
47.300	0.0458	0.0036	0.0422
47.325	0.0459	0.0036	0.0422
47.350	0.0459	0.0036	0.0423
47.375	0.0459	0.0036	0.0423
47.400	0.0459	0.0036	0.0423
47.425	0.0460	0.0036	0.0424
47.450	0.0460	0.0036	0.0424
47.475	0.0460	0.0036	0.0424
47.500	0.0460	0.0036	0.0425
47.525	0.0461	0.0036	0.0425
47.550	0.0461	0.0036	0.0425
47.575	0.0461	0.0036	0.0425
47.600	0.0461	0.0036	0.0426
47.625	0.0461	0.0036	0.0426
47.650	0.0462	0.0035	0.0426
47.675	0.0462	0.0035	0.0426
47.700	0.0462	0.0035	0.0427
47.725	0.0462	0.0035	0.0427
47.750	0.0462	0.0035	0.0427
47.775	0.0462	0.0035	0.0427
47.800	0.0462	0.0035	0.0427
47.825	0.0463	0.0035	0.0428
47.850	0.0463	0.0035	0.0428
47.875	0.0463	0.0035	0.0428
47.900	0.0463	0.0035	0.0428
47.925	0.0463	0.0035	0.0428
47.950	0.0463	0.0035	0.0428
47.975	0.0463	0.0035	0.0428
48.000	0.0463	0.0035	0.0429
48.025	0.0463	0.0035	0.0429
48.050	0.0463	0.0035	0.0429
48.075	0.0463	0.0034	0.0429
48.100	0.0463	0.0034	0.0429
48.125	0.0464	0.0034	0.0429
48.150	0.0464	0.0034	0.0429
48.175	0.0464	0.0034	0.0429
48.200	0.0464	0.0034	0.0429
48.225	0.0464	0.0034	0.0429
48.250	0.0464	0.0034	0.0430
48.275	0.0464	0.0034	0.0430
48.300	0.0464	0.0034	0.0430
48.325	0.0464	0.0034	0.0430
48.350	0.0464	0.0034	0.0430
48.375	0.0464	0.0034	0.0430
48.400	0.0464	0.0034	0.0430
48.425	0.0464	0.0034	0.0430
48.450	0.0464	0.0034	0.0430
48.475	0.0464	0.0034	0.0430
48.500	0.0463	0.0034	0.0430
48.525	0.0463	0.0033	0.0430
48.550	0.0463	0.0033	0.0430
48.575	0.0463	0.0033	0.0430
48.600	0.0463	0.0033	0.0430
48.625	0.0463	0.0033	0.0430
48.650	0.0463	0.0033	0.0430
48.675	0.0463	0.0033	0.0430
48.700	0.0463	0.0033	0.0430
48.725	0.0463	0.0033	0.0430
48.750	0.0463	0.0033	0.0430
48.775	0.0463	0.0033	0.0430
48.800	0.0462	0.0033	0.0430
48.825	0.0462	0.0033	0.0430
48.850	0.0462	0.0033	0.0430
48.875	0.0462	0.0033	0.0429
48.900	0.0462	0.0033	0.0429
48.925	0.0462	0.0033	0.0429
48.950	0.0462	0.0033	0.0429
48.975	0.0462	0.0032	0.0429
49.000	0.0461	0.0032	0.0429
49.025	0.0461	0.0032	0.0429
49.050	0.0461	0.0032	0.0429
49.075	0.0461	0.0032	0.0429
49.100	0.0461	0.0032	0.0429
49.125	0.0461	0.0032	0.0429
49.150	0.0460	0.0032	0.0428
49.175	0.0460	0.0032	0.0428
49.200	0.0460	0.0032	0.0428
49.225	0.0460	0.0032	0.0428
49.250	0.0460	0.0032	0.0428
49.275	0.0460	0.0032	0.0428
49.300	0.0459	0.0032	0.0428
49.325	0.0459	0.0032	0.0427
49.350	0.0459	0.0032	0.0427
49.375	0.0459	0.0032	0.0427
49.400	0.0459	0.0032	0.0427
49.425	0.0458	0.0031	0.0427
49.450	0.0458	0.0031	0.0427
49.475	0.0458	0.0031	0.0427
49.500	0.0458	0.0031	0.0426
49.525	0.0457	0.0031	0.0426
49.550	0.0457	0.0031	0.0426
49.575	0.0457	0.0031	0.0426
49.600	0.0457	0.0031	0.0426
49.625	0.0456	0.0031	0.0425
49.650	0.0456	0.0031	0.0425
49.675	0.0456	0.0031	0.0425
49.700	0.0456	0.0031	0.0425
49.725	0.0455	0.0031	0.0425
49.750	0.0455	0.0031	0.0424
49.775	0.0455	0.0031	0.0424
49.800	0.0455	0.0031	0.0424
49.825	0.0454	0.0031	0.0424
49.850	0.0454	0.0031	0.0424
49.875	0.0454	0.0030	0.0423
49.900	0.0454	0.0030	0.0423
49.925	0.0453	0.0030	0.0423
49.950	0.0453	0.0030	0.0423
49.975	0.0453	0.0030	0.0422
50.000	0.0452	0.0030	0.0422
50.025	0.0452	0.0030	0.0422
50.050	0.0452	0.0030	0.0422
50.075	0.0451	0.0030	0.0421
50.100	0.0451	0.0030	0.0421
50.125	0.0451	0.0030	0.0421
50.150	0.0450	0.0030	0.0421
50.175	0.0450	0.0030	0.0420
50.200	0.0450	0.0030	0.0420
50.225	0.0449	0.0030	0.0419
50.250	0.0449	0.0030	0.0419
50.275	0.0448	0.0030	0.0419
50.300	0.0448	0.0030	0.0418
50.325	0.0447	0.0030	0.0418
50.350	0.0447	0.0029	0.0418
50.375	0.0447	0.0029	0.0417
50.400	0.0446	0.0029	0.0417
50.425	0.0446	0.0029	0.0416
50.450	0.0445	0.0029	0.0416
50.475	0.0445	0.0029	0.0415
50.500	0.0444	0.0029	0.0415
50.525	0.0444	0.0029	0.0415
50.550	0.0443	0.0029	0.0414
50.575	0.0443	0.0029	0.0414
50.600	0.0442	0.0029	0.0413
50.625	0.0442	0.0029	0.0413
50.650	0.0442	0.0029	0.0412
50.675	0.0441	0.0029	0.0412
50.700	0.0441	0.0030	0.0411
50.725	0.0440	0.0030	0.0411
50.750	0.0440	0.0030	0.0410
50.775	0.0439	0.0030	0.0410
50.800	0.0439	0.0030	0.0409
50.825	0.0439	0.0030	0.0409
50.850	0.0438	0.0030	0.0408
50.875	0.0438	0.0030	0.0407
50.900	0.0437	0.0030	0.0407
50.925	0.0437	0.0030	0.0406
50.950	0.0436	0.0030	0.0406
50.975	0.0436	0.0030	0.0405
51.000	0.0435	0.0031	0.0405
51.025	0.0435	0.0031	0.0404
51.050	0.0434	0.0031	0.0403
51.075	0.0434	0.0031	0.0403
51.100	0.0433	0.0031	0.0402
51.125	0.0433	0.0031	0.0402
51.150	0.0432	0.0031	0.0401
51.175	0.0432	0.0031	0.0401
51.200	0.0431	0.0031	0.0400
51.225	0.0431	0.0031	0.0400
51.250	0.0430	0.0031	0.0399
51.275	0.0430	0.0031	0.0399
51.300	0.0430	0.0031	0.0398
51.325	0.0429	0.0031	0.0398
51.350	0.0429	0.0031	0.0397
51.375	0.0428	0.0031	0.0397
51.400	0.0428	0.0031	0.0396
51.425	0.0427	0.0031	0.0396
51.450	0.0427	0.0031	0.0395
51.475	0.0426	0.0031	0.0395
51.500	0.0426	0.0031	0.0394
51.525	0.0425	0.0031	0.0394
51.550	0.0425	0.0031	0.0393
51.575	0.0424	0.0031	0.0393
51.600	0.0423	0.0031	0.0392
51.625	0.0423	0.0031	0.0392
51.650	0.0422	0.0031	0.0391
51.675	0.0422	0.0031	0.0391
51.700	0.0421	0.0031	0.0390
51.725	0.0421	0.0031	0.0390
51.750	0.0420	0.0031	0.0389
51.775	0.0420	0.0031	0.0389
51.800	0.0419	0.0031	0.0388
51.825	0.0418	0.0031	0.0388
51.850	0.0418	0.0031	0.0387
51.875	0.0417	0.0031	0.0386
51.900	0.0416	0.0030	0.0386
51.925	0.0416	0.0030	0.0385
51.950	0.0415	0.0030	0.0384
51.975	0.0414	0.0030	0.0384
52.000	0.0413	0.0030	0.0383
52.025	0.0412	0.0030	0.0382
52.050	0.0411	0.0030	0.0381
52.075	0.0410	0.0030	0.0380
52.100	0.0410	0.0030	0.0380
52.125	0.0409	0.0030	0.0379
52.150	0.0408	0.0030	0.0378
52.175	0.0407	0.0030	0.0377
52.200	0.0406	0.0030	0.0376
52.225	0.0405	0.0030	0.0375
52.250	0.0404	0.0030	0.0374
52.275	0.0403	0.0029	0.0373
52.300	0.0402	0.0029	0.0372
52.325	0.0400	0.0029	0.0371
52.350	0.0399	0.0029	0.0370
52.375	0.0398	0.0029	0.0369
52.400	0.0397	0.0029	0.0368
52.425	0.0396	0.0029	0.0367
52.450	0.0395	0.0029	0.0366
52.475	0.0394	0.0029	0.0365
52.500	0.0393	0.0029	0.0364
52.525	0.0392	0.0029	0.0364
52.550	0.0391	0.0029	0.0363
52.575	0.0391	0.0029	0.0362
52.600	0.0390	0.0029	0.0361
52.625	0.0389	0.0028	0.0360
52.650	0.0388	0.0028	0.0360
52.675	0.0387	0.0028	0.0359
52.700	0.0386	0.0028	0.0358
52.725	0.0386	0.0028	0.0358
52.750	0.0385	0.0028	0.0357
52.775	0.0384	0.0028	0.0356
52.800	0.0383	0.0028	0.0355
52.825	0.0383	0.0028	0.0355
52.850	0.0382	0.0028	0.0354
52.875	0.0381	0.0028	0.0353
52.900	0.0380	0.0028	0.0352
52.925	0.0379	0.0028	0.0351
52.950	0.0377	0.0028	0.0350
52.975	0.0376	0.0028	0.0349
53.000	0.0375	0.0027	0.0347
53.025	0.0374	0.0027	0.0346
53.050	0.0372	0.0027	0.0345
53.075	0.0371	0.0027	0.0344
53.100	0.0370	0.0027	0.0343
53.125	0.0369	0.0027	0.0342
53.150	0.0367	0.0027	0.0340
53.175	0.0366	0.0027	0.0339
53.200	0.0365	0.0027	0.0338
53.225	0.0364	0.0027	0.0337
53.250	0.0363	0.0027	0.0336
53.275	0.0362	0.0027	0.0335
53.300	0.0361	0.0027	0.0334
53.325	0.0360	0.0027	0.0333
53.350	0.0359	0.0027	0.0332
53.375	0.0358	0.0027	0.0331
53.400	0.0357	0.0026	0.0330
53.425	0.0356	0.0026	0.0329
53.450	0.0355	0.0026	0.0328
53.475	0.0353	0.0026	0.0327
53.500	0.0352	0.0026	0.0326
53.525	0.0351	0.0026	0.0325
53.550	0.0350	0.0026	0.0323
53.575	0.0348	0.0026	0.0322
53.600	0.0347	0.0026	0.0321
53.625	0.0346	0.0026	0.0320
53.650	0.0344	0.0026	0.0319
53.675	0.0343	0.0026	0.0317
53.700	0.0342	0.0026	0.0316
53.725	0.0341	0.0026	0.0315
53.750	0.0339	0.0026	0.0314
53.775	0.0338	0.0026	0.0312
53.800	0.0337	0.0026	0.0311
53.825	0.0335	0.0025	0.0310
53.850	0.0334	0.0025	0.0309
53.875	0.0333	0.0025	0.0308
53.900	0.0332	0.0025	0.0307
53.925	0.0331	0.0025	0.0306
53.950	0.0330	0.0025	0.0304
53.975	0.0328	0.0025	0.0303
54.000	0.0327	0.0025	0.0302
54.025	0.0325	0.0025	0.0300
54.050	0.0324	0.0025	0.0299
54.075	0.0322	0.0025	0.0297
54.100	0.0321	0.0025	0.0296
54.125	0.0319	0.0025	0.0295
54.150	0.0318	0.0025	0.0294
54.175	0.0317	0.0025	0.0292
54.200	0.0316	0.0024	0.0291
54.225	0.0314	0.0024	0.0290
54.250	0.0313	0.0024	0.0289
54.275	0.0312	0.0024	0.0288
54.300	0.0311	0.0024	0.0287
54.325	0.0310	0.0024	0.0286
54.350	0.0309	0.0024	0.0285
54.375	0.0308	0.0024	0.0284
54.400	0.0307	0.0024	0.0283
54.425	0.0306	0.0024	0.0282
54.450	0.0305	0.0024	0.0281
54.475	0.0304	0.0024	0.0281
54.500	0.0303	0.0024	0.0280
54.525	0.0303	0.0023	0.0279
54.550	0.0302	0.0023	0.0278
54.575	0.0301	0.0023	0.0278
54.600	0.0300	0.0023	0.0277
54.625	0.0300	0.0023	0.0277
54.650	0.0299	0.0023	0.0276
54.675	0.0298	0.0023	0.0275
54.700	0.0298	0.0023	0.0275
54.725	0.0297	0.0023	0.0274
54.750	0.0296	0.0023	0.0274
54.775	0.0296	0.0023	0.0273
54.800	0.0295	0.0023	0.0273
54.825	0.0295	0.0023	0.0272
54.850	0.0294	0.0023	0.0271
54.875	0.0293	0.0022	0.0271
54.900	0.0293	0.0022	0.0270
54.925	0.0292	0.0022	0.0270
54.950	0.0291	0.0022	0.0269
54.975	0.0291	0.0022	0.0269
55.000	0.0290	0.0022	0.0268
55.025	0.0289	0.0022	0.0267
55.050	0.0288	0.0022	0.0267
55.075	0.0288	0.0022	0.0266
55.100	0.0287	0.0022	0.0265
55.125	0.0286	0.0022	0.0264
55.150	0.0284	0.0022	0.0263
55.175	0.0283	0.0022	0.0262
55.200	0.0282	0.0022	0.0261
55.225	0.0281	0.0022	0.0260
55.250	0.0280	0.0021	0.0259
55.275	0.0279	0.0021	0.0258
55.300	0.0278	0.0021	0.0257
55.325	0.0277	0.0021	0.0256
55.350	0.0276	0.0021	0.0255
55.375	0.0275	0.0021	0.0254
55.400	0.0274	0.0021	0.0253
55.425	0.0273	0.0021	0.0252
55.450	0.0272	0.0021	0.0251
55.475	0.0271	0.0021	0.0250
55.500	0.0270	0.0021	0.0249
55.525	0.0269	0.0021	0.0248
55.550	0.0268	0.0021	0.0247
55.575	0.0267	0.0021	0.0246
55.600	0.0266	0.0021	0.0245
55.625	0.0265	0.0020	0.0244
55.650	0.0264	0.0020	0.0243
55.675	0.0263	0.0020	0.0242
55.700	0.0262	0.0020	0.0241
55.725	0.0261	0.0020	0.0240
55.750	0.0259	0.0020	0.0239
55.775	0.0258	0.0020	0.0238
55.800	0.0257	0.0020	0.0237
55.825	0.0256	0.0020	0.0236
55.850	0.0254	0.0020	0.0235
55.875	0.0253	0.0020	0.0233
55.900	0.0252	0.0020	0.0232
55.925	0.0250	0.0019	0.0231
55.950	0.0249	0.0019	0.0230
55.975	0.0248	0.0019	0.0228
56.000	0.0246	0.0019	0.0227
56.025	0.0245	0.0019	0.0226
56.050	0.0244	0.0019	0.0225
56.075	0.0242	0.0019	0.0223
56.100	0.0241	0.0019	0.0222
56.125	0.0240	0.0019	0.0221
56.150	0.0239	0.0019	0.0220
56.175	0.0237	0.0019	0.0219
56.200	0.0236	0.0019	0.0218
56.225	0.0235	0.0018	0.0217
56.250	0.0234	0.0018	0.0216
56.275	0.0233	0.0018	0.0215
56.300	0.0232	0.0018	0.0214
56.325	0.0231	0.0018	0.0213
56.350	0.0229	0.0018	0.0211
56.375	0.0228	0.0018	0.0210
56.400	0.0226	0.0018	0.0209
56.425	0.0225	0.0018	0.0207
56.450	0.0223	0.0017	0.0206
56.475	0.0222	0.0017	0.0205
56.500	0.0221	0.0017	0.0203
56.525	0.0219	0.0017	0.0202
56.550	0.0218	0.0017	0.0201
56.575	0.0216	0.0017	0.0199
56.600	0.0215	0.0017	0.0198
56.625	0.0213	0.0017	0.0196
56.650	0.0212	0.0017	0.0195
56.675	0.0210	0.0017	0.0193
56.700	0.0208	0.0016	0.0192
56.725	0.0207	0.0016	0.0191
56.750	0.0205	0.0016	0.0189
56.775	0.0204	0.0016	0.0188
56.800	0.0202	0.0016	0.0186
56.825	0.0200	0.0016	0.0185
56.850	0.0199	0.0016	0.0183
56.875	0.0197	0.0016	0.0181
56.900	0.0195	0.0016	0.0180
56.925	0.0194	0.0015	0.0178
56.950	0.0192	0.0015	0.0177
56.975	0.0191	0.0015	0.0175
57.000	0.0189	0.0015	0.0174
57.025	0.0188	0.0015	0.0173
57.050	0.0186	0.0015	0.0171
57.075	0.0185	0.0015	0.0170
57.100	0.0183	0.0015	0.0169
57.125	0.0182	0.0014	0.0167
57.150	0.0180	0.0014	0.0166
57.175	0.0178	0.0014	0.0164
57.200	0.0176	0.0014	0.0162
57.225	0.0175	0.0014	0.0161
57.250	0.0172	0.0014	0.0159
57.275	0.0170	0.0014	0.0157
57.300	0.0168	0.0014	0.0155
57.325	0.0166	0.0014	0.0152
57.350	0.0164	0.0013	0.0150
57.375	0.0161	0.0013	0.0148
57.400	0.0159	0.0013	0.0146
57.425	0.0156	0.0013	0.0143
57.450	0.0154	0.0013	0.0141
57.475	0.0151	0.0013	0.0138
57.500	0.0149	0.0013	0.0136
57.525	0.0146	0.0013	0.0133
57.550	0.0143	0.0013	0.0131
57.575	0.0141	0.0012	0.0128
57.600	0.0138	0.0012	0.0126
57.625	0.0136	0.0012	0.0124
57.650	0.0133	0.0012	0.0121
57.675	0.0131	0.0012	0.0119
57.700	0.0128	0.0012	0.0116
57.725	0.0126	0.0012	0.0114
57.750	0.0124	0.0012	0.0112
57.775	0.0121	0.0012	0.0110
57.800	0.0119	0.0011	0.0107
57.825	0.0116	0.0011	0.0105
57.850	0.0114	0.0011	0.0103
57.875	0.0111	0.0011	0.0100
57.900	0.0109	0.0011	0.0098
57.925	0.0106	0.0011	0.0095
57.950	0.0104	0.0011	0.0093
57.975	0.0101	0.0011	0.0090
58.000	0.0098	0.0011	0.0088
58.025	0.0096	0.0010	0.0085
58.050	0.0093	0.0010	0.0083
58.075	0.0090	0.0010	0.0080
58.100	0.0087	0.0010	0.0077
58.125	0.0085	0.0010	0.0074
58.150	0.0082	0.0010	0.0072
58.175	0.0079	0.0010	0.0069
58.200	0.0077	0.0010	0.0067
58.225	0.0074	0.0010	0.0064
58.250	0.0072	0.0010	0.0062
58.275	0.0069	0.0009	0.0060
58.300	0.0067	0.0009	0.0058
58.325	0.0065	0.0009	0.0055
58.350	0.0062	0.0009	0.0053
58.375	0.0060	0.0009	0.0051
58.400	0.0058	0.0009	0.0049
58.425	0.0056	0.0009	0.0047
58.450	0.0053	0.0009	0.0045
58.475	0.0051	0.0009	0.0042
58.500	0.0049	0.0009	0.0040
58.525	0.0047	0.0009	0.0038
58.550	0.0045	0.0009	0.0036
58.575	0.0043	0.0009	0.0034
58.600	0.0040	0.0009	0.0032
58.625	0.0038	0.0009	0.0030
58.650	0.0036	0.0009	0.0028
58.675	0.0034	0.0009	0.0026
58.700	0.0032	0.0009	0.0024
58.725	0.0030	0.0009	0.0022
58.750	0.0028	0.0009	0.0020
58.775	0.0026	0.0009	0.0018
58.800	0.0024	0.0009	0.0016
58.825	0.0022	0.0009	0.0014
58.850	0.0020	0.0008	0.0011
58.875	0.0018	0.0008	0.0009
58.900	0.0016	0.0008	0.0007
58.925	0.0013	0.0008	0.0005
58.950	0.0011	0.0008	0.0003
58.975	0.0009	0.0008	0.0001
59.000	0.0007	0.0008	-0.0001
59.025	0.0005	0.0008	-0.0003
59.050	0.0003	0.0008	-0.0005
59.075	0.0001	0.0008	-0.0007
59.100	-0.0001	0.0007	-0.0009
59.125	-0.0003	0.0007	-0.0011
59.150	-0.0005	0.0007	-0.0013
59.175	-0.0007	0.0007	-0.0014
59.200	-0.0009	0.0007	-0.0016
59.225	-0.0011	0.0007	-0.0018
59.250	-0.0013	0.0007	-0.0020
59.275	-0.0015	0.0007	-0.0022
59.300	-0.0017	0.0006	-0.0024
59.325	-0.0020	0.0006	-0.0026
59.350	-0.0022	0.0006	-0.0028
59.375	-0.0024	0.0006	-0.0030
59.400	-0.0027	0.0006	-0.0033
59.425	-0.0030	0.0006	-0.0035
59.450	-0.0032	0.0006	-0.0038
59.475	-0.0035	0.0005	-0.0040
59.500	-0.0038	0.0005	-0.0043
59.525	-0.0041	0.0005	-0.0046
59.550	-0.0043	0.0005	-0.0048
59.575	-0.0046	0.0005	-0.0051
59.600	-0.0050	0.0005	-0.0054
59.625	-0.0053	0.0005	-0.0057
59.650	-0.0056	0.0004	-0.0060
59.675	-0.0059	0.0004	-0.0064
59.700	-0.0063	0.0004	-0.0067
59.725	-0.0066	0.0004	-0.0070
59.750	-0.0070	0.0004	-0.0074
59.775	-0.0073	0.0003	-0.0077
59.800	-0.0077	0.0003	-0.0080
59.825	-0.0081	0.0003	-0.0084
59.850	-0.0084	0.0003	-0.0087
59.875	-0.0088	0.0003	-0.0091
59.900	-0.0092	0.0003	-0.0094
59.925	-0.0095	0.0002	-0.0098
59.950	-0.0099	0.0002	-0.0101
59.975	-0.0102	0.0002	-0.0105
60.000	-0.0106	0.0002	-0.0108
60.025	-0.0109	0.0002	-0.0111
60.050	-0.0112	0.0002	-0.0114
60.075	-0.0116	0.0001	-0.0117
60.100	-0.0119	0.0001	-0.0120
60.125	-0.0121	0.0001	-0.0122
60.150	-0.0124	0.0001	-0.0125
60.175	-0.0127	0.0001	-0.0127
60.200	-0.0129	0.0001	-0.0130
60.225	-0.0131	0.0000	-0.0132
60.250	-0.0133	0.0000	-0.0134
60.275	-0.0135	0.0000	-0.0135
60.300	-0.0137	0.0000	-0.0137
60.325	-0.0139	-0.0000	-0.0139
60.350	-0.0140	-0.0000	-0.0140
60.375	-0.0142	-0.0000	-0.0141
60.400	-0.0143	-0.0001	-0.0143
60.425	-0.0145	-0.0001	-0.0144
60.450	-0.0146	-0.0001	-0.0146
60.475	-0.0148	-0.0001	-0.0147
60.500	-0.0150	-0.0001	-0.0149
60.525	-0.0152	-0.0001	-0.0150
60.550	-0.0154	-0.0001	-0.0152
60.575	-0.0156	-0.0002	-0.0154
60.600	-0.0158	-0.0002	-0.0156
60.625	-0.0160	-0.0002	-0.0158
60.650	-0.0162	-0.0002	-0.0160
60.675	-0.0164	-0.0002	-0.0162
60.700	-0.0167	-0.0002	-0.0164
60.725	-0.0169	-0.0003	-0.0167
60.750	-0.0172	-0.0003	-0.0169
60.775	-0.0174	-0.0003	-0.0172
60.800	-0.0177	-0.0003	-0.0174
60.825	-0.0180	-0.0003	-0.0176
60.850	-0.0182	-0.0003	-0.0179
60.875	-0.0184	-0.0004	-0.0181
60.900	-0.0187	-0.0004	-0.0183
60.925	-0.0189	-0.0004	-0.0185
60.950	-0.0191	-0.0004	-0.0187
60.975	-0.0193	-0.0004	-0.0188
61.000	-0.0194	-0.0004	-0.0190
61.025	-0.0196	-0.0005	-0.0192
61.050	-0.0198	-0.0005	-0.0193
61.075	-0.0200	-0.0005	-0.0195
61.100	-0.0201	-0.0005	-0.0196
61.125	-0.0203	-0.0005	-0.0198
61.150	-0.0205	-0.0006	-0.0199
61.175	-0.0206	-0.0006	-0.0200
61.200	-0.0207	-0.0006	-0.0201
61.225	-0.0209	-0.0006	-0.0203
61.250	-0.0210	-0.0006	-0.0204
61.275	-0.0211	-0.0006	-0.0205
61.300	-0.0212	-0.0007	-0.0206
61.325	-0.0213	-0.0007	-0.0207
61.350	-0.0215	-0.0007	-0.0208
61.375	-0.0216	-0.0007	-0.0209
61.400	-0.0217	-0.0007	-0.0210
61.425	-0.0218	-0.0008	-0.0211
61.450	-0.0219	-0.0008	-0.0211
61.475	-0.0218	-0.0008	-0.0210
61.500	-0.0213	-0.0008	-0.0205
61.525	-0.0209	-0.0008	-0.0201
61.550	-0.0214	-0.0008	-0.0206
61.575	-0.0219	-0.0009	-0.0211
61.600	-0.0223	-0.0009	-0.0215
61.625	-0.0227	-0.0009	-0.0218
61.650	-0.0229	-0.0009	-0.0220
61.675	-0.0232	-0.0009	-0.0223
61.700	-0.0235	-0.0009	-0.0225
61.725	-0.0238	-0.0010	-0.0228
61.750	-0.0241	-0.0010	-0.0231
61.775	-0.0244	-0.0010	-0.0234
61.800	-0.0247	-0.0010	-0.0237
61.825	-0.0251	-0.0010	-0.0241
61.850	-0.0254	-0.0010	-0.0244
61.875	-0.0257	-0.0010	-0.0247
61.900	-0.0261	-0.0010	-0.0250
61.925	-0.0264	-0.0010	-0.0254
61.950	-0.0268	-0.0011	-0.0257
61.975	-0.0271	-0.0011	-0.0260
62.000	-0.0275	-0.0011	-0.0264
62.025	-0.0278	-0.0011	-0.0268
62.050	-0.0282	-0.0011	-0.0271
62.075	-0.0286	-0.0011	-0.0275
62.100	-0.0290	-0.0011	-0.0279
62.125	-0.0293	-0.0011	-0.0282
62.150	-0.0297	-0.0011	-0.0286
62.175	-0.0300	-0.0011	-0.0289
62.200	-0.0303	-0.0011	-0.0292
62.225	-0.0307	-0.0011	-0.0295
62.250	-0.0310	-0.0011	-0.0298
62.275	-0.0313	-0.0011	-0.0301
62.300	-0.0316	-0.0011	-0.0304
62.325	-0.0319	-0.0011	-0.0307
62.350	-0.0321	-0.0012	-0.0310
62.375	-0.0324	-0.0012	-0.0313
62.400	-0.0327	-0.0012	-0.0315
62.425	-0.0329	-0.0012	-0.0317
62.450	-0.0331	-0.0012	-0.0320
62.475	-0.0334	-0.0012	-0.0322
62.500	-0.0336	-0.0012	-0.0324
62.525	-0.0338	-0.0012	-0.0326
62.550	-0.0340	-0.0012	-0.0328
62.575	-0.0342	-0.0012	-0.0330
62.600	-0.0344	-0.0012	-0.0332
62.625	-0.0346	-0.0012	-0.0334
62.650	-0.0348	-0.0012	-0.0336
62.675	-0.0350	-0.0012	-0.0337
62.700	-0.0351	-0.0012	-0.0339
62.725	-0.0353	-0.0012	-0.0341
62.750	-0.0355	-0.0012	-0.0343
62.775	-0.0357	-0.0012	-0.0345
62.800	-0.0359	-0.0012	-0.0347
62.825	-0.0360	-0.0012	-0.0349
62.850	-0.0362	-0.0012	-0.0351
62.875	-0.0364	-0.0012	-0.0353
62.900	-0.0366	-0.0012	-0.0355
62.925	-0.0368	-0.0012	-0.0357
62.950	-0.0371	-0.0012	-0.0359
62.975	-0.0373	-0.0012	-0.0361
63.000	-0.0375	-0.0012	-0.0363
63.025	-0.0377	-0.0012	-0.0365
63.050	-0.0380	-0.0012	-0.0368
63.075	-0.0382	-0.0012	-0.0370
63.100	-0.0385	-0.0012	-0.0373
63.125	-0.0388	-0.0012	-0.0376
63.150	-0.0391	-0.0012	-0.0379
63.175	-0.0394	-0.0012	-0.0381
63.200	-0.0397	-0.0013	-0.0384
63.225	-0.0400	-0.0013	-0.0387
63.250	-0.0403	-0.0013	-0.0390
63.275	-0.0406	-0.0013	-0.0394
63.300	-0.0410	-0.0013	-0.0397
63.325	-0.0413	-0.0013	-0.0400
63.350	-0.0416	-0.0013	-0.0403
63.375	-0.0419	-0.0013	-0.0406
63.400	-0.0423	-0.0013	-0.0409
63.425	-0.0426	-0.0014	-0.0412
63.450	-0.0429	-0.0014	-0.0416
63.475	-0.0432	-0.0014	-0.0419
63.500	-0.0436	-0.0014	-0.0422
63.525	-0.0439	-0.0014	-0.0425
63.550	-0.0442	-0.0014	-0.0428
63.575	-0.0445	-0.0014	-0.0430
63.600	-0.0448	-0.0014	-0.0433
63.625	-0.0450	-0.0015	-0.0436
63.650	-0.0453	-0.0015	-0.0438
63.675	-0.0456	-0.0015	-0.0441
63.700	-0.0459	-0.0015	-0.0444
63.725	-0.0461	-0.0015	-0.0446
63.750	-0.0464	-0.0015	-0.0448
63.775	-0.0466	-0.0015	-0.0451
63.800	-0.0469	-0.0016	-0.0453
63.825	-0.0471	-0.0016	-0.0455
63.850	-0.0473	-0.0016	-0.0458
63.875	-0.0476	-0.0016	-0.0460
63.900	-0.0478	-0.0016	-0.0462
63.925	-0.0481	-0.0016	-0.0465
63.950	-0.0483	-0.0016	-0.0467
63.975	-0.0486	-0.0016	-0.0470
64.000	-0.0488	-0.0016	-0.0472
64.025	-0.0490	-0.0016	-0.0474
64.050	-0.0492	-0.0015	-0.0477
64.075	-0.0494	-0.0015	-0.0479
64.100	-0.0496	-0.0015	-0.0481
64.125	-0.0497	-0.0015	-0.0482
64.150	-0.0499	-0.0015	-0.0484
64.175	-0.0501	-0.0015	-0.0486
64.200	-0.0502	-0.0015	-0.0487
64.225	-0.0504	-0.0015	-0.0489
64.250	-0.0505	-0.0015	-0.0490
64.275	-0.0506	-0.0015	-0.0491
64.300	-0.0507	-0.0015	-0.0492
64.325	-0.0509	-0.0015	-0.0494
64.350	-0.0510	-0.0015	-0.0495
64.375	-0.0511	-0.0015	-0.0495
64.400	-0.0512	-0.0015	-0.0496
64.425	-0.0513	-0.0016	-0.0497
64.450	-0.0514	-0.0016	-0.0498
64.475	-0.0515	-0.0016	-0.0499
64.500	-0.0516	-0.0016	-0.0499
64.525	-0.0517	-0.0016	-0.0500
64.550	-0.0517	-0.0017	-0.0501
64.575	-0.0518	-0.0017	-0.0501
64.600	-0.0519	-0.0017	-0.0502
64.625	-0.0520	-0.0017	-0.0503
64.650	-0.0521	-0.0018	-0.0503
64.675	-0.0522	-0.0018	-0.0504
64.700	-0.0522	-0.0018	-0.0504
64.725	-0.0523	-0.0018	-0.0505
64.750	-0.0524	-0.0019	-0.0506
64.775	-0.0525	-0.0019	-0.0506
64.800	-0.0526	-0.0019	-0.0506
64.825	-0.0526	-0.0019	-0.0507
64.850	-0.0527	-0.0020	-0.0507
64.875	-0.0527	-0.0020	-0.0507
64.900	-0.0527	-0.0020	-0.0507
64.925	-0.0527	-0.0021	-0.0506
64.950	-0.0526	-0.0021	-0.0505
64.975	-0.0525	-0.0021	-0.0504
65.000	-0.0525	-0.0022	-0.0503
65.025	-0.0526	-0.0022	-0.0504
65.050	-0.0527	-0.0022	-0.0505
65.075	-0.0530	-0.0023	-0.0507
65.100	-0.0532	-0.0023	-0.0509
65.125	-0.0534	-0.0023	-0.0510
65.150	-0.0536	-0.0024	-0.0512
65.175	-0.0538	-0.0024	-0.0514
65.200	-0.0540	-0.0025	-0.0515
65.225	-0.0542	-0.0025	-0.0516
65.250	-0.0543	-0.0026	-0.0518
65.275	-0.0545	-0.0026	-0.0519
65.300	-0.0547	-0.0026	-0.0521
65.325	-0.0549	-0.0027	-0.0523
65.350	-0.0551	-0.0027	-0.0524
65.375	-0.0553	-0.0028	-0.0526
65.400	-0.0555	-0.0028	-0.0527
65.425	-0.0557	-0.0028	-0.0529
65.450	-0.0559	-0.0029	-0.0530
65.475	-0.0561	-0.0029	-0.0532
65.500	-0.0563	-0.0029	-0.0533
65.525	-0.0564	-0.0030	-0.0535
65.550	-0.0566	-0.0030	-0.0536
65.575	-0.0568	-0.0030	-0.0537
65.600	-0.0570	-0.0031	-0.0539
65.625	-0.0571	-0.0031	-0.0540
65.650	-0.0573	-0.0031	-0.0541
65.675	-0.0574	-0.0032	-0.0543
65.700	-0.0576	-0.0032	-0.0544
65.725	-0.0577	-0.0032	-0.0545
65.750	-0.0578	-0.0033	-0.0546
65.775	-0.0580	-0.0033	-0.0547
65.800	-0.0581	-0.0033	-0.0548
65.825	-0.0583	-0.0033	-0.0549
65.850	-0.0584	-0.0033	-0.0551
65.875	-0.0586	-0.0034	-0.0552
65.900	-0.0587	-0.0034	-0.0553
65.925	-0.0589	-0.0034	-0.0555
65.950	-0.0590	-0.0034	-0.0556
65.975	-0.0592	-0.0034	-0.0558
66.000	-0.0593	-0.0035	-0.0559
66.025	-0.0595	-0.0035	-0.0560
66.050	-0.0597	-0.0035	-0.0562
66.075	-0.0598	-0.0035	-0.0563
66.100	-0.0600	-0.0035	-0.0565
66.125	-0.0601	-0.0035	-0.0566
66.150	-0.0603	-0.0035	-0.0568
66.175	-0.0604	-0.0035	-0.0569
66.200	-0.0605	-0.0035	-0.0570
66.225	-0.0607	-0.0035	-0.0572
66.250	-0.0608	-0.0035	-0.0573
66.275	-0.0609	-0.0035	-0.0574
66.300	-0.0611	-0.0035	-0.0575
66.325	-0.0612	-0.0035	-0.0576
66.350	-0.0613	-0.0035	-0.0578
66.375	-0.0614	-0.0035	-0.0579
66.400	-0.0614	-0.0035	-0.0579
66.425	-0.0615	-0.0035	-0.0580
66.450	-0.0616	-0.0035	-0.0581
66.475	-0.0616	-0.0035	-0.0582
66.500	-0.0617	-0.0035	-0.0582
66.525	-0.0617	-0.0035	-0.0583
66.550	-0.0618	-0.0035	-0.0583
66.575	-0.0618	-0.0035	-0.0584
66.600	-0.0619	-0.0034	-0.0584
66.625	-0.0619	-0.0034	-0.0584
66.650	-0.0619	-0.0034	-0.0585
66.675	-0.0619	-0.0034	-0.0585
66.700	-0.0620	-0.0034	-0.0585
66.725	-0.0620	-0.0034	-0.0586
66.750	-0.0620	-0.0034	-0.0586
66.775	-0.0620	-0.0034	-0.0586
66.800	-0.0620	-0.0034	-0.0586
66.825	-0.0620	-0.0034	-0.0586
66.850	-0.0620	-0.0034	-0.0587
66.875	-0.0620	-0.0034	-0.0587
66.900	-0.0620	-0.0033	-0.0586
66.925	-0.0619	-0.0033	-0.0586
66.950	-0.0619	-0.0033	-0.0586
66.975	-0.0618	-0.0033	-0.0585
67.000	-0.0617	-0.0033	-0.0584
67.025	-0.0616	-0.0033	-0.0583
67.050	-0.0615	-0.0033	-0.0582
67.075	-0.0614	-0.0033	-0.0581
67.100	-0.0613	-0.0033	-0.0580
67.125	-0.0612	-0.0033	-0.0579
67.150	-0.0610	-0.0033	-0.0578
67.175	-0.0609	-0.0033	-0.0576
67.200	-0.0608	-0.0033	-0.0575
67.225	-0.0606	-0.0033	-0.0574
67.250	-0.0605	-0.0033	-0.0572
67.275	-0.0604	-0.0033	-0.0571
67.300	-0.0602	-0.0033	-0.0569
67.325	-0.0600	-0.0033	-0.0568
67.350	-0.0599	-0.0033	-0.0566
67.375	-0.0596	-0.0032	-0.0564
67.400	-0.0592	-0.0032	-0.0560
67.425	-0.0585	-0.0032	-0.0552
67.450	-0.0579	-0.0032	-0.0547
67.475	-0.0581	-0.0032	-0.0548
67.500	-0.0583	-0.0032	-0.0550
67.525	-0.0584	-0.0032	-0.0552
67.550	-0.0585	-0.0032	-0.0552
67.575	-0.0585	-0.0032	-0.0552
67.600	-0.0584	-0.0032	-0.0552
67.625	-0.0584	-0.0032	-0.0552
67.650	-0.0584	-0.0032	-0.0552
67.675	-0.0584	-0.0032	-0.0552
67.700	-0.0584	-0.0032	-0.0551
67.725	-0.0583	-0.0032	-0.0551
67.750	-0.0583	-0.0032	-0.0551
67.775	-0.0583	-0.0032	-0.0550
67.800	-0.0582	-0.0032	-0.0550
67.825	-0.0582	-0.0032	-0.0549
67.850	-0.0581	-0.0032	-0.0549
67.875	-0.0581	-0.0032	-0.0549
67.900	-0.0582	-0.0032	-0.0549
67.925	-0.0582	-0.0032	-0.0550
67.950	-0.0583	-0.0032	-0.0551
67.975	-0.0583	-0.0032	-0.0551
68.000	-0.0584	-0.0032	-0.0552
68.025	-0.0585	-0.0032	-0.0553
68.050	-0.0585	-0.0032	-0.0553
68.075	-0.0586	-0.0032	-0.0554
68.100	-0.0586	-0.0032	-0.0555
68.125	-0.0587	-0.0032	-0.0556
68.150	-0.0588	-0.0032	-0.0556
68.175	-0.0589	-0.0031	-0.0557
68.200	-0.0590	-0.0031	-0.0558
68.225	-0.0591	-0.0031	-0.0559
68.250	-0.0592	-0.0031	-0.0561
68.275	-0.0593	-0.0031	-0.0562
68.300	-0.0594	-0.0031	-0.0563
68.325	-0.0596	-0.0031	-0.0565
68.350	-0.0597	-0.0030	-0.0567
68.375	-0.0599	-0.0030	-0.0568
68.400	-0.0600	-0.0030	-0.0570
68.425	-0.0602	-0.0030	-0.0572
68.450	-0.0604	-0.0030	-0.0574
68.475	-0.0606	-0.0029	-0.0576
68.500	-0.0608	-0.0029	-0.0579
68.525	-0.0610	-0.0029	-0.0581
68.550	-0.0612	-0.0029	-0.0584
68.575	-0.0615	-0.0028	-0.0586
68.600	-0.0617	-0.0028	-0.0589
68.625	-0.0620	-0.0028	-0.0592
68.650	-0.0623	-0.0028	-0.0595
68.675	-0.0626	-0.0027	-0.0598
68.700	-0.0629	-0.0027	-0.0602
68.725	-0.0632	-0.0027	-0.0605
68.750	-0.0635	-0.0026	-0.0609
68.775	-0.0639	-0.0026	-0.0612
68.800	-0.0642	-0.0026	-0.0616
68.825	-0.0646	-0.0026	-0.0620
68.850	-0.0650	-0.0026	-0.0624
68.875	-0.0654	-0.0025	-0.0628
68.900	-0.0658	-0.0025	-0.0633
68.925	-0.0662	-0.0025	-0.0637
68.950	-0.0666	-0.0025	-0.0642
68.975	-0.0671	-0.0024	-0.0646
69.000	-0.0675	-0.0024	-0.0651
69.025	-0.0680	-0.0024	-0.0656
69.050	-0.0685	-0.0023	-0.0661
69.075	-0.0689	-0.0023	-0.0666
69.100	-0.0694	-0.0023	-0.0671
69.125	-0.0699	-0.0023	-0.0676
69.150	-0.0704	-0.0022	-0.0682
69.175	-0.0709	-0.0022	-0.0687
69.200	-0.0715	-0.0022	-0.0693
69.225	-0.0720	-0.0022	-0.0698
69.250	-0.0725	-0.0022	-0.0704
69.275	-0.0731	-0.0022	-0.0709
69.300	-0.0736	-0.0021	-0.0715
69.325	-0.0742	-0.0021	-0.0721
69.350	-0.0748	-0.0021	-0.0726
69.375	-0.0753	-0.0021	-0.0732
69.400	-0.0759	-0.0021	-0.0738
69.425	-0.0765	-0.0021	-0.0744
69.450	-0.0770	-0.0020	-0.0750
69.475	-0.0776	-0.0020	-0.0756
69.500	-0.0782	-0.0020	-0.0762
69.525	-0.0788	-0.0020	-0.0768
69.550	-0.0794	-0.0020	-0.0774
69.575	-0.0800	-0.0020	-0.0780
69.600	-0.0806	-0.0020	-0.0786
69.625	-0.0812	-0.0020	-0.0793
69.650	-0.0818	-0.0019	-0.0799
69.675	-0.0824	-0.0019	-0.0805
69.700	-0.0830	-0.0019	-0.0811
69.725	-0.0837	-0.0019	-0.0817
69.750	-0.0843	-0.0019	-0.0824
69.775	-0.0849	-0.0019	-0.0830
69.800	-0.0855	-0.0019	-0.0836
69.825	-0.0861	-0.0019	-0.0843
69.850	-0.0868	-0.0019	-0.0849
69.875	-0.0874	-0.0018	-0.0855
69.900	-0.0880	-0.0018	-0.0862
69.925	-0.0886	-0.0018	-0.0868
69.950	-0.0892	-0.0018	-0.0874
69.975	-0.0898	-0.0018	-0.0880
70.000	-0.0904	-0.0017	-0.0886
70.025	-0.0909	-0.0017	-0.0892
70.050	-0.0915	-0.0017	-0.0898
70.075	-0.0921	-0.0017	-0.0904
70.100	-0.0926	-0.0017	-0.0909
70.125	-0.0931	-0.0016	-0.0915
70.150	-0.0937	-0.0016	-0.0920
70.175	-0.0942	-0.0016	-0.0926
70.200	-0.0947	-0.0016	-0.0931
70.225	-0.0952	-0.0016	-0.0936
70.250	-0.0957	-0.0016	-0.0941
70.275	-0.0961	-0.0016	-0.0946
70.300	-0.0966	-0.0016	-0.0950
70.325	-0.0971	-0.0015	-0.0955
70.350	-0.0975	-0.0015	-0.0960
70.375	-0.0979	-0.0015	-0.0964
70.400	-0.0983	-0.0015	-0.0968
70.425	-0.0988	-0.0015	-0.0972
70.450	-0.0992	-0.0015	-0.0976
70.475	-0.0995	-0.0015	-0.0980
70.500	-0.0999	-0.0015	-0.0984
70.525	-0.1003	-0.0015	-0.0988
70.550	-0.1007	-0.0015	-0.0992
70.575	-0.1010	-0.0015	-0.0995
70.600	-0.1014	-0.0015	-0.0999
70.625	-0.1017	-0.0015	-0.1002
70.650	-0.1020	-0.0015	-0.1006
70.675	-0.1024	-0.0015	-0.1009
70.700	-0.1027	-0.0015	-0.1012
70.725	-0.1030	-0.0015	-0.1015
70.750	-0.1033	-0.0014	-0.1019
70.775	-0.1036	-0.0014	-0.1022
70.800	-0.1039	-0.0014	-0.1025
70.825	-0.1042	-0.0014	-0.1027
70.850	-0.1045	-0.0014	-0.1030
70.875	-0.1047	-0.0014	-0.1033
70.900	-0.1050	-0.0014	-0.1036
70.925	-0.1052	-0.0014	-0.1038
70.950	-0.1055	-0.0014	-0.1041
70.975	-0.1057	-0.0014	-0.1043
71.000	-0.1060	-0.0014	-0.1046
71.025	-0.1062	-0.0014	-0.1048
71.050	-0.1064	-0.0014	-0.1051
71.075	-0.1067	-0.0014	-0.1053
71.100	-0.1069	-0.0014	-0.1055
71.125	-0.1071	-0.0014	-0.1057
71.150	-0.1073	-0.0014	-0.1059
71.175	-0.1075	-0.0014	-0.1061
71.200	-0.1077	-0.0014	-0.1064
71.225	-0.1079	-0.0014	-0.1066
71.250	-0.1081	-0.0014	-0.1067
71.275	-0.1083	-0.0013	-0.1069
71.300	-0.1085	-0.0013	-0.1071
71.325	-0.1086	-0.0013	-0.1073
71.350	-0.1088	-0.0013	-0.1075
71.375	-0.1089	-0.0013	-0.1076
71.400	-0.1091	-0.0013	-0.1078
71.425	-0.1092	-0.0013	-0.1080
71.450	-0.1094	-0.0013	-0.1081
71.475	-0.1095	-0.0012	-0.1083
71.500	-0.1096	-0.0012	-0.1084
71.525	-0.1098	-0.0012	-0.1086
71.550	-0.1099	-0.0012	-0.1087
71.575	-0.1100	-0.0012	-0.1088
71.600	-0.1102	-0.0012	-0.1090
71.625	-0.1103	-0.0012	-0.1091
71.650	-0.1104	-0.0012	-0.1092
71.675	-0.1105	-0.0012	-0.1093
71.700	-0.1106	-0.0012	-0.1095
71.725	-0.1107	-0.0012	-0.1096
71.750	-0.1108	-0.0011	-0.1097
71.775	-0.1109	-0.0011	-0.1098
71.800	-0.1110	-0.0011	-0.1099
71.825	-0.1111	-0.0011	-0.1100
71.850	-0.1112	-0.0011	-0.1101
71.875	-0.1113	-0.0011	-0.1102
71.900	-0.1114	-0.0011	-0.1103
71.925	-0.1115	-0.0011	-0.1104
71.950	-0.1116	-0.0011	-0.1105
71.975	-0.1117	-0.0011	-0.1106
72.000	-0.1118	-0.0011	-0.1107
72.025	-0.1119	-0.0011	-0.1108
72.050	-0.1119	-0.0011	-0.1109
72.075	-0.1120	-0.0010	-0.1110
72.100	-0.1121	-0.0010	-0.1110
72.125	-0.1121	-0.0010	-0.1111
72.150	-0.1122	-0.0010	-0.1112
72.175	-0.1123	-0.0010	-0.1113
72.200	-0.1123	-0.0010	-0.1113
72.225	-0.1124	-0.0010	-0.1114
72.250	-0.1124	-0.0010	-0.1115
72.275	-0.1125	-0.0010	-0.1115
72.300	-0.1125	-0.0010	-0.1116
72.325	-0.1126	-0.0010	-0.1116
72.350	-0.1126	-0.0010	-0.1117
72.375	-0.1127	-0.0010	-0.1117
72.400	-0.1127	-0.0009	-0.1118
72.425	-0.1128	-0.0009	-0.1118
72.450	-0.1128	-0.0009	-0.1119
72.475	-0.1128	-0.0009	-0.1119
72.500	-0.1129	-0.0009	-0.1119
72.525	-0.1129	-0.0009	-0.1120
72.550	-0.1129	-0.0009	-0.1120
72.575	-0.1130	-0.0009	-0.1121
72.600	-0.1130	-0.0009	-0.1121
72.625	-0.1130	-0.0009	-0.1121
72.650	-0.1130	-0.0009	-0.1122
72.675	-0.1130	-0.0008	-0.1122
72.700	-0.1130	-0.0008	-0.1122
72.725	-0.1130	-0.0008	-0.1122
72.750	-0.1130	-0.0008	-0.1123
72.775	-0.1130	-0.0008	-0.1123
72.800	-0.1130	-0.0007	-0.1123
72.825	-0.1130	-0.0007	-0.1123
72.850	-0.1130	-0.0007	-0.1123
72.875	-0.1131	-0.0007	-0.1124
72.900	-0.1131	-0.0007	-0.1124
72.925	-0.1131	-0.0007	-0.1124
72.950	-0.1131	-0.0007	-0.1124
72.975	-0.1131	-0.0006	-0.1124
73.000	-0.1131	-0.0006	-0.1124
73.025	-0.1131	-0.0006	-0.1125
73.050	-0.1131	-0.0006	-0.1125
73.075	-0.1131	-0.0006	-0.1125
73.100	-0.1131	-0.0006	-0.1125
73.125	-0.1131	-0.0006	-0.1125
73.150	-0.1131	-0.0006	-0.1125
73.175	-0.1131	-0.0006	-0.1125
73.200	-0.1131	-0.0006	-0.1125
73.225	-0.1131	-0.0005	-0.1126
73.250	-0.1131	-0.0005	-0.1126
73.275	-0.1131	-0.0005	-0.1126
73.300	-0.1131	-0.0005	-0.1126
73.325	-0.1131	-0.0005	-0.1126
73.350	-0.1131	-0.0005	-0.1126
73.375	-0.1131	-0.0005	-0.1126
73.400	-0.1131	-0.0005	-0.1126
73.425	-0.1131	-0.0005	-0.1126
73.450	-0.1131	-0.0005	-0.1126
73.475	-0.1131	-0.0004	-0.1126
73.500	-0.1131	-0.0004	-0.1126
73.525	-0.1131	-0.0004	-0.1126
73.550	-0.1131	-0.0004	-0.1126
73.575	-0.1131	-0.0004	-0.1126
73.600	-0.1131	-0.0004	-0.1127
73.625	-0.1131	-0.0004	-0.1127
73.650	-0.1131	-0.0004	-0.1127
73.675	-0.1131	-0.0004	-0.1127
73.700	-0.1130	-0.0004	-0.1127
73.725	-0.1130	-0.0004	-0.1127
73.750	-0.1130	-0.0004	-0.1127
73.775	-0.1130	-0.0004	-0.1127
73.800	-0.1130	-0.0004	-0.1127
73.825	-0.1130	-0.0004	-0.1127
73.850	-0.1130	-0.0004	-0.1127
73.875	-0.1130	-0.0004	-0.1127
73.900	-0.1130	-0.0004	-0.1127
73.925	-0.1130	-0.0004	-0.1127
73.950	-0.1130	-0.0004	-0.1126
73.975	-0.1130	-0.0004	-0.1126
74.000	-0.1130	-0.0004	-0.1126
74.025	-0.1130	-0.0004	-0.1126
74.050	-0.1129	-0.0003	-0.1126
74.075	-0.1129	-0.0003	-0.1126
74.100	-0.1128	-0.0003	-0.1125
74.125	-0.1128	-0.0003	-0.1125
74.150	-0.1127	-0.0003	-0.1124
74.175	-0.1125	-0.0003	-0.1123
74.200	-0.1123	-0.0003	-0.1120
74.225	-0.1120	-0.0002	-0.1118
74.250	-0.1117	-0.0002	-0.1115
74.275	-0.1117	-0.0002	-0.1115
74.300	-0.1117	-0.0002	-0.1115
74.325	-0.1118	-0.0002	-0.1117
74.350	-0.1119	-0.0001	-0.1118
74.375	-0.1120	-0.0001	-0.1119
74.400	-0.1120	-0.0001	-0.1119
74.425	-0.1120	-0.0001	-0.1119
74.450	-0.1120	-0.0000	-0.1119
74.475	-0.1120	-0.0000	-0.1120
74.500	-0.1119	0.0000	-0.1120
74.525	-0.1119	0.0000	-0.1120
74.550	-0.1119	0.0001	-0.1120
74.575	-0.1119	0.0001	-0.1120
74.600	-0.1119	0.0001	-0.1120
74.625	-0.1119	0.0002	-0.1120
74.650	-0.1119	0.0002	-0.1120
74.675	-0.1118	0.0002	-0.1121
74.700	-0.1118	0.0003	-0.1121
74.725	-0.1118	0.0003	-0.1121
74.750	-0.1118	0.0003	-0.1121
74.775	-0.1118	0.0003	-0.1121
74.800	-0.1118	0.0004	-0.1121
74.825	-0.1118	0.0004	-0.1122
74.850	-0.1117	0.0004	-0.1122
74.875	-0.1117	0.0005	-0.1122
74.900	-0.1117	0.0005	-0.1122
74.925	-0.1117	0.0005	-0.1122
74.950	-0.1116	0.0006	-0.1122
74.975	-0.1116	0.0006	-0.1122
75.000	-0.1116	0.0007	-0.1123
75.025	-0.1116	0.0007	-0.1123
75.050	-0.1115	0.0007	-0.1123
75.075	-0.1115	0.0008	-0.1123
75.100	-0.1115	0.0008	-0.1123
75.125	-0.1114	0.0009	-0.1123
75.150	-0.1114	0.0010	-0.1123
75.175	-0.1113	0.0010	-0.1123
75.200	-0.1112	0.0011	-0.1123
75.225	-0.1112	0.0012	-0.1123
75.250	-0.1111	0.0012	-0.1123
75.275	-0.1111	0.0013	-0.1123
75.300	-0.1110	0.0013	-0.1123
75.325	-0.1109	0.0014	-0.1123
75.350	-0.1109	0.0014	-0.1123
75.375	-0.1108	0.0015	-0.1123
75.400	-0.1108	0.0015	-0.1123
75.425	-0.1107	0.0016	-0.1123
75.450	-0.1107	0.0016	-0.1123
75.475	-0.1106	0.0016	-0.1123
75.500	-0.1106	0.0017	-0.1122
75.525	-0.1105	0.0017	-0.1122
75.550	-0.1105	0.0017	-0.1122
75.575	-0.1104	0.0018	-0.1122
75.600	-0.1104	0.0018	-0.1122
75.625	-0.1103	0.0018	-0.1121
75.650	-0.1103	0.0019	-0.1121
75.675	-0.1102	0.0019	-0.1121
75.700	-0.1102	0.0019	-0.1121
75.725	-0.1101	0.0019	-0.1120
75.750	-0.1101	0.0019	-0.1120
75.775	-0.1100	0.0019	-0.1120
75.800	-0.1100	0.0020	-0.1119
75.825	-0.1099	0.0020	-0.1119
75.850	-0.1099	0.0020	-0.1119
75.875	-0.1098	0.0020	-0.1118
75.900	-0.1098	0.0020	-0.1118
75.925	-0.1097	0.0020	-0.1117
75.950	-0.1097	0.0020	-0.1117
75.975	-0.1096	0.0020	-0.1116
76.000	-0.1096	0.0020	-0.1116
76.025	-0.1095	0.0020	-0.1116
76.050	-0.1094	0.0021	-0.1115
76.075	-0.1094	0.0021	-0.1115
76.100	-0.1093	0.0021	-0.1114
76.125	-0.1093	0.0021	-0.1114
76.150	-0.1092	0.0021	-0.1113
76.175	-0.1092	0.0021	-0.1113
76.200	-0.1091	0.0021	-0.1112
76.225	-0.1090	0.0021	-0.1111
76.250	-0.1090	0.0021	-0.1111
76.275	-0.1089	0.0021	-0.1110
76.300	-0.1089	0.0021	-0.1110
76.325	-0.1088	0.0021	-0.1109
76.350	-0.1088	0.0021	-0.1109
76.375	-0.1087	0.0021	-0.1108
76.400	-0.1087	0.0021	-0.1107
76.425	-0.1086	0.0021	-0.1107
76.450	-0.1086	0.0021	-0.1106
76.475	-0.1085	0.0020	-0.1105
76.500	-0.1084	0.0020	-0.1105
76.525	-0.1084	0.0020	-0.1104
76.550	-0.1083	0.0020	-0.1103
76.575	-0.1083	0.0020	-0.1103
76.600	-0.1082	0.0020	-0.1102
76.625	-0.1082	0.0020	-0.1101
76.650	-0.1081	0.0019	-0.1100
76.675	-0.1080	0.0019	-0.1100
76.700	-0.1080	0.0019	-0.1099
76.725	-0.1079	0.0019	-0.1098
76.750	-0.1078	0.0019	-0.1097
76.775	-0.1078	0.0019	-0.1097
76.800	-0.1077	0.0019	-0.1096
76.825	-0.1076	0.0019	-0.1095
76.850	-0.1076	0.0019	-0.1094
76.875	-0.1075	0.0018	-0.1093
76.900	-0.1074	0.0018	-0.1093
76.925	-0.1073	0.0018	-0.1092
76.950	-0.1073	0.0018	-0.1091
76.975	-0.1072	0.0018	-0.1090
77.000	-0.1071	0.0018	-0.1089
77.025	-0.1070	0.0018	-0.1088
77.050	-0.1069	0.0018	-0.1088
77.075	-0.1069	0.0018	-0.1087
77.100	-0.1068	0.0018	-0.1086
77.125	-0.1067	0.0018	-0.1085
77.150	-0.1066	0.0018	-0.1084
77.175	-0.1065	0.0018	-0.1083
77.200	-0.1064	0.0018	-0.1082
77.225	-0.1063	0.0018	-0.1082
77.250	-0.1063	0.0018	-0.1081
77.275	-0.1062	0.0018	-0.1080
77.300	-0.1061	0.0018	-0.1079
77.325	-0.1060	0.0018	-0.1078
77.350	-0.1059	0.0019	-0.1077
77.375	-0.1058	0.0019	-0.1077
77.400	-0.1057	0.0019	-0.1076
77.425	-0.1056	0.0019	-0.1075
77.450	-0.1055	0.0019	-0.1074
77.475	-0.1054	0.0019	-0.1073
77.500	-0.1053	0.0019	-0.1072
77.525	-0.1052	0.0019	-0.1071
77.550	-0.1051	0.0019	-0.1071
77.575	-0.1050	0.0019	-0.1070
77.600	-0.1049	0.0020	-0.1069
77.625	-0.1048	0.0020	-0.1068
77.650	-0.1047	0.0020	-0.1067
77.675	-0.1046	0.0020	-0.1066
77.700	-0.1045	0.0020	-0.1065
77.725	-0.1044	0.0020	-0.1065
77.750	-0.1043	0.0020	-0.1064
77.775	-0.1042	0.0021	-0.1063
77.800	-0.1041	0.0021	-0.1062
77.825	-0.1039	0.0021	-0.1061
77.850	-0.1038	0.0022	-0.1059
77.875	-0.1036	0.0022	-0.1058
77.900	-0.1034	0.0022	-0.1056
77.925	-0.1032	0.0022	-0.1054
77.950	-0.1029	0.0023	-0.1052
77.975	-0.1026	0.0023	-0.1049
78.000	-0.1024	0.0023	-0.1047
78.025	-0.1023	0.0023	-0.1047
78.050	-0.1023	0.0023	-0.1047
78.075	-0.1023	0.0024	-0.1047
78.100	-0.1023	0.0024	-0.1047
78.125	-0.1023	0.0024	-0.1047
78.150	-0.1022	0.0024	-0.1046
78.175	-0.1022	0.0024	-0.1046
78.200	-0.1021	0.0024	-0.1045
78.225	-0.1021	0.0024	-0.1045
78.250	-0.1020	0.0024	-0.1044
78.275	-0.1020	0.0024	-0.1044
78.300	-0.1019	0.0024	-0.1043
78.325	-0.1019	0.0024	-0.1043
78.350	-0.1018	0.0024	-0.1042
78.375	-0.1018	0.0024	-0.1042
78.400	-0.1017	0.0025	-0.1042
78.425	-0.1017	0.0025	-0.1041
78.450	-0.1016	0.0025	-0.1041
78.475	-0.1016	0.0025	-0.1041
78.500	-0.1016	0.0025	-0.1040
78.525	-0.1015	0.0025	-0.1040
78.550	-0.1015	0.0025	-0.1040
78.575	-0.1014	0.0025	-0.1039
78.600	-0.1014	0.0025	-0.1039
78.625	-0.1013	0.0025	-0.1039
78.650	-0.1013	0.0025	-0.1038
78.675	-0.1012	0.0026	-0.1038
78.700	-0.1012	0.0026	-0.1038
78.725	-0.1011	0.0026	-0.1037
78.750	-0.1010	0.0026	-0.1037
78.775	-0.1010	0.0027	-0.1037
78.800	-0.1009	0.0027	-0.1036
78.825	-0.1009	0.0027	-0.1036
78.850	-0.1008	0.0027	-0.1035
78.875	-0.1008	0.0027	-0.1035
78.900	-0.1007	0.0027	-0.1035
78.925	-0.1007	0.0027	-0.1034
78.950	-0.1006	0.0028	-0.1034
78.975	-0.1006	0.0028	-0.1033
79.000	-0.1005	0.0028	-0.1033
79.025	-0.1005	0.0028	-0.1033
79.050	-0.1004	0.0028	-0.1032
79.075	-0.1004	0.0028	-0.1032
79.100	-0.1003	0.0028	-0.1031
79.125	-0.1003	0.0028	-0.1031
79.150	-0.1002	0.0028	-0.1030
79.175	-0.1002	0.0028	-0.1030
79.200	-0.1001	0.0028	-0.1029
79.225	-0.1001	0.0028	-0.1029
79.250	-0.1000	0.0028	-0.1028
79.275	-0.1000	0.0028	-0.1028
79.300	-0.0999	0.0028	-0.1027
79.325	-0.0998	0.0028	-0.1026
79.350	-0.0998	0.0028	-0.1025
79.375	-0.0997	0.0028	-0.1025
79.400	-0.0996	0.0028	-0.1024
79.425	-0.0995	0.0028	-0.1023
79.450	-0.0994	0.0028	-0.1022
79.475	-0.0994	0.0027	-0.1021
79.500	-0.0993	0.0027	-0.1020
79.525	-0.0992	0.0027	-0.1019
79.550	-0.0991	0.0027	-0.1018
79.575	-0.0990	0.0027	-0.1017
79.600	-0.0989	0.0027	-0.1016
79.625	-0.0988	0.0027	-0.1015
79.650	-0.0987	0.0027	-0.1014
79.675	-0.0987	0.0027	-0.1013
79.700	-0.0986	0.0027	-0.1012
79.725	-0.0985	0.0026	-0.1011
79.750	-0.0984	0.0026	-0.1010
79.775	-0.0983	0.0026	-0.1009
79.800	-0.0982	0.0026	-0.1008
79.825	-0.0981	0.0026	-0.1007
79.850	-0.0980	0.0026	-0.1006
79.875	-0.0979	0.0026	-0.1005
79.900	-0.0978	0.0026	-0.1004
79.925	-0.0977	0.0026	-0.1002
79.950	-0.0976	0.0026	-0.1001
79.975	-0.0975	0.0026	-0.1000
80.000	-0.0974	0.0025	-0.0999
80.025	-0.0972	0.0025	-0.0998
80.050	-0.0971	0.0025	-0.0997
80.075	-0.0970	0.0025	-0.0996
80.100	-0.0969	0.0025	-0.0994
80.125	-0.0968	0.0025	-0.0993
80.150	-0.0967	0.0025	-0.0992
80.175	-0.0966	0.0025	-0.0991
80.200	-0.0964	0.0025	-0.0990
80.225	-0.0963	0.0025	-0.0988
80.250	-0.0962	0.0025	-0.0987
80.275	-0.0961	0.0025	-0.0986
80.300	-0.0959	0.0025	-0.0985
80.325	-0.0958	0.0025	-0.0984
80.350	-0.0957	0.0025	-0.0982
80.375	-0.0956	0.0025	-0.0981
80.400	-0.0954	0.0025	-0.0980
80.425	-0.0953	0.0025	-0.0979
80.450	-0.0952	0.0026	-0.0977
80.475	-0.0951	0.0026	-0.0976
80.500	-0.0949	0.0026	-0.0975
80.525	-0.0948	0.0026	-0.0974
80.550	-0.0946	0.0026	-0.0972
80.575	-0.0945	0.0026	-0.0971
80.600	-0.0944	0.0026	-0.0970
80.625	-0.0942	0.0026	-0.0969
80.650	-0.0941	0.0026	-0.0967
80.675	-0.0940	0.0026	-0.0966
80.700	-0.0938	0.0027	-0.0965
80.725	-0.0937	0.0027	-0.0964
80.750	-0.0936	0.0027	-0.0962
80.775	-0.0934	0.0027	-0.0961
80.800	-0.0933	0.0027	-0.0960
80.825	-0.0931	0.0027	-0.0959
80.850	-0.0930	0.0027	-0.0957
80.875	-0.0928	0.0028	-0.0956
80.900	-0.0927	0.0028	-0.0955
80.925	-0.0926	0.0028	-0.0953
80.950	-0.0924	0.0028	-0.0952
80.975	-0.0923	0.0028	-0.0951
81.000	-0.0921	0.0028	-0.0950
81.025	-0.0920	0.0028	-0.0948
81.050	-0.0918	0.0029	-0.0947
81.075	-0.0917	0.0029	-0.0945
81.100	-0.0915	0.0029	-0.0944
81.125	-0.0913	0.0029	-0.0942
81.150	-0.0910	0.0029	-0.0939
81.175	-0.0907	0.0029	-0.0936
81.200	-0.0900	0.0029	-0.0929
81.225	-0.0891	0.0030	-0.0920
81.250	-0.0890	0.0030	-0.0920
81.275	-0.0891	0.0030	-0.0922
81.300	-0.0892	0.0031	-0.0922
81.325	-0.0891	0.0031	-0.0921
81.350	-0.0889	0.0031	-0.0920
81.375	-0.0886	0.0031	-0.0918
81.400	-0.0884	0.0031	-0.0915
81.425	-0.0881	0.0032	-0.0912
81.450	-0.0878	0.0032	-0.0910
81.475	-0.0877	0.0032	-0.0909
81.500	-0.0875	0.0032	-0.0907
81.525	-0.0874	0.0032	-0.0907
81.550	-0.0874	0.0033	-0.0906
81.575	-0.0873	0.0033	-0.0906
81.600	-0.0872	0.0033	-0.0905
81.625	-0.0871	0.0033	-0.0905
81.650	-0.0871	0.0034	-0.0904
81.675	-0.0870	0.0034	-0.0904
81.700	-0.0869	0.0034	-0.0903
81.725	-0.0869	0.0034	-0.0903
81.750	-0.0868	0.0034	-0.0903
81.775	-0.0868	0.0034	-0.0903
81.800	-0.0868	0.0035	-0.0902
81.825	-0.0868	0.0035	-0.0902
81.850	-0.0867	0.0035	-0.0902
81.875	-0.0867	0.0035	-0.0902
81.900	-0.0867	0.0035	-0.0902
81.925	-0.0867	0.0035	-0.0903
81.950	-0.0867	0.0035	-0.0903
81.975	-0.0867	0.0035	-0.0903
82.000	-0.0867	0.0036	-0.0903
82.025	-0.0867	0.0036	-0.0903
82.050	-0.0867	0.0036	-0.0903
82.075	-0.0867	0.0036	-0.0903
82.100	-0.0867	0.0036	-0.0903
82.125	-0.0867	0.0036	-0.0903
82.150	-0.0867	0.0036	-0.0903
82.175	-0.0867	0.0036	-0.0903
82.200	-0.0867	0.0036	-0.0903
82.225	-0.0867	0.0036	-0.0903
82.250	-0.0867	0.0036	-0.0903
82.275	-0.0867	0.0036	-0.0903
82.300	-0.0867	0.0036	-0.0903
82.325	-0.0866	0.0036	-0.0903
82.350	-0.0866	0.0036	-0.0903
82.375	-0.0866	0.0037	-0.0902
82.400	-0.0865	0.0037	-0.0902
82.425	-0.0865	0.0037	-0.0902
82.450	-0.0864	0.0037	-0.0902
82.475	-0.0864	0.0038	-0.0901
82.500	-0.0863	0.0038	-0.0901
82.525	-0.0863	0.0038	-0.0901
82.550	-0.0862	0.0038	-0.0900
82.575	-0.0862	0.0038	-0.0900
82.600	-0.0861	0.0039	-0.0900
82.625	-0.0860	0.0039	-0.0899
82.650	-0.0860	0.0039	-0.0899
82.675	-0.0859	0.0039	-0.0898
82.700	-0.0858	0.0039	-0.0898
82.725	-0.0858	0.0039	-0.0897
82.750	-0.0857	0.0040	-0.0897
82.775	-0.0856	0.0040	-0.0896
82.800	-0.0856	0.0040	-0.0895
82.825	-0.0855	0.0040	-0.0895
82.850	-0.0854	0.0040	-0.0894
82.875	-0.0853	0.0040	-0.0893
82.900	-0.0852	0.0040	-0.0892
82.925	-0.0852	0.0040	-0.0892
82.950	-0.0851	0.0040	-0.0891
82.975	-0.0850	0.0040	-0.0890
83.000	-0.0849	0.0040	-0.0889
83.025	-0.0848	0.0040	-0.0888
83.050	-0.0847	0.0041	-0.0887
83.075	-0.0845	0.0041	-0.0886
83.100	-0.0844	0.0041	-0.0885
83.125	-0.0843	0.0041	-0.0884
83.150	-0.0842	0.0042	-0.0883
83.175	-0.0840	0.0042	-0.0882
83.200	-0.0839	0.0042	-0.0881
83.225	-0.0838	0.0042	-0.0880
83.250	-0.0837	0.0043	-0.0879
83.275	-0.0835	0.0043	-0.0878
83.300	-0.0834	0.0043	-0.0877
83.325	-0.0833	0.0043	-0.0876
83.350	-0.0831	0.0043	-0.0875
83.375	-0.0830	0.0043	-0.0873
83.400	-0.0829	0.0044	-0.0872
83.425	-0.0827	0.0044	-0.0871
83.450	-0.0826	0.0044	-0.0870
83.475	-0.0825	0.0044	-0.0869
83.500	-0.0823	0.0044	-0.0867
83.525	-0.0822	0.0044	-0.0866
83.550	-0.0820	0.0045	-0.0865
83.575	-0.0819	0.0045	-0.0864
83.600	-0.0817	0.0045	-0.0862
83.625	-0.0816	0.0045	-0.0861
83.650	-0.0814	0.0046	-0.0860
83.675	-0.0813	0.0046	-0.0859
83.700	-0.0811	0.0046	-0.0857
83.725	-0.0810	0.0046	-0.0856
83.750	-0.0808	0.0047	-0.0855
83.775	-0.0806	0.0047	-0.0853
83.800	-0.0805	0.0047	-0.0852
83.825	-0.0803	0.0047	-0.0851
83.850	-0.0802	0.0047	-0.0849
83.875	-0.0800	0.0048	-0.0848
83.900	-0.0799	0.0048	-0.0846
83.925	-0.0797	0.0048	-0.0845
83.950	-0.0795	0.0048	-0.0844
83.975	-0.0793	0.0049	-0.0842
84.000	-0.0792	0.0049	-0.0841
84.025	-0.0790	0.0049	-0.0839
84.050	-0.0788	0.0050	-0.0837
84.075	-0.0786	0.0050	-0.0836
84.100	-0.0784	0.0050	-0.0834
84.125	-0.0782	0.0051	-0.0833
84.150	-0.0780	0.0051	-0.0831
84.175	-0.0778	0.0051	-0.0829
84.200	-0.0776	0.0051	-0.0827
84.225	-0.0774	0.0052	-0.0826
84.250	-0.0772	0.0052	-0.0824
84.275	-0.0770	0.0052	-0.0822
84.300	-0.0768	0.0052	-0.0820
84.325	-0.0766	0.0052	-0.0819
84.350	-0.0764	0.0052	-0.0817
84.375	-0.0762	0.0053	-0.0815
84.400	-0.0760	0.0053	-0.0813
84.425	-0.0759	0.0053	-0.0811
84.450	-0.0757	0.0053	-0.0810
84.475	-0.0755	0.0053	-0.0808
84.500	-0.0753	0.0053	-0.0806
84.525	-0.0751	0.0053	-0.0804
84.550	-0.0749	0.0053	-0.0802
84.575	-0.0747	0.0053	-0.0800
84.600	-0.0745	0.0053	-0.0799
84.625	-0.0743	0.0053	-0.0797
84.650	-0.0741	0.0054	-0.0795
84.675	-0.0739	0.0054	-0.0793
84.700	-0.0738	0.0054	-0.0791
84.725	-0.0736	0.0054	-0.0790
84.750	-0.0734	0.0054	-0.0788
84.775	-0.0732	0.0054	-0.0786
84.800	-0.0730	0.0054	-0.0784
84.825	-0.0728	0.0055	-0.0782
84.850	-0.0726	0.0055	-0.0780
84.875	-0.0724	0.0055	-0.0779
84.900	-0.0721	0.0055	-0.0777
84.925	-0.0719	0.0056	-0.0775
84.950	-0.0717	0.0056	-0.0773
84.975	-0.0715	0.0057	-0.0771
85.000	-0.0713	0.0057	-0.0770
85.025	-0.0710	0.0058	-0.0768
85.050	-0.0708	0.0058	-0.0766
85.075	-0.0706	0.0058	-0.0764
85.100	-0.0704	0.0059	-0.0762
85.125	-0.0701	0.0059	-0.0760
85.150	-0.0699	0.0059	-0.0758
85.175	-0.0697	0.0060	-0.0756
85.200	-0.0694	0.0060	-0.0754
85.225	-0.0692	0.0060	-0.0752
85.250	-0.0689	0.0060	-0.0750
85.275	-0.0687	0.0061	-0.0747
85.300	-0.0684	0.0061	-0.0745
85.325	-0.0682	0.0061	-0.0742
85.350	-0.0679	0.0061	-0.0740
85.375	-0.0677	0.0061	-0.0738
85.400	-0.0675	0.0061	-0.0736
85.425	-0.0672	0.0062	-0.0734
85.450	-0.0670	0.0062	-0.0732
85.475	-0.0667	0.0062	-0.0729
85.500	-0.0661	0.0062	-0.0723
85.525	-0.0652	0.0062	-0.0714
85.550	-0.0648	0.0062	-0.0710
85.575	-0.0649	0.0062	-0.0712
85.600	-0.0650	0.0062	-0.0713
85.625	-0.0649	0.0063	-0.0712
85.650	-0.0647	0.0063	-0.0710
85.675	-0.0645	0.0063	-0.0708
85.700	-0.0642	0.0063	-0.0705
85.725	-0.0640	0.0063	-0.0703
85.750	-0.0637	0.0063	-0.0700
85.775	-0.0634	0.0063	-0.0697
85.800	-0.0631	0.0064	-0.0695
85.825	-0.0628	0.0064	-0.0692
85.850	-0.0626	0.0064	-0.0689
85.875	-0.0623	0.0064	-0.0687
85.900	-0.0621	0.0064	-0.0685
85.925	-0.0618	0.0064	-0.0682
85.950	-0.0616	0.0064	-0.0680
85.975	-0.0614	0.0064	-0.0678
86.000	-0.0612	0.0064	-0.0676
86.025	-0.0610	0.0064	-0.0674
86.050	-0.0608	0.0064	-0.0672
86.075	-0.0606	0.0064	-0.0670
86.100	-0.0603	0.0064	-0.0667
86.125	-0.0598	0.0064	-0.0662
86.150	-0.0589	0.0064	-0.0653
86.175	-0.0584	0.0064	-0.0648
86.200	-0.0587	0.0064	-0.0651
86.225	-0.0589	0.0064	-0.0653
86.250	-0.0590	0.0064	-0.0654
86.275	-0.0590	0.0064	-0.0654
86.300	-0.0590	0.0064	-0.0654
86.325	-0.0590	0.0064	-0.0654
86.350	-0.0589	0.0064	-0.0653
86.375	-0.0589	0.0064	-0.0653
86.400	-0.0588	0.0064	-0.0652
86.425	-0.0588	0.0065	-0.0652
86.450	-0.0587	0.0065	-0.0652
86.475	-0.0586	0.0065	-0.0651
86.500	-0.0586	0.0065	-0.0651
86.525	-0.0585	0.0065	-0.0650
86.550	-0.0584	0.0065	-0.0649
86.575	-0.0583	0.0065	-0.0649
86.600	-0.0583	0.0066	-0.0648
86.625	-0.0582	0.0066	-0.0647
86.650	-0.0581	0.0066	-0.0647
86.675	-0.0579	0.0066	-0.0646
86.700	-0.0578	0.0066	-0.0645
86.725	-0.0577	0.0067	-0.0643
86.750	-0.0575	0.0067	-0.0642
86.775	-0.0573	0.0067	-0.0640
86.800	-0.0570	0.0067	-0.0637
86.825	-0.0566	0.0067	-0.0633
86.850	-0.0561	0.0067	-0.0629
86.875	-0.0558	0.0068	-0.0626
86.900	-0.0557	0.0068	-0.0625
86.925	-0.0557	0.0068	-0.0625
86.950	-0.0557	0.0068	-0.0625
86.975	-0.0556	0.0068	-0.0625
87.000	-0.0555	0.0068	-0.0624
87.025	-0.0554	0.0069	-0.0622
87.050	-0.0552	0.0069	-0.0621
87.075	-0.0550	0.0069	-0.0619
87.100	-0.0548	0.0069	-0.0618
87.125	-0.0547	0.0069	-0.0616
87.150	-0.0545	0.0070	-0.0614
87.175	-0.0543	0.0070	-0.0613
87.200	-0.0541	0.0070	-0.0611
87.225	-0.0539	0.0070	-0.0609
87.250	-0.0536	0.0070	-0.0606
87.275	-0.0532	0.0071	-0.0603
87.300	-0.0525	0.0071	-0.0596
87.325	-0.0516	0.0071	-0.0587
87.350	-0.0515	0.0071	-0.0586
87.375	-0.0517	0.0071	-0.0588
87.400	-0.0517	0.0071	-0.0589
87.425	-0.0517	0.0071	-0.0588
87.450	-0.0515	0.0072	-0.0587
87.475	-0.0514	0.0072	-0.0585
87.500	-0.0512	0.0072	-0.0584
87.525	-0.0510	0.0072	-0.0582
87.550	-0.0508	0.0072	-0.0580
87.575	-0.0506	0.0072	-0.0578
87.600	-0.0504	0.0072	-0.0576
87.625	-0.0502	0.0072	-0.0575
87.650	-0.0500	0.0073	-0.0573
87.675	-0.0498	0.0073	-0.0571
87.700	-0.0496	0.0073	-0.0569
87.725	-0.0494	0.0074	-0.0568
87.750	-0.0492	0.0074	-0.0566
87.775	-0.0490	0.0074	-0.0564
87.800	-0.0487	0.0075	-0.0562
87.825	-0.0484	0.0075	-0.0559
87.850	-0.0480	0.0076	-0.0555
87.875	-0.0474	0.0076	-0.0550
87.900	-0.0469	0.0076	-0.0546
87.925	-0.0468	0.0076	-0.0544
87.950	-0.0468	0.0077	-0.0544
87.975	-0.0468	0.0077	-0.0545
88.000	-0.0467	0.0077	-0.0544
88.025	-0.0466	0.0077	-0.0543
88.050	-0.0464	0.0077	-0.0541
88.075	-0.0462	0.0077	-0.0539
88.100	-0.0460	0.0078	-0.0537
88.125	-0.0457	0.0078	-0.0535
88.150	-0.0455	0.0078	-0.0532
88.175	-0.0452	0.0078	-0.0530
88.200	-0.0450	0.0078	-0.0528
88.225	-0.0447	0.0078	-0.0525
88.250	-0.0445	0.0078	-0.0523
88.275	-0.0443	0.0078	-0.0520
88.300	-0.0440	0.0078	-0.0518
88.325	-0.0438	0.0078	-0.0515
88.350	-0.0435	0.0077	-0.0513
88.375	-0.0433	0.0077	-0.0511
88.400	-0.0431	0.0077	-0.0508
88.425	-0.0429	0.0077	-0.0506
88.450	-0.0426	0.0077	-0.0503
88.475	-0.0424	0.0077	-0.0501
88.500	-0.0421	0.0077	-0.0498
88.525	-0.0417	0.0077	-0.0494
88.550	-0.0411	0.0077	-0.0488
88.575	-0.0402	0.0077	-0.0479
88.600	-0.0397	0.0077	-0.0474
88.625	-0.0398	0.0077	-0.0475
88.650	-0.0399	0.0077	-0.0476
88.675	-0.0398	0.0078	-0.0476
88.700	-0.0397	0.0078	-0.0475
88.725	-0.0395	0.0078	-0.0473
88.750	-0.0392	0.0079	-0.0471
88.775	-0.0389	0.0079	-0.0468
88.800	-0.0384	0.0079	-0.0463
88.825	-0.0376	0.0079	-0.0455
88.850	-0.0372	0.0079	-0.0451
88.875	-0.0373	0.0080	-0.0452
88.900	-0.0374	0.0080	-0.0454
88.925	-0.0374	0.0080	-0.0454
88.950	-0.0373	0.0080	-0.0453
88.975	-0.0372	0.0080	-0.0452
89.000	-0.0370	0.0080	-0.0450
89.025	-0.0368	0.0080	-0.0448
89.050	-0.0365	0.0080	-0.0445
89.075	-0.0360	0.0080	-0.0440
89.100	-0.0352	0.0080	-0.0432
89.125	-0.0348	0.0080	-0.0427
89.150	-0.0349	0.0080	-0.0428
89.175	-0.0350	0.0080	-0.0430
89.200	-0.0350	0.0080	-0.0430
89.225	-0.0350	0.0079	-0.0429
89.250	-0.0349	0.0079	-0.0428
89.275	-0.0347	0.0079	-0.0427
89.300	-0.0346	0.0079	-0.0425
89.325	-0.0344	0.0079	-0.0424
89.350	-0.0342	0.0079	-0.0422
89.375	-0.0340	0.0079	-0.0420
89.400	-0.0338	0.0079	-0.0418
89.425	-0.0336	0.0079	-0.0415
89.450	-0.0334	0.0079	-0.0413
89.475	-0.0333	0.0079	-0.0413
89.500	-0.0333	0.0079	-0.0413
89.525	-0.0334	0.0079	-0.0413
89.550	-0.0334	0.0079	-0.0414
89.575	-0.0334	0.0079	-0.0414
89.600	-0.0335	0.0080	-0.0414
89.625	-0.0335	0.0080	-0.0414
89.650	-0.0335	0.0080	-0.0414
89.675	-0.0334	0.0080	-0.0414
89.700	-0.0334	0.0080	-0.0414
89.725	-0.0334	0.0080	-0.0414
89.750	-0.0334	0.0080	-0.0414
89.775	-0.0334	0.0080	-0.0413
89.800	-0.0333	0.0080	-0.0413
89.825	-0.0333	0.0080	-0.0413
89.850	-0.0333	0.0080	-0.0413
89.875	-0.0332	0.0080	-0.0412
89.900	-0.0332	0.0080	-0.0412
89.925	-0.0331	0.0080	-0.0411
89.950	-0.0331	0.0080	-0.0411
89.975	-0.0330	0.0080	-0.0410
90.000	-0.0329	0.0080	-0.0409
90.025	-0.0328	0.0080	-0.0409
90.050	-0.0327	0.0080	-0.0408
90.075	-0.0327	0.0080	-0.0407
90.100	-0.0326	0.0080	-0.0406
90.125	-0.0324	0.0081	-0.0405
90.150	-0.0323	0.0081	-0.0404
90.175	-0.0322	0.0081	-0.0403
90.200	-0.0321	0.0081	-0.0402
90.225	-0.0319	0.0081	-0.0400
90.250	-0.0318	0.0081	-0.0399
90.275	-0.0317	0.0081	-0.0398
90.300	-0.0315	0.0081	-0.0396
90.325	-0.0313	0.0081	-0.0395
90.350	-0.0312	0.0081	-0.0393
90.375	-0.0310	0.0081	-0.0391
90.400	-0.0308	0.0082	-0.0390
90.425	-0.0306	0.0082	-0.0388
90.450	-0.0304	0.0082	-0.0386
90.475	-0.0302	0.0082	-0.0384
90.500	-0.0300	0.0082	-0.0383
90.525	-0.0298	0.0082	-0.0381
90.550	-0.0296	0.0082	-0.0379
90.575	-0.0294	0.0083	-0.0377
90.600	-0.0292	0.0083	-0.0375
90.625	-0.0290	0.0083	-0.0372
90.650	-0.0287	0.0083	-0.0370
90.675	-0.0285	0.0083	-0.0368
90.700	-0.0282	0.0083	-0.0366
90.725	-0.0280	0.0084	-0.0364
90.750	-0.0277	0.0084	-0.0361
90.775	-0.0275	0.0084	-0.0359
90.800	-0.0272	0.0084	-0.0356
90.825	-0.0269	0.0085	-0.0354
90.850	-0.0266	0.0085	-0.0351
90.875	-0.0264	0.0085	-0.0349
90.900	-0.0261	0.0085	-0.0346
90.925	-0.0258	0.0086	-0.0343
90.950	-0.0255	0.0086	-0.0341
90.975	-0.0251	0.0086	-0.0338
91.000	-0.0248	0.0087	-0.0335
91.025	-0.0245	0.0087	-0.0332
91.050	-0.0241	0.0087	-0.0328
91.075	-0.0237	0.0088	-0.0325
91.100	-0.0233	0.0089	-0.0321
91.125	-0.0228	0.0089	-0.0317
91.150	-0.0222	0.0090	-0.0313
91.175	-0.0216	0.0091	-0.0307
91.200	-0.0207	0.0092	-0.0299
91.225	-0.0196	0.0092	-0.0289
91.250	-0.0187	0.0093	-0.0280
91.275	-0.0177	0.0094	-0.0271
91.300	-0.0166	0.0094	-0.0261
91.325	-0.0159	0.0095	-0.0254
91.350	-0.0156	0.0095	-0.0251
91.375	-0.0153	0.0096	-0.0249
91.400	-0.0148	0.0096	-0.0244
91.425	-0.0139	0.0097	-0.0235
91.450	-0.0127	0.0097	-0.0224
91.475	-0.0115	0.0098	-0.0212
91.500	-0.0103	0.0098	-0.0201
91.525	-0.0091	0.0098	-0.0190
91.550	-0.0082	0.0098	-0.0180
91.575	-0.0072	0.0099	-0.0171
91.600	-0.0063	0.0099	-0.0161
91.625	-0.0050	0.0099	-0.0149
91.650	-0.0033	0.0099	-0.0132
91.675	-0.0016	0.0099	-0.0116
91.700	-0.0008	0.0100	-0.0108
91.725	-0.0007	0.0100	-0.0107
91.750	-0.0006	0.0100	-0.0106
91.775	-0.0002	0.0100	-0.0102
91.800	0.0006	0.0100	-0.0095
91.825	0.0017	0.0101	-0.0083
91.850	0.0034	0.0101	-0.0067
91.875	0.0054	0.0101	-0.0047
91.900	0.0076	0.0101	-0.0025
91.925	0.0100	0.0101	-0.0001
91.950	0.0125	0.0101	0.0024
91.975	0.0144	0.0102	0.0042
92.000	0.0147	0.0102	0.0045
92.025	0.0144	0.0102	0.0042
92.050	0.0140	0.0102	0.0038
92.075	0.0138	0.0102	0.0036
92.100	0.0140	0.0102	0.0037
92.125	0.0146	0.0103	0.0044
92.150	0.0155	0.0103	0.0052
92.175	0.0163	0.0103	0.0061
92.200	0.0170	0.0103	0.0066
92.225	0.0175	0.0103	0.0071
92.250	0.0181	0.0104	0.0078
92.275	0.0187	0.0104	0.0083
92.300	0.0192	0.0104	0.0089
92.325	0.0196	0.0104	0.0092
92.350	0.0202	0.0104	0.0097
92.375	0.0211	0.0104	0.0107
92.400	0.0226	0.0105	0.0121
92.425	0.0241	0.0105	0.0136
92.450	0.0248	0.0105	0.0143
92.475	0.0243	0.0105	0.0138
92.500	0.0235	0.0105	0.0130
92.525	0.0230	0.0105	0.0124
92.550	0.0231	0.0105	0.0125
92.575	0.0235	0.0106	0.0130
92.600	0.0237	0.0106	0.0131
92.625	0.0233	0.0106	0.0127
92.650	0.0229	0.0107	0.0122
92.675	0.0226	0.0107	0.0119
92.700	0.0224	0.0108	0.0116
92.725	0.0224	0.0108	0.0116
92.750	0.0225	0.0108	0.0116
92.775	0.0224	0.0109	0.0116
92.800	0.0222	0.0109	0.0113
92.825	0.0217	0.0110	0.0107
92.850	0.0208	0.0110	0.0098
92.875	0.0197	0.0110	0.0087
92.900	0.0185	0.0110	0.0075
92.925	0.0174	0.0111	0.0063
92.950	0.0163	0.0111	0.0052
92.975	0.0153	0.0111	0.0042
93.000	0.0144	0.0111	0.0032
93.025	0.0135	0.0111	0.0024
93.050	0.0129	0.0111	0.0017
93.075	0.0125	0.0112	0.0013
93.100	0.0123	0.0112	0.0011
93.125	0.0119	0.0112	0.0007
93.150	0.0112	0.0112	0.0000
93.175	0.0106	0.0112	-0.0006
93.200	0.0098	0.0112	-0.0014
93.225	0.0084	0.0112	-0.0028
93.250	0.0067	0.0112	-0.0044
93.275	0.0051	0.0111	-0.0060
93.300	0.0035	0.0111	-0.0077
93.325	0.0018	0.0111	-0.0093
93.350	0.0001	0.0111	-0.0110
93.375	-0.0014	0.0111	-0.0126
93.400	-0.0029	0.0111	-0.0141
93.425	-0.0044	0.0111	-0.0155
93.450	-0.0058	0.0111	-0.0169
93.475	-0.0073	0.0111	-0.0184
93.500	-0.0088	0.0111	-0.0198
93.525	-0.0103	0.0110	-0.0213
93.550	-0.0117	0.0110	-0.0228
93.575	-0.0133	0.0110	-0.0243
93.600	-0.0148	0.0110	-0.0258
93.625	-0.0163	0.0110	-0.0273
93.650	-0.0178	0.0110	-0.0288
93.675	-0.0194	0.0110	-0.0303
93.700	-0.0208	0.0110	-0.0318
93.725	-0.0223	0.0110	-0.0333
93.750	-0.0238	0.0109	-0.0348
93.775	-0.0253	0.0109	-0.0362
93.800	-0.0268	0.0109	-0.0377
93.825	-0.0282	0.0109	-0.0391
93.850	-0.0296	0.0109	-0.0405
93.875	-0.0310	0.0109	-0.0419
93.900	-0.0324	0.0109	-0.0432
93.925	-0.0337	0.0109	-0.0446
93.950	-0.0351	0.0109	-0.0459
93.975	-0.0364	0.0108	-0.0472
94.000	-0.0376	0.0108	-0.0485
94.025	-0.0389	0.0108	-0.0497
94.050	-0.0401	0.0108	-0.0508
94.075	-0.0412	0.0108	-0.0520
94.100	-0.0423	0.0107	-0.0531
94.125	-0.0434	0.0107	-0.0541
94.150	-0.0444	0.0107	-0.0551
94.175	-0.0454	0.0107	-0.0560
94.200	-0.0463	0.0106	-0.0569
94.225	-0.0472	0.0106	-0.0578
94.250	-0.0480	0.0106	-0.0586
94.275	-0.0488	0.0105	-0.0593
94.300	-0.0496	0.0105	-0.0601
94.325	-0.0503	0.0105	-0.0607
94.350	-0.0509	0.0104	-0.0614
94.375	-0.0516	0.0104	-0.0620
94.400	-0.0522	0.0104	-0.0625
94.425	-0.0527	0.0104	-0.0631
94.450	-0.0532	0.0103	-0.0636
94.475	-0.0537	0.0103	-0.0640
94.500	-0.0542	0.0103	-0.0644
94.525	-0.0546	0.0103	-0.0648
94.550	-0.0549	0.0102	-0.0652
94.575	-0.0553	0.0102	-0.0655
94.600	-0.0556	0.0102	-0.0658
94.625	-0.0558	0.0102	-0.0660
94.650	-0.0561	0.0102	-0.0662
94.675	-0.0563	0.0101	-0.0664
94.700	-0.0565	0.0101	-0.0666
94.725	-0.0566	0.0101	-0.0667
94.750	-0.0568	0.0101	-0.0668
94.775	-0.0569	0.0101	-0.0669
94.800	-0.0570	0.0100	-0.0670
94.825	-0.0570	0.0100	-0.0670
94.850	-0.0571	0.0100	-0.0671
94.875	-0.0571	0.0100	-0.0671
94.900	-0.0571	0.0100	-0.0671
94.925	-0.0571	0.0099	-0.0670
94.950	-0.0571	0.0099	-0.0670
94.975	-0.0570	0.0099	-0.0669
95.000	-0.0570	0.0099	-0.0668
95.025	-0.0569	0.0099	-0.0667
95.050	-0.0568	0.0099	-0.0666
95.075	-0.0567	0.0098	-0.0665
95.100	-0.0566	0.0098	-0.0664
95.125	-0.0564	0.0098	-0.0663
95.150	-0.0563	0.0098	-0.0661
95.175	-0.0561	0.0098	-0.0659
95.200	-0.0560	0.0098	-0.0658
95.225	-0.0558	0.0098	-0.0656
95.250	-0.0556	0.0098	-0.0654
95.275	-0.0555	0.0098	-0.0652
95.300	-0.0553	0.0097	-0.0650
95.325	-0.0551	0.0097	-0.0648
95.350	-0.0549	0.0097	-0.0646
95.375	-0.0547	0.0097	-0.0644
95.400	-0.0545	0.0097	-0.0642
95.425	-0.0542	0.0097	-0.0640
95.450	-0.0540	0.0097	-0.0637
95.475	-0.0538	0.0097	-0.0635
95.500	-0.0536	0.0097	-0.0633
95.525	-0.0534	0.0097	-0.0630
95.550	-0.0531	0.0097	-0.0628
95.575	-0.0529	0.0097	-0.0626
95.600	-0.0527	0.0097	-0.0623
95.625	-0.0524	0.0097	-0.0621
95.650	-0.0522	0.0097	-0.0618
95.675	-0.0519	0.0097	-0.0616
95.700	-0.0517	0.0097	-0.0613
95.725	-0.0514	0.0097	-0.0611
95.750	-0.0512	0.0097	-0.0608
95.775	-0.0509	0.0097	-0.0606
95.800	-0.0506	0.0097	-0.0603
95.825	-0.0504	0.0097	-0.0601
95.850	-0.0501	0.0097	-0.0598
95.875	-0.0498	0.0097	-0.0595
95.900	-0.0496	0.0097	-0.0593
95.925	-0.0493	0.0097	-0.0590
95.950	-0.0490	0.0097	-0.0587
95.975	-0.0487	0.0097	-0.0585
96.000	-0.0484	0.0097	-0.0582
96.025	-0.0481	0.0098	-0.0579
96.050	-0.0479	0.0098	-0.0576
96.075	-0.0476	0.0098	-0.0573
96.100	-0.0473	0.0098	-0.0571
96.125	-0.0470	0.0098	-0.0568
96.150	-0.0467	0.0098	-0.0565
96.175	-0.0464	0.0099	-0.0563
96.200	-0.0461	0.0099	-0.0560
96.225	-0.0458	0.0100	-0.0557
96.250	-0.0455	0.0100	-0.0555
96.275	-0.0452	0.0100	-0.0552
96.300	-0.0449	0.0100	-0.0549
96.325	-0.0446	0.0101	-0.0547
96.350	-0.0443	0.0101	-0.0544
96.375	-0.0440	0.0101	-0.0542
96.400	-0.0438	0.0102	-0.0539
96.425	-0.0435	0.0102	-0.0537
96.450	-0.0432	0.0102	-0.0534
96.475	-0.0429	0.0102	-0.0532
96.500	-0.0426	0.0103	-0.0529
96.525	-0.0424	0.0103	-0.0527
96.550	-0.0421	0.0103	-0.0524
96.575	-0.0418	0.0103	-0.0521
96.600	-0.0415	0.0103	-0.0519
96.625	-0.0413	0.0104	-0.0516
96.650	-0.0410	0.0104	-0.0514
96.675	-0.0407	0.0104	-0.0512
96.700	-0.0405	0.0104	-0.0509
96.725	-0.0402	0.0104	-0.0507
96.750	-0.0399	0.0105	-0.0504
96.775	-0.0396	0.0105	-0.0501
96.800	-0.0393	0.0105	-0.0498
96.825	-0.0390	0.0105	-0.0496
96.850	-0.0387	0.0105	-0.0493
96.875	-0.0384	0.0106	-0.0490
96.900	-0.0381	0.0106	-0.0487
96.925	-0.0377	0.0106	-0.0484
96.950	-0.0374	0.0106	-0.0481
96.975	-0.0371	0.0107	-0.0478
97.000	-0.0368	0.0107	-0.0475
97.025	-0.0365	0.0107	-0.0472
97.050	-0.0362	0.0107	-0.0469
97.075	-0.0359	0.0108	-0.0466
97.100	-0.0356	0.0108	-0.0463
97.125	-0.0353	0.0108	-0.0461
97.150	-0.0350	0.0108	-0.0458
97.175	-0.0347	0.0108	-0.0455
97.200	-0.0344	0.0109	-0.0453
97.225	-0.0342	0.0109	-0.0450
97.250	-0.0339	0.0109	-0.0448
97.275	-0.0337	0.0109	-0.0446
97.300	-0.0334	0.0109	-0.0443
97.325	-0.0332	0.0109	-0.0441
97.350	-0.0330	0.0109	-0.0439
97.375	-0.0328	0.0110	-0.0437
97.400	-0.0326	0.0110	-0.0435
97.425	-0.0324	0.0110	-0.0433
97.450	-0.0322	0.0110	-0.0432
97.475	-0.0320	0.0110	-0.0430
97.500	-0.0318	0.0110	-0.0428
97.525	-0.0316	0.0110	-0.0427
97.550	-0.0315	0.0110	-0.0425
97.575	-0.0313	0.0110	-0.0423
97.600	-0.0311	0.0111	-0.0422
97.625	-0.0310	0.0111	-0.0421
97.650	-0.0308	0.0111	-0.0419
97.675	-0.0307	0.0111	-0.0418
97.700	-0.0305	0.0111	-0.0417
97.725	-0.0304	0.0112	-0.0415
97.750	-0.0302	0.0112	-0.0414
97.775	-0.0301	0.0112	-0.0413
97.800	-0.0299	0.0112	-0.0412
97.825	-0.0298	0.0113	-0.0411
97.850	-0.0297	0.0113	-0.0409
97.875	-0.0295	0.0113	-0.0408
97.900	-0.0294	0.0113	-0.0407
97.925	-0.0292	0.0114	-0.0406
97.950	-0.0291	0.0114	-0.0404
97.975	-0.0289	0.0114	-0.0403
98.000	-0.0288	0.0114	-0.0402
98.025	-0.0286	0.0115	-0.0401
98.050	-0.0285	0.0115	-0.0399
98.075	-0.0283	0.0115	-0.0398
98.100	-0.0282	0.0115	-0.0397
98.125	-0.0280	0.0115	-0.0396
98.150	-0.0279	0.0116	-0.0394
98.175	-0.0277	0.0116	-0.0393
98.200	-0.0276	0.0116	-0.0392
98.225	-0.0274	0.0116	-0.0391
98.250	-0.0273	0.0117	-0.0390
98.275	-0.0272	0.0117	-0.0388
98.300	-0.0270	0.0117	-0.0387
98.325	-0.0269	0.0117	-0.0386
98.350	-0.0268	0.0118	-0.0385
98.375	-0.0266	0.0118	-0.0384
98.400	-0.0265	0.0118	-0.0383
98.425	-0.0263	0.0119	-0.0382
98.450	-0.0262	0.0119	-0.0381
98.475	-0.0261	0.0119	-0.0380
98.500	-0.0259	0.0120	-0.0379
98.525	-0.0258	0.0120	-0.0378
98.550	-0.0257	0.0121	-0.0377
98.575	-0.0255	0.0121	-0.0376
98.600	-0.0254	0.0122	-0.0376
98.625	-0.0253	0.0122	-0.0375
98.650	-0.0252	0.0122	-0.0374
98.675	-0.0250	0.0123	-0.0373
98.700	-0.0249	0.0123	-0.0372
98.725	-0.0248	0.0124	-0.0372
98.750	-0.0247	0.0124	-0.0371
98.775	-0.0246	0.0125	-0.0370
98.800	-0.0244	0.0125	-0.0370
98.825	-0.0243	0.0126	-0.0369
98.850	-0.0242	0.0126	-0.0368
98.875	-0.0241	0.0126	-0.0368
98.900	-0.0240	0.0127	-0.0367
98.925	-0.0239	0.0127	-0.0366
98.950	-0.0238	0.0127	-0.0366
98.975	-0.0237	0.0128	-0.0365
99.000	-0.0237	0.0128	-0.0365
99.025	-0.0236	0.0129	-0.0364
99.050	-0.0235	0.0129	-0.0364
99.075	-0.0234	0.0130	-0.0363
99.100	-0.0233	0.0130	-0.0362
99.125	-0.0231	0.0130	-0.0362
99.150	-0.0230	0.0131	-0.0361
99.175	-0.0229	0.0131	-0.0360
99.200	-0.0227	0.0131	-0.0359
99.225	-0.0226	0.0132	-0.0358
99.250	-0.0224	0.0132	-0.0356
99.275	-0.0223	0.0132	-0.0355
99.300	-0.0221	0.0133	-0.0354
99.325	-0.0220	0.0133	-0.0353
99.350	-0.0218	0.0133	-0.0351
99.375	-0.0217	0.0133	-0.0350
99.400	-0.0215	0.0133	-0.0349
99.425	-0.0214	0.0134	-0.0347
99.450	-0.0212	0.0134	-0.0346
99.475	-0.0211	0.0134	-0.0345
99.500	-0.0209	0.0134	-0.0343
99.525	-0.0207	0.0134	-0.0342
99.550	-0.0206	0.0134	-0.0340
99.575	-0.0204	0.0135	-0.0338
99.600	-0.0201	0.0135	-0.0336
99.625	-0.0199	0.0135	-0.0334
99.650	-0.0197	0.0135	-0.0332
99.675	-0.0194	0.0135	-0.0330
99.700	-0.0192	0.0135	-0.0327
99.725	-0.0189	0.0136	-0.0325
99.750	-0.0186	0.0136	-0.0322
99.775	-0.0183	0.0136	-0.0319
99.800	-0.0179	0.0136	-0.0315
99.825	-0.0174	0.0136	-0.0310
99.850	-0.0168	0.0136	-0.0304
99.875	-0.0163	0.0136	-0.0299
99.900	-0.0162	0.0136	-0.0298
99.925	-0.0162	0.0136	-0.0298
99.950	-0.0161	0.0136	-0.0298
99.975	-0.0160	0.0137	-0.0297
100.000	-0.0159	0.0137	-0.0296
100.025	-0.0158	0.0137	-0.0295
100.050	-0.0156	0.0137	-0.0293
100.075	-0.0154	0.0138	-0.0292
100.100	-0.0153	0.0138	-0.0291
100.125	-0.0151	0.0138	-0.0289
100.150	-0.0150	0.0138	-0.0288
100.175	-0.0148	0.0138	-0.0287
100.200	-0.0147	0.0139	-0.0286
100.225	-0.0145	0.0139	-0.0285
100.250	-0.0144	0.0140	-0.0283
100.275	-0.0142	0.0140	-0.0282
100.300	-0.0140	0.0141	-0.0281
100.325	-0.0139	0.0142	-0.0281
100.350	-0.0137	0.0142	-0.0280
100.375	-0.0136	0.0143	-0.0279
100.400	-0.0134	0.0144	-0.0278
100.425	-0.0133	0.0144	-0.0277
100.450	-0.0131	0.0145	-0.0276
100.475	-0.0130	0.0145	-0.0275
100.500	-0.0128	0.0145	-0.0273
100.525	-0.0126	0.0146	-0.0271
100.550	-0.0121	0.0146	-0.0267
100.575	-0.0113	0.0146	-0.0259
100.600	-0.0109	0.0146	-0.0255
100.625	-0.0112	0.0146	-0.0258
100.650	-0.0114	0.0146	-0.0259
100.675	-0.0114	0.0146	-0.0260
100.700	-0.0114	0.0146	-0.0259
100.725	-0.0112	0.0146	-0.0257
100.750	-0.0108	0.0145	-0.0254
100.775	-0.0101	0.0145	-0.0246
100.800	-0.0093	0.0145	-0.0238
100.825	-0.0093	0.0145	-0.0238
100.850	-0.0094	0.0144	-0.0239
100.875	-0.0092	0.0144	-0.0236
100.900	-0.0087	0.0144	-0.0231
100.925	-0.0084	0.0144	-0.0227
100.950	-0.0084	0.0143	-0.0227
100.975	-0.0085	0.0143	-0.0228
101.000	-0.0085	0.0143	-0.0227
101.025	-0.0083	0.0142	-0.0225
101.050	-0.0080	0.0142	-0.0222
101.075	-0.0076	0.0142	-0.0218
101.100	-0.0074	0.0142	-0.0216
101.125	-0.0074	0.0142	-0.0216
101.150	-0.0075	0.0142	-0.0216
101.175	-0.0075	0.0141	-0.0217
101.200	-0.0076	0.0141	-0.0217
101.225	-0.0075	0.0141	-0.0216
101.250	-0.0075	0.0141	-0.0216
101.275	-0.0074	0.0140	-0.0215
101.300	-0.0073	0.0140	-0.0213
101.325	-0.0071	0.0140	-0.0211
101.350	-0.0066	0.0140	-0.0206
101.375	-0.0059	0.0139	-0.0199
101.400	-0.0059	0.0139	-0.0198
101.425	-0.0062	0.0139	-0.0201
101.450	-0.0065	0.0138	-0.0203
101.475	-0.0066	0.0138	-0.0204
101.500	-0.0067	0.0138	-0.0204
101.525	-0.0067	0.0137	-0.0204
101.550	-0.0066	0.0137	-0.0203
101.575	-0.0064	0.0136	-0.0200
101.600	-0.0057	0.0136	-0.0193
101.625	-0.0052	0.0136	-0.0188
101.650	-0.0055	0.0135	-0.0190
101.675	-0.0059	0.0135	-0.0194
101.700	-0.0061	0.0135	-0.0196
101.725	-0.0062	0.0135	-0.0196
101.750	-0.0061	0.0135	-0.0196
101.775	-0.0060	0.0135	-0.0195
101.800	-0.0057	0.0135	-0.0192
101.825	-0.0055	0.0135	-0.0190
101.850	-0.0055	0.0135	-0.0190
101.875	-0.0057	0.0135	-0.0191
101.900	-0.0058	0.0135	-0.0193
101.925	-0.0060	0.0135	-0.0194
101.950	-0.0060	0.0135	-0.0195
101.975	-0.0061	0.0135	-0.0195
102.000	-0.0061	0.0135	-0.0196
102.025	-0.0061	0.0135	-0.0195
102.050	-0.0060	0.0135	-0.0195
102.075	-0.0059	0.0135	-0.0194
102.100	-0.0058	0.0135	-0.0194
102.125	-0.0057	0.0136	-0.0193
102.150	-0.0056	0.0136	-0.0191
102.175	-0.0053	0.0136	-0.0189
102.200	-0.0048	0.0136	-0.0185
102.225	-0.0039	0.0137	-0.0176
102.250	-0.0034	0.0137	-0.0171
102.275	-0.0035	0.0138	-0.0173
102.300	-0.0035	0.0138	-0.0173
102.325	-0.0033	0.0138	-0.0171
102.350	-0.0030	0.0138	-0.0168
102.375	-0.0028	0.0138	-0.0166
102.400	-0.0027	0.0139	-0.0166
102.425	-0.0027	0.0139	-0.0166
102.450	-0.0026	0.0139	-0.0165
102.475	-0.0025	0.0139	-0.0164
102.500	-0.0023	0.0139	-0.0162
102.525	-0.0021	0.0139	-0.0160
102.550	-0.0018	0.0139	-0.0157
102.575	-0.0015	0.0139	-0.0154
102.600	-0.0012	0.0139	-0.0151
102.625	-0.0009	0.0139	-0.0148
102.650	-0.0006	0.0139	-0.0145
102.675	-0.0003	0.0139	-0.0142
102.700	0.0001	0.0140	-0.0139
102.725	0.0005	0.0140	-0.0135
102.750	0.0009	0.0140	-0.0131
102.775	0.0013	0.0140	-0.0127
102.800	0.0018	0.0141	-0.0123
102.825	0.0023	0.0141	-0.0117
102.850	0.0030	0.0141	-0.0111
102.875	0.0036	0.0141	-0.0105
102.900	0.0040	0.0141	-0.0101
102.925	0.0043	0.0141	-0.0098
102.950	0.0046	0.0141	-0.0095
102.975	0.0049	0.0141	-0.0092
103.000	0.0055	0.0141	-0.0086
103.025	0.0061	0.0141	-0.0080
103.050	0.0066	0.0141	-0.0075
103.075	0.0069	0.0141	-0.0072
103.100	0.0072	0.0141	-0.0069
103.125	0.0076	0.0141	-0.0065
103.150	0.0080	0.0141	-0.0060
103.175	0.0084	0.0140	-0.0057
103.200	0.0086	0.0140	-0.0054
103.225	0.0090	0.0140	-0.0050
103.250	0.0098	0.0140	-0.0041
103.275	0.0106	0.0139	-0.0034
103.300	0.0105	0.0139	-0.0035
103.325	0.0104	0.0139	-0.0034
103.350	0.0109	0.0139	-0.0030
103.375	0.0118	0.0139	-0.0021
103.400	0.0121	0.0139	-0.0017
103.425	0.0119	0.0138	-0.0019
103.450	0.0119	0.0138	-0.0020
103.475	0.0120	0.0138	-0.0019
103.500	0.0122	0.0138	-0.0016
103.525	0.0125	0.0138	-0.0013
103.550	0.0129	0.0138	-0.0008
103.575	0.0137	0.0138	-0.0000
103.600	0.0147	0.0138	0.0009
103.625	0.0149	0.0138	0.0011
103.650	0.0149	0.0137	0.0011
103.675	0.0151	0.0137	0.0013
103.700	0.0154	0.0137	0.0016
103.725	0.0157	0.0137	0.0019
103.750	0.0159	0.0137	0.0021
103.775	0.0160	0.0137	0.0022
103.800	0.0160	0.0137	0.0023
103.825	0.0161	0.0137	0.0024
103.850	0.0163	0.0137	0.0025
103.875	0.0164	0.0137	0.0027
103.900	0.0165	0.0137	0.0028
103.925	0.0167	0.0137	0.0030
103.950	0.0168	0.0137	0.0031
103.975	0.0171	0.0137	0.0034
104.000	0.0174	0.0137	0.0037
104.025	0.0180	0.0137	0.0044
104.050	0.0189	0.0137	0.0053
104.075	0.0190	0.0137	0.0053
104.100	0.0187	0.0136	0.0050
104.125	0.0185	0.0136	0.0049
104.150	0.0185	0.0136	0.0048
104.175	0.0185	0.0136	0.0049
104.200	0.0186	0.0136	0.0050
104.225	0.0187	0.0136	0.0051
104.250	0.0188	0.0136	0.0052
104.275	0.0191	0.0136	0.0055
104.300	0.0195	0.0136	0.0059
104.325	0.0205	0.0136	0.0069
104.350	0.0212	0.0136	0.0076
104.375	0.0213	0.0136	0.0077
104.400	0.0218	0.0136	0.0083
104.425	0.0229	0.0136	0.0094
104.450	0.0235	0.0136	0.0099
104.475	0.0232	0.0135	0.0097
104.500	0.0230	0.0135	0.0094
104.525	0.0229	0.0135	0.0094
104.550	0.0230	0.0135	0.0095
104.575	0.0232	0.0135	0.0097
104.600	0.0235	0.0135	0.0101
104.625	0.0239	0.0134	0.0104
104.650	0.0242	0.0134	0.0107
104.675	0.0244	0.0134	0.0110
104.700	0.0245	0.0134	0.0112
104.725	0.0247	0.0133	0.0114
104.750	0.0249	0.0133	0.0116
104.775	0.0252	0.0133	0.0119
104.800	0.0255	0.0132	0.0122
104.825	0.0258	0.0132	0.0126
104.850	0.0263	0.0132	0.0131
104.875	0.0270	0.0132	0.0139
104.900	0.0280	0.0131	0.0149
104.925	0.0295	0.0131	0.0164
104.950	0.0306	0.0131	0.0175
104.975	0.0307	0.0130	0.0177
105.000	0.0308	0.0130	0.0178
105.025	0.0310	0.0130	0.0180
105.050	0.0312	0.0130	0.0183
105.075	0.0314	0.0129	0.0185
105.100	0.0315	0.0129	0.0186
105.125	0.0315	0.0129	0.0186
105.150	0.0316	0.0129	0.0187
105.175	0.0317	0.0129	0.0189
105.200	0.0319	0.0129	0.0191
105.225	0.0322	0.0128	0.0193
105.250	0.0325	0.0128	0.0197
105.275	0.0332	0.0128	0.0204
105.300	0.0344	0.0128	0.0216
105.325	0.0352	0.0128	0.0225
105.350	0.0354	0.0128	0.0226
105.375	0.0352	0.0128	0.0225
105.400	0.0350	0.0127	0.0222
105.425	0.0348	0.0127	0.0221
105.450	0.0348	0.0127	0.0220
105.475	0.0348	0.0127	0.0221
105.500	0.0349	0.0127	0.0222
105.525	0.0351	0.0127	0.0224
105.550	0.0354	0.0127	0.0227
105.575	0.0357	0.0127	0.0230
105.600	0.0361	0.0127	0.0234
105.625	0.0363	0.0127	0.0236
105.650	0.0365	0.0127	0.0238
105.675	0.0367	0.0127	0.0240
105.700	0.0372	0.0127	0.0245
105.725	0.0381	0.0127	0.0254
105.750	0.0398	0.0127	0.0271
105.775	0.0415	0.0127	0.0288
105.800	0.0419	0.0127	0.0291
105.825	0.0416	0.0127	0.0289
105.850	0.0415	0.0127	0.0288
105.875	0.0415	0.0127	0.0288
105.900	0.0416	0.0127	0.0289
105.925	0.0415	0.0127	0.0288
105.950	0.0414	0.0127	0.0287
105.975	0.0415	0.0127	0.0287
106.000	0.0416	0.0128	0.0289
106.025	0.0419	0.0128	0.0292
106.050	0.0424	0.0128	0.0296
106.075	0.0428	0.0128	0.0300
106.100	0.0430	0.0128	0.0302
106.125	0.0431	0.0128	0.0303
106.150	0.0432	0.0128	0.0303
106.175	0.0433	0.0129	0.0304
106.200	0.0435	0.0129	0.0306
106.225	0.0437	0.0129	0.0308
106.250	0.0441	0.0129	0.0312
106.275	0.0447	0.0129	0.0317
106.300	0.0454	0.0129	0.0324
106.325	0.0460	0.0130	0.0330
106.350	0.0462	0.0130	0.0332
106.375	0.0462	0.0130	0.0332
106.400	0.0461	0.0130	0.0331
106.425	0.0461	0.0130	0.0331
106.450	0.0463	0.0130	0.0332
106.475	0.0466	0.0131	0.0335
106.500	0.0470	0.0131	0.0340
106.525	0.0476	0.0131	0.0345
106.550	0.0483	0.0131	0.0352
106.575	0.0488	0.0131	0.0357
106.600	0.0485	0.0131	0.0354
106.625	0.0483	0.0132	0.0351
106.650	0.0482	0.0132	0.0350
106.675	0.0482	0.0132	0.0350
106.700	0.0484	0.0132	0.0352
106.725	0.0487	0.0132	0.0355
106.750	0.0490	0.0132	0.0358
106.775	0.0492	0.0133	0.0360
106.800	0.0492	0.0133	0.0359
106.825	0.0490	0.0133	0.0357
106.850	0.0489	0.0133	0.0356
106.875	0.0488	0.0133	0.0355
106.900	0.0488	0.0133	0.0355
106.925	0.0488	0.0134	0.0355
106.950	0.0489	0.0134	0.0355
106.975	0.0490	0.0134	0.0356
107.000	0.0491	0.0134	0.0357
107.025	0.0493	0.0134	0.0359
107.050	0.0496	0.0135	0.0362
107.075	0.0500	0.0135	0.0365
107.100	0.0503	0.0135	0.0369
107.125	0.0506	0.0135	0.0371
107.150	0.0508	0.0135	0.0373
107.175	0.0510	0.0136	0.0374
107.200	0.0512	0.0136	0.0376
107.225	0.0516	0.0136	0.0380
107.250	0.0521	0.0136	0.0384
107.275	0.0527	0.0136	0.0390
107.300	0.0532	0.0137	0.0395
107.325	0.0536	0.0137	0.0399
107.350	0.0539	0.0137	0.0402
107.375	0.0546	0.0137	0.0408
107.400	0.0558	0.0138	0.0420
107.425	0.0566	0.0138	0.0428
107.450	0.0566	0.0138	0.0427
107.475	0.0562	0.0139	0.0423
107.500	0.0560	0.0139	0.0422
107.525	0.0561	0.0139	0.0422
107.550	0.0563	0.0139	0.0424
107.575	0.0566	0.0140	0.0426
107.600	0.0570	0.0140	0.0430
107.625	0.0574	0.0140	0.0433
107.650	0.0578	0.0140	0.0438
107.675	0.0584	0.0141	0.0444
107.700	0.0593	0.0141	0.0452
107.725	0.0603	0.0141	0.0462
107.750	0.0607	0.0141	0.0465
107.775	0.0606	0.0142	0.0464
107.800	0.0604	0.0142	0.0462
107.825	0.0603	0.0142	0.0460
107.850	0.0602	0.0143	0.0460
107.875	0.0602	0.0143	0.0460
107.900	0.0603	0.0143	0.0460
107.925	0.0605	0.0143	0.0462
107.950	0.0608	0.0144	0.0465
107.975	0.0614	0.0144	0.0470
108.000	0.0624	0.0144	0.0479
108.025	0.0632	0.0144	0.0488
108.050	0.0633	0.0145	0.0489
108.075	0.0631	0.0145	0.0486
108.100	0.0631	0.0145	0.0485
108.125	0.0632	0.0145	0.0486
108.150	0.0634	0.0146	0.0488
108.175	0.0637	0.0146	0.0491
108.200	0.0639	0.0146	0.0493
108.225	0.0640	0.0147	0.0493
108.250	0.0641	0.0147	0.0494
108.275	0.0643	0.0147	0.0496
108.300	0.0646	0.0147	0.0498
108.325	0.0650	0.0148	0.0502
108.350	0.0654	0.0148	0.0506
108.375	0.0660	0.0149	0.0512
108.400	0.0668	0.0149	0.0519
108.425	0.0679	0.0149	0.0530
108.450	0.0689	0.0150	0.0539
108.475	0.0689	0.0150	0.0539
108.500	0.0686	0.0150	0.0536
108.525	0.0684	0.0151	0.0534
108.550	0.0684	0.0151	0.0533
108.575	0.0685	0.0152	0.0534
108.600	0.0687	0.0152	0.0535
108.625	0.0689	0.0153	0.0537
108.650	0.0692	0.0153	0.0539
108.675	0.0696	0.0153	0.0543
108.700	0.0702	0.0154	0.0549
108.725	0.0711	0.0154	0.0557
108.750	0.0715	0.0155	0.0561
108.775	0.0718	0.0155	0.0563
108.800	0.0724	0.0155	0.0568
108.825	0.0736	0.0156	0.0581
108.850	0.0754	0.0156	0.0598
108.875	0.0767	0.0156	0.0611
108.900	0.0773	0.0157	0.0617
108.925	0.0776	0.0157	0.0619
108.950	0.0778	0.0158	0.0620
108.975	0.0782	0.0158	0.0624
109.000	0.0786	0.0158	0.0628
109.025	0.0788	0.0159	0.0630
109.050	0.0788	0.0159	0.0629
109.075	0.0788	0.0160	0.0629
109.100	0.0790	0.0160	0.0630
109.125	0.0794	0.0161	0.0634
109.150	0.0802	0.0161	0.0641
109.175	0.0812	0.0162	0.0650
109.200	0.0820	0.0162	0.0658
109.225	0.0824	0.0163	0.0661
109.250	0.0826	0.0163	0.0663
109.275	0.0830	0.0163	0.0666
109.300	0.0835	0.0164	0.0671
109.325	0.0840	0.0164	0.0675
109.350	0.0844	0.0165	0.0679
109.375	0.0852	0.0165	0.0687
109.400	0.0860	0.0166	0.0694
109.425	0.0861	0.0166	0.0695
109.450	0.0860	0.0167	0.0693
109.475	0.0860	0.0168	0.0693
109.500	0.0865	0.0168	0.0697
109.525	0.0871	0.0169	0.0702
109.550	0.0875	0.0169	0.0706
109.575	0.0881	0.0170	0.0711
109.600	0.0888	0.0170	0.0718
109.625	0.0893	0.0171	0.0723
109.650	0.0897	0.0171	0.0726
109.675	0.0899	0.0171	0.0728
109.700	0.0906	0.0172	0.0734
109.725	0.0914	0.0172	0.0742
109.750	0.0922	0.0172	0.0750
109.775	0.0929	0.0172	0.0757
109.800	0.0934	0.0173	0.0762
109.825	0.0942	0.0173	0.0769
109.850	0.0948	0.0173	0.0775
109.875	0.0951	0.0173	0.0777
109.900	0.0953	0.0174	0.0780
109.925	0.0956	0.0174	0.0782
109.950	0.0958	0.0174	0.0784
109.975	0.0963	0.0174	0.0789
110.000	0.0972	0.0174	0.0798
110.025	0.0985	0.0175	0.0811
110.050	0.1002	0.0175	0.0827
110.075	0.1017	0.0175	0.0842
110.100	0.1027	0.0176	0.0852
110.125	0.1036	0.0176	0.0860
110.150	0.1047	0.0176	0.0871
110.175	0.1051	0.0176	0.0875
110.200	0.1045	0.0177	0.0869
110.225	0.1039	0.0177	0.0862
110.250	0.1038	0.0177	0.0861
110.275	0.1042	0.0178	0.0865
110.300	0.1048	0.0178	0.0870
110.325	0.1056	0.0178	0.0878
110.350	0.1060	0.0178	0.0882
110.375	0.1058	0.0179	0.0879
110.400	0.1054	0.0179	0.0875
110.425	0.1051	0.0179	0.0871
110.450	0.1049	0.0180	0.0869
110.475	0.1049	0.0180	0.0869
110.500	0.1053	0.0181	0.0872
110.525	0.1060	0.0181	0.0879
110.550	0.1063	0.0181	0.0882
110.575	0.1063	0.0182	0.0882
110.600	0.1064	0.0182	0.0881
110.625	0.1063	0.0183	0.0881
110.650	0.1063	0.0183	0.0880
110.675	0.1064	0.0184	0.0880
110.700	0.1065	0.0184	0.0880
110.725	0.1060	0.0185	0.0876
110.750	0.1051	0.0185	0.0866
110.775	0.1042	0.0186	0.0856
110.800	0.1034	0.0187	0.0847
110.825	0.1027	0.0187	0.0840
110.850	0.1023	0.0188	0.0835
110.875	0.1020	0.0188	0.0832
110.900	0.1018	0.0188	0.0829
110.925	0.1016	0.0189	0.0827
110.950	0.1014	0.0189	0.0824
110.975	0.1008	0.0189	0.0819
111.000	0.1002	0.0189	0.0812
111.025	0.0998	0.0190	0.0809
111.050	0.0997	0.0190	0.0807
111.075	0.0996	0.0190	0.0806
111.100	0.0997	0.0190	0.0806
111.125	0.0996	0.0190	0.0806
111.150	0.0989	0.0190	0.0799
111.175	0.0979	0.0190	0.0790
111.200	0.0972	0.0190	0.0782
111.225	0.0967	0.0190	0.0777
111.250	0.0962	0.0189	0.0773
111.275	0.0955	0.0189	0.0766
111.300	0.0948	0.0189	0.0759
111.325	0.0942	0.0188	0.0754
111.350	0.0939	0.0188	0.0751
111.375	0.0938	0.0188	0.0751
111.400	0.0940	0.0187	0.0753
111.425	0.0938	0.0187	0.0752
111.450	0.0934	0.0186	0.0747
111.475	0.0928	0.0186	0.0742
111.500	0.0922	0.0185	0.0737
111.525	0.0919	0.0185	0.0734
111.550	0.0917	0.0184	0.0733
111.575	0.0918	0.0183	0.0735
111.600	0.0919	0.0183	0.0736
111.625	0.0921	0.0182	0.0738
111.650	0.0925	0.0182	0.0744
111.675	0.0928	0.0181	0.0747
111.700	0.0926	0.0180	0.0745
111.725	0.0925	0.0179	0.0745
111.750	0.0928	0.0179	0.0750
111.775	0.0934	0.0178	0.0756
111.800	0.0936	0.0178	0.0758
111.825	0.0937	0.0177	0.0760
111.850	0.0941	0.0176	0.0765
111.875	0.0948	0.0176	0.0772
111.900	0.0954	0.0175	0.0779
111.925	0.0954	0.0174	0.0780
111.950	0.0949	0.0173	0.0775
111.975	0.0944	0.0173	0.0771
112.000	0.0942	0.0172	0.0770
112.025	0.0943	0.0171	0.0772
112.050	0.0944	0.0171	0.0773
112.075	0.0947	0.0170	0.0778
112.100	0.0956	0.0169	0.0787
112.125	0.0966	0.0169	0.0797
112.150	0.0969	0.0168	0.0801
112.175	0.0967	0.0167	0.0800
112.200	0.0967	0.0167	0.0800
112.225	0.0967	0.0166	0.0801
112.250	0.0967	0.0166	0.0801
112.275	0.0968	0.0165	0.0803
112.300	0.0970	0.0165	0.0805
112.325	0.0970	0.0164	0.0805
112.350	0.0970	0.0164	0.0806
112.375	0.0971	0.0164	0.0807
112.400	0.0972	0.0163	0.0809
112.425	0.0976	0.0163	0.0813
112.450	0.0984	0.0162	0.0822
112.475	0.0997	0.0162	0.0835
112.500	0.1008	0.0162	0.0847
112.525	0.1014	0.0161	0.0853
112.550	0.1018	0.0161	0.0857
112.575	0.1020	0.0161	0.0859
112.600	0.1020	0.0160	0.0860
112.625	0.1021	0.0160	0.0861
112.650	0.1025	0.0159	0.0866
112.675	0.1031	0.0159	0.0872
112.700	0.1035	0.0159	0.0876
112.725	0.1037	0.0159	0.0878
112.750	0.1041	0.0158	0.0882
112.775	0.1044	0.0158	0.0885
112.800	0.1044	0.0158	0.0886
112.825	0.1045	0.0158	0.0887
112.850	0.1050	0.0158	0.0892
112.875	0.1056	0.0158	0.0898
112.900	0.1065	0.0158	0.0906
112.925	0.1069	0.0159	0.0911
112.950	0.1065	0.0159	0.0906
112.975	0.1053	0.0159	0.0894
113.000	0.1040	0.0159	0.0881
113.025	0.1029	0.0160	0.0870
113.050	0.1020	0.0160	0.0860
113.075	0.1012	0.0161	0.0852
113.100	0.1007	0.0161	0.0846
113.125	0.1003	0.0162	0.0841
113.150	0.0997	0.0162	0.0835
113.175	0.0988	0.0163	0.0825
113.200	0.0980	0.0164	0.0816
113.225	0.0973	0.0165	0.0808
113.250	0.0964	0.0166	0.0798
113.275	0.0951	0.0167	0.0784
113.300	0.0936	0.0167	0.0769
113.325	0.0922	0.0168	0.0754
113.350	0.0908	0.0169	0.0739
113.375	0.0894	0.0169	0.0724
113.400	0.0880	0.0170	0.0710
113.425	0.0865	0.0170	0.0695
113.450	0.0852	0.0171	0.0681
113.475	0.0838	0.0171	0.0667
113.500	0.0826	0.0172	0.0654
113.525	0.0816	0.0172	0.0644
113.550	0.0805	0.0173	0.0632
113.575	0.0790	0.0173	0.0617
113.600	0.0773	0.0174	0.0600
113.625	0.0757	0.0174	0.0583
113.650	0.0741	0.0174	0.0567
113.675	0.0726	0.0174	0.0551
113.700	0.0711	0.0175	0.0536
113.725	0.0696	0.0175	0.0521
113.750	0.0682	0.0175	0.0507
113.775	0.0668	0.0176	0.0492
113.800	0.0654	0.0176	0.0478
113.825	0.0641	0.0176	0.0464
113.850	0.0628	0.0176	0.0451
113.875	0.0616	0.0176	0.0440
113.900	0.0607	0.0176	0.0431
113.925	0.0597	0.0176	0.0421
113.950	0.0584	0.0176	0.0407
113.975	0.0569	0.0176	0.0392
114.000	0.0554	0.0176	0.0378
114.025	0.0541	0.0176	0.0365
114.050	0.0528	0.0176	0.0352
114.075	0.0515	0.0175	0.0340
114.100	0.0504	0.0175	0.0329
114.125	0.0492	0.0174	0.0318
114.150	0.0481	0.0174	0.0307
114.175	0.0469	0.0173	0.0296
114.200	0.0459	0.0173	0.0286
114.225	0.0448	0.0172	0.0276
114.250	0.0438	0.0172	0.0266
114.275	0.0428	0.0172	0.0257
114.300	0.0419	0.0171	0.0248
114.325	0.0410	0.0171	0.0239
114.350	0.0401	0.0171	0.0231
114.375	0.0393	0.0170	0.0223
114.400	0.0385	0.0170	0.0215
114.425	0.0378	0.0170	0.0208
114.450	0.0371	0.0169	0.0201
114.475	0.0364	0.0169	0.0195
114.500	0.0357	0.0169	0.0189
114.525	0.0351	0.0168	0.0183
114.550	0.0345	0.0168	0.0177
114.575	0.0339	0.0167	0.0172
114.600	0.0333	0.0166	0.0167
114.625	0.0328	0.0166	0.0162
114.650	0.0322	0.0165	0.0157
114.675	0.0317	0.0164	0.0153
114.700	0.0312	0.0163	0.0149
114.725	0.0308	0.0162	0.0145
114.750	0.0303	0.0162	0.0141
114.775	0.0299	0.0161	0.0138
114.800	0.0295	0.0160	0.0135
114.825	0.0291	0.0159	0.0132
114.850	0.0288	0.0158	0.0129
114.875	0.0285	0.0157	0.0127
114.900	0.0282	0.0157	0.0125
114.925	0.0279	0.0156	0.0124
114.950	0.0277	0.0155	0.0122
114.975	0.0275	0.0154	0.0121
115.000	0.0273	0.0153	0.0120
115.025	0.0272	0.0152	0.0120
115.050	0.0270	0.0151	0.0119
115.075	0.0269	0.0150	0.0119
115.100	0.0268	0.0150	0.0119
115.125	0.0267	0.0149	0.0118
115.150	0.0267	0.0148	0.0119
115.175	0.0266	0.0147	0.0119
115.200	0.0266	0.0146	0.0120
115.225	0.0266	0.0145	0.0120
115.250	0.0266	0.0144	0.0121
115.275	0.0266	0.0144	0.0122
115.300	0.0266	0.0143	0.0123
115.325	0.0267	0.0142	0.0125
115.350	0.0267	0.0141	0.0126
115.375	0.0268	0.0140	0.0128
115.400	0.0269	0.0140	0.0129
115.425	0.0270	0.0139	0.0131
115.450	0.0271	0.0138	0.0133
115.475	0.0273	0.0137	0.0135
115.500	0.0274	0.0137	0.0137
115.525	0.0275	0.0136	0.0140
115.550	0.0277	0.0135	0.0142
115.575	0.0279	0.0134	0.0145
115.600	0.0281	0.0134	0.0147
115.625	0.0283	0.0133	0.0150
115.650	0.0285	0.0132	0.0153
115.675	0.0287	0.0132	0.0156
115.700	0.0290	0.0131	0.0159
115.725	0.0292	0.0130	0.0162
115.750	0.0295	0.0130	0.0165
115.775	0.0297	0.0129	0.0168
115.800	0.0300	0.0129	0.0171
115.825	0.0303	0.0128	0.0175
115.850	0.0306	0.0128	0.0178
115.875	0.0309	0.0127	0.0182
115.900	0.0312	0.0127	0.0186
115.925	0.0316	0.0126	0.0190
115.950	0.0320	0.0126	0.0194
115.975	0.0324	0.0125	0.0199
116.000	0.0328	0.0125	0.0203
116.025	0.0332	0.0124	0.0208
116.050	0.0337	0.0124	0.0213
116.075	0.0341	0.0123	0.0218
116.100	0.0346	0.0123	0.0223
116.125	0.0350	0.0123	0.0228
116.150	0.0355	0.0122	0.0233
116.175	0.0360	0.0122	0.0238
116.200	0.0365	0.0122	0.0243
116.225	0.0370	0.0121	0.0248
116.250	0.0374	0.0121	0.0254
116.275	0.0379	0.0121	0.0259
116.300	0.0384	0.0120	0.0264
116.325	0.0389	0.0120	0.0269
116.350	0.0394	0.0120	0.0274
116.375	0.0399	0.0119	0.0279
116.400	0.0403	0.0119	0.0284
116.425	0.0408	0.0119	0.0290
116.450	0.0413	0.0119	0.0295
116.475	0.0418	0.0118	0.0300
116.500	0.0424	0.0118	0.0305
116.525	0.0429	0.0118	0.0311
116.550	0.0434	0.0118	0.0316
116.575	0.0439	0.0118	0.0321
116.600	0.0443	0.0117	0.0326
116.625	0.0448	0.0117	0.0331
116.650	0.0453	0.0117	0.0336
116.675	0.0458	0.0117	0.0341
116.700	0.0463	0.0117	0.0346
116.725	0.0468	0.0117	0.0351
116.750	0.0472	0.0117	0.0356
116.775	0.0477	0.0117	0.0360
116.800	0.0482	0.0117	0.0365
116.825	0.0486	0.0117	0.0369
116.850	0.0491	0.0117	0.0374
116.875	0.0495	0.0117	0.0378
116.900	0.0499	0.0117	0.0382
116.925	0.0504	0.0117	0.0387
116.950	0.0508	0.0117	0.0391
116.975	0.0512	0.0117	0.0395
117.000	0.0516	0.0117	0.0399
117.025	0.0520	0.0118	0.0403
117.050	0.0524	0.0118	0.0407
117.075	0.0529	0.0118	0.0411
117.100	0.0533	0.0118	0.0414
117.125	0.0536	0.0118	0.0418
117.150	0.0540	0.0119	0.0422
117.175	0.0544	0.0119	0.0425
117.200	0.0548	0.0119	0.0429
117.225	0.0552	0.0120	0.0432
117.250	0.0556	0.0120	0.0436
117.275	0.0559	0.0120	0.0439
117.300	0.0563	0.0121	0.0442
117.325	0.0566	0.0121	0.0445
117.350	0.0570	0.0121	0.0448
117.375	0.0573	0.0122	0.0452
117.400	0.0577	0.0122	0.0455
117.425	0.0580	0.0123	0.0457
117.450	0.0583	0.0123	0.0460
117.475	0.0586	0.0123	0.0463
117.500	0.0590	0.0124	0.0466
117.525	0.0593	0.0124	0.0469
117.550	0.0596	0.0124	0.0472
117.575	0.0599	0.0125	0.0474
117.600	0.0602	0.0125	0.0477
117.625	0.0605	0.0125	0.0480
117.650	0.0608	0.0126	0.0482
117.675	0.0611	0.0126	0.0485
117.700	0.0614	0.0127	0.0488
117.725	0.0617	0.0127	0.0490
117.750	0.0620	0.0127	0.0493
117.775	0.0623	0.0128	0.0495
117.800	0.0626	0.0128	0.0498
117.825	0.0628	0.0128	0.0500
117.850	0.0631	0.0129	0.0503
117.875	0.0634	0.0129	0.0505
117.900	0.0637	0.0129	0.0507
117.925	0.0639	0.0130	0.0509
117.950	0.0642	0.0130	0.0512
117.975	0.0644	0.0131	0.0514
118.000	0.0647	0.0131	0.0516
118.025	0.0649	0.0131	0.0518
118.050	0.0652	0.0132	0.0520
118.075	0.0654	0.0132	0.0522
118.100	0.0656	0.0132	0.0524
118.125	0.0658	0.0133	0.0526
118.150	0.0660	0.0133	0.0527
118.175	0.0663	0.0133	0.0529
118.200	0.0665	0.0134	0.0531
118.225	0.0667	0.0134	0.0533
118.250	0.0669	0.0134	0.0534
118.275	0.0671	0.0135	0.0536
118.300	0.0673	0.0135	0.0537
118.325	0.0674	0.0135	0.0539
118.350	0.0676	0.0136	0.0540
118.375	0.0678	0.0136	0.0542
118.400	0.0680	0.0136	0.0543
118.425	0.0681	0.0137	0.0545
118.450	0.0683	0.0137	0.0546
118.475	0.0685	0.0138	0.0547
118.500	0.0686	0.0138	0.0548
118.525	0.0688	0.0138	0.0550
118.550	0.0689	0.0139	0.0551
118.575	0.0691	0.0139	0.0552
118.600	0.0692	0.0139	0.0553
118.625	0.0694	0.0140	0.0554
118.650	0.0695	0.0140	0.0555
118.675	0.0696	0.0140	0.0556
118.700	0.0698	0.0141	0.0557
118.725	0.0699	0.0141	0.0558
118.750	0.0700	0.0142	0.0559
118.775	0.0701	0.0142	0.0559
118.800	0.0703	0.0142	0.0560
118.825	0.0704	0.0143	0.0561
118.850	0.0705	0.0143	0.0562
118.875	0.0706	0.0143	0.0563
118.900	0.0707	0.0144	0.0563
118.925	0.0708	0.0144	0.0564
118.950	0.0709	0.0144	0.0565
118.975	0.0710	0.0145	0.0565
119.000	0.0711	0.0145	0.0566
119.025	0.0712	0.0145	0.0566
119.050	0.0712	0.0146	0.0567
119.075	0.0713	0.0146	0.0567
119.100	0.0714	0.0146	0.0568
119.125	0.0715	0.0146	0.0568
119.150	0.0715	0.0147	0.0569
119.175	0.0716	0.0147	0.0569
119.200	0.0717	0.0147	0.0570
119.225	0.0717	0.0147	0.0570
119.250	0.0718	0.0148	0.0570
119.275	0.0719	0.0148	0.0571
119.300	0.0719	0.0148	0.0571
119.325	0.0720	0.0148	0.0571
119.350	0.0720	0.0149	0.0572
119.375	0.0721	0.0149	0.0572
119.400	0.0721	0.0149	0.0572
119.425	0.0722	0.0149	0.0572
119.450	0.0722	0.0149	0.0573
119.475	0.0722	0.0150	0.0573
119.500	0.0723	0.0150	0.0573
119.525	0.0723	0.0150	0.0573
119.550	0.0723	0.0150	0.0573
119.575	0.0724	0.0150	0.0574
119.600	0.0724	0.0150	0.0574
119.625	0.0724	0.0151	0.0574
119.650	0.0724	0.0151	0.0574
119.675	0.0725	0.0151	0.0574
119.700	0.0725	0.0151	0.0574
119.725	0.0725	0.0151	0.0574
119.750	0.0725	0.0151	0.0574
119.775	0.0725	0.0151	0.0574
119.800	0.0726	0.0151	0.0574
119.825	0.0726	0.0152	0.0574
119.850	0.0726	0.0152	0.0574
119.875	0.0726	0.0152	0.0574
119.900	0.0726	0.0152	0.0574
119.925	0.0727	0.0152	0.0575
119.950	0.0727	0.0152	0.0575
119.975	0.0727	0.0152	0.0575
120.000	0.0727	0.0152	0.0575
120.025	0.0728	0.0153	0.0575
120.050	0.0728	0.0153	0.0575
120.075	0.0728	0.0153	0.0575
120.100	0.0728	0.0153	0.0575
120.125	0.0728	0.0153	0.0575
120.150	0.0729	0.0153	0.0575
120.175	0.0729	0.0153	0.0575
120.200	0.0729	0.0154	0.0575
120.225	0.0729	0.0154	0.0576
120.250	0.0729	0.0154	0.0576
120.275	0.0730	0.0154	0.0576
120.300	0.0730	0.0154	0.0576
120.325	0.0730	0.0154	0.0576
120.350	0.0731	0.0154	0.0576
120.375	0.0731	0.0155	0.0576
120.400	0.0731	0.0155	0.0576
120.425	0.0731	0.0155	0.0577
120.450	0.0732	0.0155	0.0577
120.475	0.0732	0.0155	0.0577
120.500	0.0732	0.0155	0.0577
120.525	0.0733	0.0156	0.0577
120.550	0.0733	0.0156	0.0577
120.575	0.0733	0.0156	0.0577
120.600	0.0733	0.0156	0.0577
120.625	0.0734	0.0156	0.0577
120.650	0.0734	0.0156	0.0577
120.675	0.0734	0.0157	0.0577
120.700	0.0734	0.0157	0.0577
120.725	0.0735	0.0157	0.0578
120.750	0.0735	0.0157	0.0578
120.775	0.0735	0.0157	0.0578
120.800	0.0735	0.0158	0.0578
120.825	0.0735	0.0158	0.0578
120.850	0.0736	0.0158	0.0577
120.875	0.0736	0.0158	0.0578
120.900	0.0736	0.0158	0.0578
120.925	0.0737	0.0159	0.0578
120.950	0.0737	0.0159	0.0578
120.975	0.0738	0.0159	0.0579
121.000	0.0739	0.0159	0.0579
121.025	0.0740	0.0159	0.0580
121.050	0.0741	0.0160	0.0581
121.075	0.0742	0.0160	0.0582
121.100	0.0743	0.0160	0.0583
121.125	0.0744	0.0160	0.0583
121.150	0.0745	0.0160	0.0584
121.175	0.0746	0.0161	0.0585
121.200	0.0747	0.0161	0.0586
121.225	0.0748	0.0161	0.0587
121.250	0.0749	0.0161	0.0588
121.275	0.0750	0.0161	0.0589
121.300	0.0751	0.0161	0.0590
121.325	0.0752	0.0162	0.0591
121.350	0.0753	0.0162	0.0592
121.375	0.0754	0.0162	0.0592
121.400	0.0755	0.0162	0.0593
121.425	0.0756	0.0162	0.0594
121.450	0.0757	0.0163	0.0595
121.475	0.0758	0.0163	0.0595
121.500	0.0759	0.0163	0.0596
121.525	0.0760	0.0163	0.0596
121.550	0.0760	0.0163	0.0597
121.575	0.0761	0.0163	0.0598
121.600	0.0761	0.0163	0.0598
121.625	0.0762	0.0164	0.0598
121.650	0.0763	0.0164	0.0599
121.675	0.0763	0.0164	0.0599
121.700	0.0764	0.0164	0.0599
121.725	0.0764	0.0164	0.0600
121.750	0.0764	0.0164	0.0600
121.775	0.0765	0.0165	0.0600
121.800	0.0765	0.0165	0.0600
121.825	0.0765	0.0165	0.0600
121.850	0.0765	0.0165	0.0600
121.875	0.0766	0.0165	0.0600
121.900	0.0766	0.0165	0.0600
121.925	0.0766	0.0165	0.0600
121.950	0.0766	0.0166	0.0600
121.975	0.0766	0.0166	0.0600
122.000	0.0766	0.0166	0.0600
122.025	0.0766	0.0166	0.0600
122.050	0.0766	0.0166	0.0600
122.075	0.0766	0.0166	0.0600
122.100	0.0766	0.0166	0.0600
122.125	0.0766	0.0166	0.0600
122.150	0.0766	0.0167	0.0600
122.175	0.0766	0.0167	0.0599
122.200	0.0766	0.0167	0.0599
122.225	0.0766	0.0167	0.0599
122.250	0.0766	0.0167	0.0599
122.275	0.0766	0.0167	0.0598
122.300	0.0766	0.0167	0.0598
122.325	0.0766	0.0168	0.0598
122.350	0.0765	0.0168	0.0598
122.375	0.0765	0.0168	0.0597
122.400	0.0765	0.0168	0.0597
122.425	0.0765	0.0168	0.0597
122.450	0.0765	0.0168	0.0597
122.475	0.0765	0.0168	0.0596
122.500	0.0765	0.0169	0.0596
122.525	0.0765	0.0169	0.0596
122.550	0.0764	0.0169	0.0596
122.575	0.0764	0.0169	0.0595
122.600	0.0764	0.0169	0.0595
122.625	0.0765	0.0169	0.0595
122.650	0.0765	0.0170	0.0595
122.675	0.0766	0.0170	0.0596
122.700	0.0768	0.0170	0.0598
122.725	0.0772	0.0170	0.0602
122.750	0.0778	0.0171	0.0608
122.775	0.0779	0.0171	0.0608
122.800	0.0775	0.0171	0.0604
122.825	0.0773	0.0171	0.0601
122.850	0.0771	0.0171	0.0599
122.875	0.0770	0.0172	0.0598
122.900	0.0769	0.0172	0.0597
122.925	0.0768	0.0172	0.0596
122.950	0.0768	0.0172	0.0595
122.975	0.0767	0.0173	0.0594
123.000	0.0766	0.0173	0.0593
123.025	0.0766	0.0173	0.0592
123.050	0.0765	0.0173	0.0591
123.075	0.0764	0.0174	0.0591
123.100	0.0764	0.0174	0.0590
123.125	0.0763	0.0174	0.0589
123.150	0.0762	0.0174	0.0588
123.175	0.0761	0.0175	0.0587
123.200	0.0761	0.0175	0.0586
123.225	0.0760	0.0175	0.0585
123.250	0.0759	0.0175	0.0584
123.275	0.0759	0.0176	0.0583
123.300	0.0758	0.0176	0.0582
123.325	0.0757	0.0176	0.0581
123.350	0.0757	0.0176	0.0580
123.375	0.0756	0.0177	0.0579
123.400	0.0755	0.0177	0.0578
123.425	0.0754	0.0177	0.0577
123.450	0.0754	0.0177	0.0576
123.475	0.0753	0.0178	0.0575
123.500	0.0752	0.0178	0.0574
123.525	0.0751	0.0178	0.0573
123.550	0.0751	0.0178	0.0573
123.575	0.0750	0.0178	0.0572
123.600	0.0749	0.0179	0.0571
123.625	0.0749	0.0179	0.0570
123.650	0.0749	0.0179	0.0570
123.675	0.0748	0.0179	0.0569
123.700	0.0748	0.0179	0.0569
123.725	0.0748	0.0180	0.0569
123.750	0.0748	0.0180	0.0569
123.775	0.0749	0.0180	0.0569
123.800	0.0750	0.0180	0.0570
123.825	0.0751	0.0180	0.0571
123.850	0.0754	0.0180	0.0574
123.875	0.0757	0.0180	0.0577
123.900	0.0760	0.0180	0.0579
123.925	0.0761	0.0181	0.0580
123.950	0.0761	0.0181	0.0580
123.975	0.0761	0.0181	0.0580
124.000	0.0762	0.0181	0.0581
124.025	0.0764	0.0181	0.0583
124.050	0.0767	0.0181	0.0586
124.075	0.0768	0.0181	0.0587
124.100	0.0767	0.0181	0.0586
124.125	0.0766	0.0181	0.0585
124.150	0.0765	0.0182	0.0584
124.175	0.0765	0.0182	0.0583
124.200	0.0765	0.0182	0.0583
124.225	0.0765	0.0182	0.0583
124.250	0.0766	0.0182	0.0584
124.275	0.0766	0.0182	0.0584
124.300	0.0767	0.0182	0.0585
124.325	0.0769	0.0182	0.0587
124.350	0.0771	0.0182	0.0589
124.375	0.0774	0.0182	0.0592
124.400	0.0777	0.0182	0.0594
124.425	0.0777	0.0182	0.0594
124.450	0.0776	0.0182	0.0593
124.475	0.0775	0.0183	0.0592
124.500	0.0774	0.0183	0.0591
124.525	0.0773	0.0183	0.0591
124.550	0.0773	0.0183	0.0591
124.575	0.0774	0.0183	0.0591
124.600	0.0774	0.0183	0.0591
124.625	0.0774	0.0183	0.0591
124.650	0.0775	0.0183	0.0592
124.675	0.0776	0.0183	0.0593
124.700	0.0777	0.0183	0.0594
124.725	0.0778	0.0183	0.0595
124.750	0.0780	0.0183	0.0596
124.775	0.0782	0.0183	0.0599
124.800	0.0786	0.0184	0.0602
124.825	0.0789	0.0184	0.0605
124.850	0.0791	0.0184	0.0607
124.875	0.0790	0.0184	0.0606
124.900	0.0790	0.0184	0.0606
124.925	0.0790	0.0184	0.0606
124.950	0.0791	0.0185	0.0606
124.975	0.0793	0.0185	0.0608
125.000	0.0796	0.0185	0.0612
125.025	0.0801	0.0185	0.0616
125.050	0.0804	0.0185	0.0619
125.075	0.0803	0.0185	0.0618
125.100	0.0803	0.0186	0.0617
125.125	0.0803	0.0186	0.0617
125.150	0.0804	0.0186	0.0618
125.175	0.0808	0.0186	0.0622
125.200	0.0816	0.0186	0.0630
125.225	0.0823	0.0186	0.0636
125.250	0.0823	0.0186	0.0636
125.275	0.0824	0.0187	0.0637
125.300	0.0825	0.0187	0.0638
125.325	0.0826	0.0187	0.0639
125.350	0.0827	0.0187	0.0640
125.375	0.0828	0.0187	0.0641
125.400	0.0828	0.0187	0.0641
125.425	0.0826	0.0188	0.0639
125.450	0.0824	0.0188	0.0636
125.475	0.0823	0.0188	0.0635
125.500	0.0821	0.0188	0.0633
125.525	0.0820	0.0189	0.0632
125.550	0.0820	0.0189	0.0631
125.575	0.0819	0.0189	0.0630
125.600	0.0818	0.0189	0.0629
125.625	0.0818	0.0189	0.0628
125.650	0.0817	0.0190	0.0628
125.675	0.0817	0.0190	0.0627
125.700	0.0818	0.0190	0.0628
125.725	0.0823	0.0190	0.0633
125.750	0.0829	0.0190	0.0639
125.775	0.0826	0.0190	0.0635
125.800	0.0821	0.0191	0.0630
125.825	0.0817	0.0191	0.0626
125.850	0.0814	0.0191	0.0623
125.875	0.0812	0.0191	0.0621
125.900	0.0810	0.0191	0.0618
125.925	0.0808	0.0191	0.0616
125.950	0.0806	0.0191	0.0614
125.975	0.0804	0.0191	0.0612
126.000	0.0802	0.0192	0.0610
126.025	0.0800	0.0192	0.0608
126.050	0.0798	0.0192	0.0606
126.075	0.0796	0.0192	0.0604
126.100	0.0794	0.0192	0.0602
126.125	0.0792	0.0192	0.0600
126.150	0.0790	0.0192	0.0598
126.175	0.0788	0.0192	0.0596
126.200	0.0787	0.0192	0.0595
126.225	0.0785	0.0192	0.0593
126.250	0.0784	0.0192	0.0592
126.275	0.0782	0.0192	0.0590
126.300	0.0781	0.0192	0.0589
126.325	0.0780	0.0192	0.0588
126.350	0.0779	0.0192	0.0587
126.375	0.0778	0.0192	0.0586
126.400	0.0777	0.0192	0.0585
126.425	0.0777	0.0192	0.0584
126.450	0.0776	0.0192	0.0584
126.475	0.0776	0.0192	0.0584
126.500	0.0777	0.0192	0.0584
126.525	0.0778	0.0192	0.0585
126.550	0.0779	0.0192	0.0587
126.575	0.0782	0.0192	0.0590
126.600	0.0787	0.0192	0.0594
126.625	0.0791	0.0192	0.0599
126.650	0.0795	0.0192	0.0602
126.675	0.0796	0.0192	0.0604
126.700	0.0796	0.0192	0.0604
126.725	0.0795	0.0192	0.0603
126.750	0.0795	0.0192	0.0603
126.775	0.0795	0.0192	0.0603
126.800	0.0796	0.0192	0.0604
126.825	0.0799	0.0192	0.0607
126.850	0.0803	0.0192	0.0611
126.875	0.0805	0.0192	0.0613
126.900	0.0807	0.0192	0.0614
126.925	0.0807	0.0192	0.0615
126.950	0.0807	0.0192	0.0615
126.975	0.0809	0.0192	0.0617
127.000	0.0811	0.0192	0.0619
127.025	0.0815	0.0192	0.0623
127.050	0.0820	0.0192	0.0628
127.075	0.0823	0.0192	0.0631
127.100	0.0824	0.0192	0.0632
127.125	0.0823	0.0192	0.0631
127.150	0.0823	0.0192	0.0631
127.175	0.0824	0.0192	0.0632
127.200	0.0824	0.0192	0.0633
127.225	0.0826	0.0192	0.0634
127.250	0.0827	0.0192	0.0636
127.275	0.0829	0.0192	0.0638
127.300	0.0832	0.0192	0.0640
127.325	0.0835	0.0192	0.0644
127.350	0.0838	0.0192	0.0647
127.375	0.0840	0.0192	0.0648
127.400	0.0840	0.0191	0.0648
127.425	0.0839	0.0191	0.0648
127.450	0.0839	0.0191	0.0648
127.475	0.0839	0.0191	0.0648
127.500	0.0839	0.0191	0.0648
127.525	0.0839	0.0191	0.0648
127.550	0.0840	0.0191	0.0649
127.575	0.0841	0.0191	0.0649
127.600	0.0841	0.0191	0.0650
127.625	0.0842	0.0191	0.0651
127.650	0.0843	0.0191	0.0652
127.675	0.0845	0.0191	0.0654
127.700	0.0847	0.0191	0.0656
127.725	0.0850	0.0191	0.0659
127.750	0.0854	0.0191	0.0663
127.775	0.0858	0.0191	0.0667
127.800	0.0862	0.0191	0.0671
127.825	0.0864	0.0191	0.0673
127.850	0.0864	0.0191	0.0673
127.875	0.0863	0.0191	0.0672
127.900	0.0863	0.0191	0.0672
127.925	0.0864	0.0191	0.0673
127.950	0.0869	0.0191	0.0678
127.975	0.0877	0.0191	0.0686
128.000	0.0880	0.0191	0.0689
128.025	0.0878	0.0191	0.0687
128.050	0.0878	0.0191	0.0687
128.075	0.0879	0.0191	0.0688
128.100	0.0879	0.0191	0.0689
128.125	0.0879	0.0191	0.0688
128.150	0.0878	0.0191	0.0688
128.175	0.0878	0.0191	0.0687
128.200	0.0877	0.0191	0.0686
128.225	0.0877	0.0191	0.0686
128.250	0.0877	0.0191	0.0686
128.275	0.0877	0.0191	0.0686
128.300	0.0877	0.0190	0.0686
128.325	0.0877	0.0190	0.0686
128.350	0.0877	0.0190	0.0687
128.375	0.0878	0.0190	0.0687
128.400	0.0878	0.0190	0.0688
128.425	0.0880	0.0190	0.0689
128.450	0.0882	0.0190	0.0691
128.475	0.0884	0.0190	0.0694
128.500	0.0887	0.0190	0.0697
128.525	0.0890	0.0190	0.0700
128.550	0.0893	0.0190	0.0702
128.575	0.0896	0.0190	0.0706
128.600	0.0901	0.0190	0.0711
128.625	0.0904	0.0190	0.0714
128.650	0.0908	0.0190	0.0718
128.675	0.0913	0.0190	0.0723
128.700	0.0917	0.0190	0.0726
128.725	0.0915	0.0190	0.0725
128.750	0.0912	0.0190	0.0722
128.775	0.0910	0.0190	0.0720
128.800	0.0909	0.0190	0.0719
128.825	0.0909	0.0190	0.0719
128.850	0.0911	0.0191	0.0720
128.875	0.0915	0.0191	0.0724
128.900	0.0923	0.0191	0.0732
128.925	0.0927	0.0191	0.0736
128.950	0.0925	0.0191	0.0734
128.975	0.0923	0.0191	0.0732
129.000	0.0923	0.0191	0.0732
129.025	0.0924	0.0191	0.0733
129.050	0.0926	0.0191	0.0734
129.075	0.0929	0.0192	0.0737
129.100	0.0931	0.0192	0.0739
129.125	0.0932	0.0192	0.0740
129.150	0.0932	0.0192	0.0740
129.175	0.0932	0.0192	0.0740
129.200	0.0932	0.0192	0.0740
129.225	0.0934	0.0192	0.0742
129.250	0.0937	0.0192	0.0745
129.275	0.0941	0.0192	0.0749
129.300	0.0944	0.0192	0.0751
129.325	0.0944	0.0192	0.0751
129.350	0.0944	0.0192	0.0751
129.375	0.0944	0.0193	0.0752
129.400	0.0945	0.0193	0.0752
129.425	0.0945	0.0193	0.0752
129.450	0.0943	0.0193	0.0751
129.475	0.0942	0.0193	0.0749
129.500	0.0941	0.0193	0.0748
129.525	0.0940	0.0193	0.0747
129.550	0.0940	0.0193	0.0747
129.575	0.0939	0.0193	0.0746
129.600	0.0938	0.0193	0.0746
129.625	0.0938	0.0193	0.0745
129.650	0.0938	0.0193	0.0745
129.675	0.0937	0.0193	0.0744
129.700	0.0937	0.0193	0.0744
129.725	0.0937	0.0193	0.0744
129.750	0.0936	0.0193	0.0743
129.775	0.0936	0.0193	0.0743
129.800	0.0936	0.0193	0.0743
129.825	0.0936	0.0193	0.0743
129.850	0.0936	0.0193	0.0743
129.875	0.0937	0.0193	0.0744
129.900	0.0937	0.0193	0.0744
129.925	0.0938	0.0193	0.0745
129.950	0.0940	0.0193	0.0747
129.975	0.0942	0.0193	0.0749
130.000	0.0945	0.0193	0.0752
130.025	0.0949	0.0193	0.0756
130.050	0.0953	0.0193	0.0760
130.075	0.0956	0.0193	0.0763
130.100	0.0958	0.0193	0.0766
130.125	0.0962	0.0193	0.0769
130.150	0.0968	0.0193	0.0775
130.175	0.0974	0.0193	0.0781
130.200	0.0979	0.0193	0.0786
130.225	0.0981	0.0193	0.0789
130.250	0.0983	0.0193	0.0790
130.275	0.0985	0.0193	0.0793
130.300	0.0986	0.0193	0.0794
130.325	0.0986	0.0193	0.0794
130.350	0.0986	0.0193	0.0794
130.375	0.0987	0.0193	0.0794
130.400	0.0987	0.0192	0.0795
130.425	0.0989	0.0192	0.0796
130.450	0.0990	0.0192	0.0798
130.475	0.0992	0.0192	0.0800
130.500	0.0994	0.0192	0.0802
130.525	0.0997	0.0192	0.0804
130.550	0.1000	0.0192	0.0807
130.575	0.1004	0.0192	0.0812
130.600	0.1013	0.0192	0.0821
130.625	0.1020	0.0192	0.0828
130.650	0.1020	0.0192	0.0828
130.675	0.1020	0.0192	0.0828
130.700	0.1022	0.0192	0.0830
130.725	0.1026	0.0192	0.0834
130.750	0.1032	0.0192	0.0840
130.775	0.1042	0.0192	0.0849
130.800	0.1054	0.0192	0.0862
130.825	0.1063	0.0192	0.0871
130.850	0.1067	0.0192	0.0875
130.875	0.1065	0.0192	0.0873
130.900	0.1066	0.0192	0.0874
130.925	0.1071	0.0192	0.0879
130.950	0.1076	0.0192	0.0884
130.975	0.1079	0.0192	0.0887
131.000	0.1083	0.0192	0.0891
131.025	0.1086	0.0192	0.0894
131.050	0.1087	0.0192	0.0895
131.075	0.1087	0.0192	0.0894
131.100	0.1086	0.0192	0.0894
131.125	0.1085	0.0192	0.0893
131.150	0.1085	0.0192	0.0893
131.175	0.1084	0.0192	0.0892
131.200	0.1083	0.0192	0.0891
131.225	0.1082	0.0192	0.0890
131.250	0.1081	0.0192	0.0889
131.275	0.1079	0.0192	0.0887
131.300	0.1078	0.0192	0.0886
131.325	0.1076	0.0192	0.0884
131.350	0.1075	0.0192	0.0883
131.375	0.1074	0.0192	0.0882
131.400	0.1072	0.0192	0.0880
131.425	0.1071	0.0192	0.0879
131.450	0.1070	0.0192	0.0878
131.475	0.1069	0.0192	0.0877
131.500	0.1069	0.0192	0.0877
131.525	0.1071	0.0192	0.0879
131.550	0.1074	0.0192	0.0882
131.575	0.1074	0.0192	0.0882
131.600	0.1072	0.0192	0.0880
131.625	0.1070	0.0192	0.0878
131.650	0.1069	0.0192	0.0877
131.675	0.1068	0.0192	0.0876
131.700	0.1067	0.0192	0.0875
131.725	0.1068	0.0192	0.0876
131.750	0.1071	0.0192	0.0879
131.775	0.1072	0.0192	0.0880
131.800	0.1069	0.0192	0.0877
131.825	0.1066	0.0192	0.0874
131.850	0.1064	0.0192	0.0872
131.875	0.1063	0.0192	0.0871
131.900	0.1063	0.0192	0.0871
131.925	0.1064	0.0192	0.0872
131.950	0.1066	0.0192	0.0874
131.975	0.1069	0.0192	0.0877
132.000	0.1073	0.0192	0.0881
132.025	0.1077	0.0192	0.0885
132.050	0.1082	0.0192	0.0890
132.075	0.1085	0.0192	0.0894
132.100	0.1088	0.0192	0.0897
132.125	0.1093	0.0192	0.0901
132.150	0.1099	0.0192	0.0907
132.175	0.1105	0.0192	0.0914
132.200	0.1109	0.0192	0.0917
132.225	0.1111	0.0192	0.0919
132.250	0.1114	0.0192	0.0922
132.275	0.1118	0.0192	0.0926
132.300	0.1117	0.0192	0.0925
132.325	0.1116	0.0192	0.0924
132.350	0.1117	0.0192	0.0925
132.375	0.1120	0.0192	0.0929
132.400	0.1126	0.0192	0.0935
132.425	0.1134	0.0192	0.0942
132.450	0.1143	0.0192	0.0951
132.475	0.1153	0.0192	0.0961
132.500	0.1156	0.0192	0.0965
132.525	0.1154	0.0192	0.0962
132.550	0.1151	0.0192	0.0960
132.575	0.1150	0.0192	0.0959
132.600	0.1151	0.0192	0.0959
132.625	0.1153	0.0192	0.0961
132.650	0.1157	0.0192	0.0965
132.675	0.1162	0.0192	0.0970
132.700	0.1166	0.0192	0.0974
132.725	0.1169	0.0192	0.0977
132.750	0.1172	0.0192	0.0980
132.775	0.1176	0.0192	0.0984
132.800	0.1179	0.0192	0.0987
132.825	0.1181	0.0192	0.0989
132.850	0.1184	0.0192	0.0992
132.875	0.1188	0.0192	0.0996
132.900	0.1191	0.0192	0.0999
132.925	0.1196	0.0192	0.1004
132.950	0.1207	0.0192	0.1015
132.975	0.1214	0.0192	0.1022
133.000	0.1212	0.0192	0.1021
133.025	0.1211	0.0192	0.1019
133.050	0.1212	0.0192	0.1020
133.075	0.1212	0.0192	0.1020
133.100	0.1210	0.0192	0.1018
133.125	0.1206	0.0192	0.1015
133.150	0.1203	0.0192	0.1011
133.175	0.1200	0.0192	0.1008
133.200	0.1197	0.0192	0.1006
133.225	0.1195	0.0192	0.1003
133.250	0.1192	0.0192	0.1001
133.275	0.1190	0.0192	0.0998
133.300	0.1188	0.0192	0.0996
133.325	0.1185	0.0192	0.0993
133.350	0.1182	0.0192	0.0991
133.375	0.1180	0.0192	0.0988
133.400	0.1177	0.0192	0.0985
133.425	0.1174	0.0192	0.0982
133.450	0.1171	0.0192	0.0979
133.475	0.1168	0.0192	0.0977
133.500	0.1166	0.0192	0.0974
133.525	0.1163	0.0192	0.0971
133.550	0.1160	0.0192	0.0968
133.575	0.1158	0.0192	0.0966
133.600	0.1155	0.0192	0.0963
133.625	0.1153	0.0192	0.0961
133.650	0.1151	0.0192	0.0959
133.675	0.1149	0.0192	0.0957
133.700	0.1147	0.0192	0.0955
133.725	0.1145	0.0192	0.0953
133.750	0.1144	0.0192	0.0952
133.775	0.1143	0.0192	0.0951
133.800	0.1142	0.0192	0.0950
133.825	0.1141	0.0192	0.0949
133.850	0.1141	0.0192	0.0949
133.875	0.1141	0.0192	0.0949
133.900	0.1142	0.0192	0.0950
133.925	0.1144	0.0192	0.0952
133.950	0.1147	0.0192	0.0955
133.975	0.1154	0.0192	0.0961
134.000	0.1162	0.0192	0.0969
134.025	0.1167	0.0192	0.0975
134.050	0.1171	0.0192	0.0979
134.075	0.1175	0.0192	0.0983
134.100	0.1181	0.0192	0.0989
134.125	0.1187	0.0192	0.0994
134.150	0.1189	0.0192	0.0997
134.175	0.1192	0.0192	0.1000
134.200	0.1199	0.0192	0.1007
134.225	0.1207	0.0193	0.1014
134.250	0.1214	0.0193	0.1022
134.275	0.1225	0.0193	0.1032
134.300	0.1238	0.0193	0.1044
134.325	0.1246	0.0193	0.1053
134.350	0.1248	0.0194	0.1054
134.375	0.1247	0.0194	0.1053
134.400	0.1248	0.0194	0.1054
134.425	0.1253	0.0195	0.1058
134.450	0.1262	0.0195	0.1067
134.475	0.1273	0.0195	0.1078
134.500	0.1283	0.0195	0.1087
134.525	0.1293	0.0196	0.1097
134.550	0.1304	0.0196	0.1108
134.575	0.1311	0.0196	0.1115
134.600	0.1315	0.0197	0.1118
134.625	0.1317	0.0197	0.1120
134.650	0.1322	0.0198	0.1124
134.675	0.1326	0.0198	0.1128
134.700	0.1329	0.0199	0.1130
134.725	0.1330	0.0199	0.1131
134.750	0.1332	0.0199	0.1132
134.775	0.1334	0.0199	0.1135
134.800	0.1339	0.0200	0.1139
134.825	0.1346	0.0200	0.1146
134.850	0.1356	0.0200	0.1156
134.875	0.1369	0.0200	0.1169
134.900	0.1375	0.0200	0.1175
134.925	0.1375	0.0200	0.1175
134.950	0.1371	0.0200	0.1171
134.975	0.1367	0.0200	0.1167
135.000	0.1364	0.0200	0.1164
135.025	0.1361	0.0200	0.1161
135.050	0.1359	0.0200	0.1159
135.075	0.1359	0.0200	0.1159
135.100	0.1361	0.0200	0.1161
135.125	0.1367	0.0200	0.1167
135.150	0.1375	0.0199	0.1176
135.175	0.1382	0.0199	0.1182
135.200	0.1383	0.0199	0.1184
135.225	0.1378	0.0199	0.1179
135.250	0.1371	0.0199	0.1172
135.275	0.1364	0.0199	0.1166
135.300	0.1359	0.0198	0.1161
135.325	0.1355	0.0198	0.1157
135.350	0.1353	0.0198	0.1155
135.375	0.1352	0.0198	0.1154
135.400	0.1353	0.0198	0.1155
135.425	0.1355	0.0197	0.1157
135.450	0.1354	0.0197	0.1157
135.475	0.1352	0.0197	0.1155
135.500	0.1348	0.0196	0.1151
135.525	0.1342	0.0196	0.1146
135.550	0.1338	0.0196	0.1142
135.575	0.1334	0.0196	0.1138
135.600	0.1332	0.0195	0.1136
135.625	0.1331	0.0195	0.1136
135.650	0.1333	0.0195	0.1138
135.675	0.1337	0.0195	0.1142
135.700	0.1338	0.0194	0.1144
135.725	0.1339	0.0194	0.1146
135.750	0.1342	0.0193	0.1149
135.775	0.1346	0.0193	0.1153
135.800	0.1354	0.0193	0.1161
135.825	0.1363	0.0192	0.1171
135.850	0.1369	0.0192	0.1177
135.875	0.1369	0.0192	0.1177
135.900	0.1368	0.0191	0.1177
135.925	0.1371	0.0191	0.1180
135.950	0.1375	0.0190	0.1184
135.975	0.1375	0.0190	0.1185
136.000	0.1371	0.0190	0.1181
136.025	0.1366	0.0189	0.1177
136.050	0.1365	0.0189	0.1176
136.075	0.1368	0.0189	0.1180
136.100	0.1373	0.0189	0.1184
136.125	0.1375	0.0188	0.1187
136.150	0.1378	0.0188	0.1190
136.175	0.1384	0.0188	0.1196
136.200	0.1391	0.0188	0.1204
136.225	0.1400	0.0187	0.1213
136.250	0.1408	0.0187	0.1220
136.275	0.1414	0.0187	0.1227
136.300	0.1423	0.0187	0.1236
136.325	0.1434	0.0187	0.1247
136.350	0.1443	0.0187	0.1256
136.375	0.1443	0.0187	0.1256
136.400	0.1444	0.0187	0.1257
136.425	0.1450	0.0187	0.1263
136.450	0.1457	0.0187	0.1269
136.475	0.1456	0.0187	0.1269
136.500	0.1453	0.0187	0.1265
136.525	0.1453	0.0187	0.1265
136.550	0.1454	0.0188	0.1267
136.575	0.1455	0.0188	0.1267
136.600	0.1456	0.0188	0.1268
136.625	0.1457	0.0188	0.1268
136.650	0.1457	0.0189	0.1268
136.675	0.1459	0.0189	0.1270
136.700	0.1466	0.0190	0.1277
136.725	0.1477	0.0190	0.1287
136.750	0.1485	0.0191	0.1294
136.775	0.1487	0.0191	0.1296
136.800	0.1485	0.0192	0.1294
136.825	0.1484	0.0192	0.1292
136.850	0.1484	0.0193	0.1292
136.875	0.1480	0.0193	0.1287
136.900	0.1473	0.0193	0.1280
136.925	0.1469	0.0193	0.1275
136.950	0.1466	0.0193	0.1273
136.975	0.1465	0.0194	0.1271
137.000	0.1463	0.0194	0.1269
137.025	0.1460	0.0194	0.1266
137.050	0.1454	0.0194	0.1260
137.075	0.1446	0.0194	0.1253
137.100	0.1441	0.0194	0.1247
137.125	0.1439	0.0194	0.1246
137.150	0.1441	0.0194	0.1247
137.175	0.1444	0.0194	0.1250
137.200	0.1448	0.0194	0.1254
137.225	0.1448	0.0194	0.1254
137.250	0.1439	0.0194	0.1245
137.275	0.1426	0.0194	0.1232
137.300	0.1415	0.0194	0.1221
137.325	0.1406	0.0194	0.1212
137.350	0.1401	0.0194	0.1207
137.375	0.1399	0.0194	0.1205
137.400	0.1400	0.0194	0.1206
137.425	0.1399	0.0194	0.1205
137.450	0.1394	0.0194	0.1199
137.475	0.1385	0.0194	0.1191
137.500	0.1378	0.0194	0.1184
137.525	0.1374	0.0194	0.1180
137.550	0.1372	0.0194	0.1178
137.575	0.1368	0.0194	0.1174
137.600	0.1362	0.0194	0.1168
137.625	0.1358	0.0194	0.1165
137.650	0.1359	0.0193	0.1166
137.675	0.1363	0.0193	0.1170
137.700	0.1362	0.0193	0.1169
137.725	0.1353	0.0193	0.1160
137.750	0.1342	0.0193	0.1149
137.775	0.1332	0.0193	0.1139
137.800	0.1323	0.0193	0.1130
137.825	0.1314	0.0192	0.1122
137.850	0.1305	0.0192	0.1113
137.875	0.1297	0.0192	0.1105
137.900	0.1288	0.0192	0.1097
137.925	0.1282	0.0191	0.1090
137.950	0.1276	0.0191	0.1085
137.975	0.1272	0.0191	0.1081
138.000	0.1265	0.0191	0.1074
138.025	0.1257	0.0190	0.1067
138.050	0.1249	0.0190	0.1059
138.075	0.1242	0.0189	0.1053
138.100	0.1235	0.0189	0.1046
138.125	0.1224	0.0188	0.1036
138.150	0.1208	0.0188	0.1020
138.175	0.1191	0.0188	0.1003
138.200	0.1175	0.0187	0.0987
138.225	0.1159	0.0187	0.0972
138.250	0.1144	0.0186	0.0958
138.275	0.1129	0.0186	0.0943
138.300	0.1115	0.0185	0.0929
138.325	0.1100	0.0185	0.0916
138.350	0.1086	0.0184	0.0902
138.375	0.1071	0.0184	0.0887
138.400	0.1056	0.0183	0.0873
138.425	0.1042	0.0183	0.0859
138.450	0.1027	0.0182	0.0845
138.475	0.1012	0.0182	0.0831
138.500	0.0998	0.0181	0.0817
138.525	0.0983	0.0181	0.0803
138.550	0.0969	0.0180	0.0789
138.575	0.0954	0.0180	0.0775
138.600	0.0940	0.0179	0.0761
138.625	0.0926	0.0179	0.0747
138.650	0.0912	0.0178	0.0734
138.675	0.0898	0.0178	0.0720
138.700	0.0884	0.0177	0.0707
138.725	0.0871	0.0177	0.0694
138.750	0.0857	0.0176	0.0681
138.775	0.0844	0.0176	0.0668
138.800	0.0831	0.0176	0.0656
138.825	0.0819	0.0175	0.0644
138.850	0.0807	0.0175	0.0632
138.875	0.0795	0.0174	0.0621
138.900	0.0784	0.0174	0.0609
138.925	0.0772	0.0174	0.0599
138.950	0.0761	0.0174	0.0588
138.975	0.0751	0.0173	0.0578
139.000	0.0741	0.0173	0.0567
139.025	0.0730	0.0173	0.0558
139.050	0.0721	0.0173	0.0548
139.075	0.0711	0.0173	0.0539
139.100	0.0702	0.0173	0.0530
139.125	0.0693	0.0172	0.0521
139.150	0.0685	0.0172	0.0513
139.175	0.0677	0.0172	0.0504
139.200	0.0669	0.0172	0.0497
139.225	0.0661	0.0172	0.0489
139.250	0.0654	0.0172	0.0482
139.275	0.0647	0.0172	0.0475
139.300	0.0641	0.0172	0.0468
139.325	0.0634	0.0173	0.0462
139.350	0.0628	0.0173	0.0456
139.375	0.0623	0.0173	0.0450
139.400	0.0617	0.0173	0.0444
139.425	0.0612	0.0173	0.0439
139.450	0.0607	0.0173	0.0434
139.475	0.0602	0.0173	0.0429
139.500	0.0598	0.0173	0.0424
139.525	0.0594	0.0174	0.0420
139.550	0.0590	0.0174	0.0416
139.575	0.0586	0.0174	0.0412
139.600	0.0582	0.0174	0.0409
139.625	0.0579	0.0174	0.0405
139.650	0.0576	0.0174	0.0402
139.675	0.0573	0.0174	0.0399
139.700	0.0570	0.0174	0.0396
139.725	0.0567	0.0174	0.0393
139.750	0.0565	0.0174	0.0391
139.775	0.0562	0.0174	0.0389
139.800	0.0560	0.0173	0.0387
139.825	0.0558	0.0173	0.0385
139.850	0.0556	0.0173	0.0383
139.875	0.0554	0.0173	0.0381
139.900	0.0553	0.0173	0.0380
139.925	0.0551	0.0173	0.0379
139.950	0.0550	0.0172	0.0377
139.975	0.0548	0.0172	0.0376
140.000	0.0547	0.0172	0.0375
140.025	0.0546	0.0172	0.0374
140.050	0.0545	0.0171	0.0374
140.075	0.0544	0.0171	0.0373
140.100	0.0544	0.0171	0.0373
140.125	0.0543	0.0171	0.0372
140.150	0.0542	0.0170	0.0372
140.175	0.0542	0.0170	0.0372
140.200	0.0541	0.0170	0.0372
140.225	0.0541	0.0169	0.0372
140.250	0.0541	0.0169	0.0372
140.275	0.0541	0.0169	0.0372
140.300	0.0540	0.0168	0.0372
140.325	0.0540	0.0168	0.0372
140.350	0.0540	0.0168	0.0373
140.375	0.0540	0.0167	0.0373
140.400	0.0540	0.0167	0.0373
140.425	0.0540	0.0167	0.0374
140.450	0.0540	0.0166	0.0374
140.475	0.0541	0.0166	0.0375
140.500	0.0541	0.0165	0.0375
140.525	0.0541	0.0165	0.0376
140.550	0.0541	0.0165	0.0377
140.575	0.0542	0.0164	0.0378
140.600	0.0542	0.0164	0.0378
140.625	0.0543	0.0164	0.0379
140.650	0.0543	0.0163	0.0380
140.675	0.0544	0.0163	0.0381
140.700	0.0544	0.0163	0.0382
140.725	0.0545	0.0162	0.0383
140.750	0.0546	0.0162	0.0384
140.775	0.0546	0.0162	0.0385
140.800	0.0547	0.0162	0.0386
140.825	0.0548	0.0161	0.0387
140.850	0.0549	0.0161	0.0388
140.875	0.0550	0.0161	0.0389
140.900	0.0551	0.0161	0.0390
140.925	0.0552	0.0161	0.0391
140.950	0.0553	0.0160	0.0392
140.975	0.0554	0.0160	0.0393
141.000	0.0555	0.0160	0.0394
141.025	0.0556	0.0160	0.0395
141.050	0.0557	0.0160	0.0397
141.075	0.0558	0.0160	0.0398
141.100	0.0559	0.0160	0.0399
141.125	0.0560	0.0160	0.0400
141.150	0.0561	0.0160	0.0401
141.175	0.0562	0.0160	0.0402
141.200	0.0563	0.0160	0.0403
141.225	0.0564	0.0160	0.0404
141.250	0.0565	0.0160	0.0405
141.275	0.0567	0.0160	0.0407
141.300	0.0568	0.0160	0.0408
141.325	0.0569	0.0160	0.0409
141.350	0.0570	0.0160	0.0410
141.375	0.0571	0.0160	0.0411
141.400	0.0572	0.0160	0.0412
141.425	0.0573	0.0160	0.0413
141.450	0.0574	0.0160	0.0414
141.475	0.0575	0.0160	0.0415
141.500	0.0576	0.0160	0.0416
141.525	0.0577	0.0160	0.0417
141.550	0.0578	0.0160	0.0418
141.575	0.0579	0.0160	0.0419
141.600	0.0580	0.0160	0.0420
141.625	0.0581	0.0160	0.0421
141.650	0.0582	0.0160	0.0422
141.675	0.0583	0.0160	0.0422
141.700	0.0583	0.0160	0.0423
141.725	0.0584	0.0160	0.0424
141.750	0.0585	0.0160	0.0425
141.775	0.0586	0.0160	0.0426
141.800	0.0587	0.0160	0.0426
141.825	0.0587	0.0160	0.0427
141.850	0.0588	0.0160	0.0428
141.875	0.0589	0.0160	0.0429
141.900	0.0589	0.0160	0.0429
141.925	0.0590	0.0160	0.0430
141.950	0.0591	0.0160	0.0431
141.975	0.0591	0.0160	0.0431
142.000	0.0592	0.0160	0.0432
142.025	0.0592	0.0160	0.0432
142.050	0.0593	0.0160	0.0433
142.075	0.0594	0.0160	0.0433
142.100	0.0594	0.0160	0.0434
142.125	0.0595	0.0160	0.0434
142.150	0.0595	0.0160	0.0435
142.175	0.0596	0.0161	0.0435
142.200	0.0596	0.0161	0.0436
142.225	0.0597	0.0161	0.0436
142.250	0.0597	0.0161	0.0436
142.275	0.0598	0.0161	0.0437
142.300	0.0598	0.0161	0.0437
142.325	0.0598	0.0161	0.0437
142.350	0.0599	0.0161	0.0438
142.375	0.0599	0.0161	0.0438
142.400	0.0599	0.0161	0.0438
142.425	0.0600	0.0161	0.0438
142.450	0.0600	0.0162	0.0439
142.475	0.0600	0.0162	0.0439
142.500	0.0601	0.0162	0.0439
142.525	0.0601	0.0162	0.0439
142.550	0.0601	0.0162	0.0439
142.575	0.0601	0.0162	0.0439
142.600	0.0602	0.0162	0.0439
142.625	0.0602	0.0162	0.0440
142.650	0.0602	0.0162	0.0440
142.675	0.0602	0.0162	0.0440
142.700	0.0602	0.0163	0.0440
142.725	0.0602	0.0163	0.0440
142.750	0.0602	0.0163	0.0440
142.775	0.0602	0.0163	0.0440
142.800	0.0603	0.0163	0.0440
142.825	0.0603	0.0163	0.0439
142.850	0.0603	0.0163	0.0439
142.875	0.0603	0.0163	0.0439
142.900	0.0603	0.0163	0.0439
142.925	0.0602	0.0164	0.0439
142.950	0.0602	0.0164	0.0439
142.975	0.0602	0.0164	0.0439
143.000	0.0602	0.0164	0.0439
143.025	0.0602	0.0164	0.0438
143.050	0.0602	0.0164	0.0438
143.075	0.0602	0.0164	0.0438
143.100	0.0602	0.0164	0.0438
143.125	0.0602	0.0164	0.0438
143.150	0.0602	0.0164	0.0438
143.175	0.0602	0.0164	0.0438
143.200	0.0602	0.0165	0.0437
143.225	0.0602	0.0165	0.0437
143.250	0.0602	0.0165	0.0437
143.275	0.0602	0.0165	0.0437
143.300	0.0601	0.0165	0.0437
143.325	0.0601	0.0165	0.0436
143.350	0.0601	0.0165	0.0436
143.375	0.0601	0.0165	0.0436
143.400	0.0601	0.0165	0.0436
143.425	0.0601	0.0165	0.0435
143.450	0.0600	0.0165	0.0435
143.475	0.0600	0.0165	0.0435
143.500	0.0600	0.0165	0.0434
143.525	0.0600	0.0166	0.0434
143.550	0.0599	0.0166	0.0434
143.575	0.0599	0.0166	0.0433
143.600	0.0599	0.0166	0.0433
143.625	0.0599	0.0166	0.0433
143.650	0.0598	0.0166	0.0432
143.675	0.0598	0.0166	0.0432
143.700	0.0598	0.0166	0.0431
143.725	0.0597	0.0166	0.0431
143.750	0.0597	0.0166	0.0431
143.775	0.0596	0.0166	0.0430
143.800	0.0596	0.0166	0.0430
143.825	0.0596	0.0166	0.0429
143.850	0.0595	0.0166	0.0429
143.875	0.0595	0.0167	0.0428
143.900	0.0594	0.0167	0.0428
143.925	0.0594	0.0167	0.0427
143.950	0.0593	0.0167	0.0426
143.975	0.0593	0.0167	0.0426
144.000	0.0592	0.0167	0.0425
144.025	0.0592	0.0167	0.0425
144.050	0.0591	0.0167	0.0424
144.075	0.0591	0.0167	0.0424
144.100	0.0590	0.0167	0.0423
144.125	0.0589	0.0167	0.0422
144.150	0.0589	0.0167	0.0422
144.175	0.0588	0.0167	0.0421
144.200	0.0588	0.0167	0.0420
144.225	0.0587	0.0167	0.0420
144.250	0.0586	0.0167	0.0419
144.275	0.0586	0.0167	0.0418
144.300	0.0585	0.0168	0.0418
144.325	0.0585	0.0168	0.0417
144.350	0.0584	0.0168	0.0416
144.375	0.0583	0.0168	0.0416
144.400	0.0583	0.0168	0.0415
144.425	0.0582	0.0168	0.0414
144.450	0.0581	0.0168	0.0413
144.475	0.0581	0.0168	0.0413
144.500	0.0580	0.0168	0.0412
144.525	0.0579	0.0168	0.0411
144.550	0.0579	0.0168	0.0411
144.575	0.0578	0.0168	0.0410
144.600	0.0577	0.0168	0.0409
144.625	0.0577	0.0168	0.0408
144.650	0.0576	0.0168	0.0408
144.675	0.0575	0.0168	0.0407
144.700	0.0575	0.0168	0.0406
144.725	0.0574	0.0168	0.0405
144.750	0.0573	0.0168	0.0405
144.775	0.0572	0.0168	0.0404
144.800	0.0572	0.0169	0.0403
144.825	0.0571	0.0169	0.0402
144.850	0.0570	0.0169	0.0402
144.875	0.0569	0.0169	0.0401
144.900	0.0569	0.0169	0.0400
144.925	0.0568	0.0169	0.0399
144.950	0.0567	0.0169	0.0398
144.975	0.0566	0.0169	0.0398
145.000	0.0566	0.0169	0.0397
145.025	0.0565	0.0169	0.0396
145.050	0.0564	0.0169	0.0395
145.075	0.0563	0.0169	0.0394
145.100	0.0563	0.0169	0.0393
145.125	0.0562	0.0169	0.0393
145.150	0.0561	0.0169	0.0392
145.175	0.0560	0.0169	0.0391
145.200	0.0559	0.0169	0.0390
145.225	0.0558	0.0169	0.0389
145.250	0.0558	0.0169	0.0388
145.275	0.0557	0.0169	0.0388
145.300	0.0556	0.0169	0.0387
145.325	0.0555	0.0169	0.0386
145.350	0.0554	0.0169	0.0385
145.375	0.0553	0.0169	0.0384
145.400	0.0553	0.0169	0.0383
145.425	0.0552	0.0169	0.0382
145.450	0.0551	0.0170	0.0381
145.475	0.0550	0.0170	0.0381
145.500	0.0549	0.0170	0.0380
145.525	0.0548	0.0170	0.0379
145.550	0.0548	0.0170	0.0378
145.575	0.0547	0.0170	0.0377
145.600	0.0546	0.0170	0.0376
145.625	0.0545	0.0170	0.0375
145.650	0.0544	0.0170	0.0374
145.675	0.0543	0.0170	0.0373
145.700	0.0542	0.0170	0.0373
145.725	0.0541	0.0170	0.0372
145.750	0.0541	0.0170	0.0371
145.775	0.0540	0.0170	0.0370
145.800	0.0539	0.0170	0.0369
145.825	0.0538	0.0170	0.0368
145.850	0.0537	0.0170	0.0367
145.875	0.0536	0.0170	0.0366
145.900	0.0535	0.0170	0.0365
145.925	0.0534	0.0170	0.0364
145.950	0.0534	0.0170	0.0363
145.975	0.0533	0.0170	0.0363
146.000	0.0532	0.0170	0.0362
146.025	0.0531	0.0170	0.0361
146.050	0.0530	0.0170	0.0360
146.075	0.0529	0.0170	0.0359
146.100	0.0528	0.0170	0.0358
146.125	0.0527	0.0170	0.0357
146.150	0.0526	0.0170	0.0356
146.175	0.0525	0.0170	0.0355
146.200	0.0525	0.0170	0.0354
146.225	0.0524	0.0170	0.0353
146.250	0.0523	0.0170	0.0352
146.275	0.0522	0.0170	0.0352
146.300	0.0521	0.0170	0.0351
146.325	0.0520	0.0170	0.0350
146.350	0.0519	0.0170	0.0349
146.375	0.0518	0.0170	0.0348
146.400	0.0517	0.0170	0.0347
146.425	0.0516	0.0170	0.0346
146.450	0.0515	0.0170	0.0345
146.475	0.0514	0.0170	0.0344
146.500	0.0514	0.0170	0.0343
146.525	0.0513	0.0170	0.0342
146.550	0.0512	0.0170	0.0341
146.575	0.0511	0.0170	0.0340
146.600	0.0510	0.0170	0.0340
146.625	0.0509	0.0170	0.0339
146.650	0.0508	0.0170	0.0338
146.675	0.0507	0.0170	0.0337
146.700	0.0506	0.0170	0.0336
146.725	0.0505	0.0170	0.0335
146.750	0.0504	0.0170	0.0334
146.775	0.0503	0.0170	0.0333
146.800	0.0502	0.0170	0.0332
146.825	0.0501	0.0170	0.0331
146.850	0.0500	0.0170	0.0330
146.875	0.0500	0.0170	0.0329
146.900	0.0499	0.0170	0.0328
146.925	0.0498	0.0170	0.0328
146.950	0.0497	0.0170	0.0327
146.975	0.0496	0.0170	0.0326
147.000	0.0495	0.0170	0.0325
147.025	0.0494	0.0170	0.0324
147.050	0.0493	0.0170	0.0323
147.075	0.0492	0.0170	0.0322
147.100	0.0491	0.0170	0.0321
147.125	0.0490	0.0170	0.0320
147.150	0.0490	0.0170	0.0320
147.175	0.0489	0.0170	0.0319
147.200	0.0488	0.0170	0.0318
147.225	0.0487	0.0170	0.0317
147.250	0.0486	0.0170	0.0316
147.275	0.0485	0.0170	0.0315
147.300	0.0485	0.0170	0.0315
147.325	0.0484	0.0170	0.0314
147.350	0.0483	0.0170	0.0313
147.375	0.0482	0.0170	0.0312
147.400	0.0481	0.0170	0.0311
147.425	0.0480	0.0170	0.0311
147.450	0.0480	0.0170	0.0310
147.475	0.0479	0.0170	0.0309
147.500	0.0478	0.0170	0.0308
147.525	0.0477	0.0170	0.0307
147.550	0.0476	0.0170	0.0307
147.575	0.0475	0.0170	0.0306
147.600	0.0475	0.0170	0.0305
147.625	0.0474	0.0170	0.0304
147.650	0.0473	0.0170	0.0303
147.675	0.0472	0.0170	0.0303
147.700	0.0471	0.0170	0.0302
147.725	0.0471	0.0170	0.0301
147.750	0.0470	0.0170	0.0300
147.775	0.0469	0.0170	0.0299
147.800	0.0468	0.0170	0.0299
147.825	0.0467	0.0170	0.0298
147.850	0.0467	0.0170	0.0297
147.875	0.0466	0.0170	0.0296
147.900	0.0465	0.0170	0.0295
147.925	0.0464	0.0170	0.0295
147.950	0.0463	0.0170	0.0294
147.975	0.0463	0.0170	0.0293
148.000	0.0462	0.0170	0.0292
148.025	0.0461	0.0170	0.0291
148.050	0.0460	0.0170	0.0291
148.075	0.0459	0.0170	0.0290
148.100	0.0459	0.0170	0.0289
148.125	0.0458	0.0170	0.0288
148.150	0.0457	0.0170	0.0287
148.175	0.0456	0.0170	0.0287
148.200	0.0455	0.0170	0.0286
148.225	0.0455	0.0170	0.0285
148.250	0.0454	0.0170	0.0284
148.275	0.0453	0.0170	0.0283
148.300	0.0452	0.0170	0.0283
148.325	0.0452	0.0170	0.0282
148.350	0.0451	0.0170	0.0281
148.375	0.0450	0.0170	0.0280
148.400	0.0449	0.0170	0.0279
148.425	0.0448	0.0170	0.0279
148.450	0.0448	0.0170	0.0278
148.475	0.0447	0.0170	0.0277
148.500	0.0446	0.0170	0.0276
148.525	0.0445	0.0170	0.0275
148.550	0.0444	0.0170	0.0275
148.575	0.0444	0.0170	0.0274
148.600	0.0443	0.0170	0.0273
148.625	0.0442	0.0170	0.0272
148.650	0.0441	0.0170	0.0271
148.675	0.0441	0.0170	0.0271
148.700	0.0440	0.0170	0.0270
148.725	0.0439	0.0170	0.0269
148.750	0.0438	0.0170	0.0268
148.775	0.0438	0.0170	0.0268
148.800	0.0437	0.0170	0.0267
148.825	0.0436	0.0170	0.0266
148.850	0.0435	0.0170	0.0265
148.875	0.0434	0.0170	0.0264
148.900	0.0434	0.0170	0.0264
148.925	0.0433	0.0170	0.0263
148.950	0.0432	0.0170	0.0262
148.975	0.0431	0.0170	0.0261
149.000	0.0431	0.0170	0.0260
149.025	0.0430	0.0170	0.0260
149.050	0.0429	0.0170	0.0259
149.075	0.0428	0.0170	0.0258
149.100	0.0428	0.0170	0.0257
149.125	0.0427	0.0170	0.0257
149.150	0.0426	0.0170	0.0256
149.175	0.0425	0.0170	0.0255
149.200	0.0425	0.0170	0.0254
149.225	0.0424	0.0170	0.0254
149.250	0.0423	0.0170	0.0253
149.275	0.0422	0.0170	0.0252
149.300	0.0422	0.0170	0.0251
149.325	0.0421	0.0170	0.0250
149.350	0.0420	0.0170	0.0250
149.375	0.0419	0.0170	0.0249
149.400	0.0419	0.0170	0.0248
149.425	0.0418	0.0170	0.0247
149.450	0.0417	0.0170	0.0247
149.475	0.0416	0.0170	0.0246
149.500	0.0416	0.0170	0.0245
149.525	0.0415	0.0170	0.0244
149.550	0.0414	0.0170	0.0244
149.575	0.0413	0.0170	0.0243
149.600	0.0413	0.0171	0.0242
149.625	0.0412	0.0171	0.0242
149.650	0.0411	0.0171	0.0241
149.675	0.0411	0.0171	0.0240
149.700	0.0410	0.0171	0.0239
149.725	0.0409	0.0171	0.0239
149.750	0.0408	0.0171	0.0238
149.775	0.0408	0.0171	0.0237
149.800	0.0407	0.0171	0.0236
149.825	0.0406	0.0171	0.0236
149.850	0.0406	0.0171	0.0235
149.875	0.0405	0.0171	0.0234
149.900	0.0404	0.0171	0.0234
149.925	0.0404	0.0171	0.0233
149.950	0.0403	0.0171	0.0232
149.975	0.0402	0.0171	0.0231
150.000	0.0402	0.0171	0.0231
150.025	0.0401	0.0171	0.0230
150.050	0.0400	0.0171	0.0229
150.075	0.0400	0.0171	0.0229
150.100	0.0399	0.0171	0.0228
150.125	0.0398	0.0171	0.0227
150.150	0.0398	0.0171	0.0227
150.175	0.0397	0.0171	0.0226
150.200	0.0396	0.0171	0.0225
150.225	0.0396	0.0171	0.0225
150.250	0.0395	0.0171	0.0224
150.275	0.0394	0.0171	0.0223
150.300	0.0394	0.0171	0.0223
150.325	0.0393	0.0171	0.0222
150.350	0.0392	0.0171	0.0221
150.375	0.0392	0.0171	0.0221
150.400	0.0391	0.0171	0.0220
150.425	0.0390	0.0171	0.0219
150.450	0.0390	0.0171	0.0219
150.475	0.0389	0.0171	0.0218
150.500	0.0388	0.0171	0.0217
150.525	0.0388	0.0171	0.0217
150.550	0.0387	0.0171	0.0216
150.575	0.0387	0.0171	0.0216
150.600	0.0386	0.0171	0.0215
150.625	0.0385	0.0171	0.0214
150.650	0.0385	0.0171	0.0214
150.675	0.0384	0.0171	0.0213
150.700	0.0383	0.0171	0.0212
150.725	0.0383	0.0171	0.0212
150.750	0.0382	0.0171	0.0211
150.775	0.0382	0.0171	0.0211
150.800	0.0381	0.0171	0.0210
150.825	0.0380	0.0171	0.0209
150.850	0.0380	0.0171	0.0209
150.875	0.0379	0.0171	0.0208
150.900	0.0379	0.0171	0.0207
150.925	0.0378	0.0171	0.0207
150.950	0.0377	0.0171	0.0206
150.975	0.0377	0.0171	0.0206
151.000	0.0376	0.0171	0.0205
151.025	0.0376	0.0171	0.0204
151.050	0.0375	0.0171	0.0204
151.075	0.0375	0.0171	0.0203
151.100	0.0374	0.0171	0.0203
151.125	0.0373	0.0171	0.0202
151.150	0.0373	0.0171	0.0202
151.175	0.0372	0.0171	0.0201
151.200	0.0372	0.0171	0.0200
151.225	0.0371	0.0171	0.0200
151.250	0.0370	0.0171	0.0199
151.275	0.0370	0.0171	0.0199
151.300	0.0369	0.0171	0.0198
151.325	0.0369	0.0171	0.0197
151.350	0.0368	0.0171	0.0197
151.375	0.0368	0.0171	0.0196
151.400	0.0367	0.0171	0.0196
151.425	0.0367	0.0171	0.0195
151.450	0.0366	0.0171	0.0195
151.475	0.0365	0.0171	0.0194
151.500	0.0365	0.0171	0.0194
151.525	0.0364	0.0171	0.0193
151.550	0.0364	0.0171	0.0192
151.575	0.0363	0.0171	0.0192
151.600	0.0363	0.0171	0.0191
151.625	0.0362	0.0171	0.0191
151.650	0.0362	0.0171	0.0190
151.675	0.0361	0.0171	0.0190
151.700	0.0361	0.0171	0.0189
151.725	0.0360	0.0171	0.0189
151.750	0.0359	0.0171	0.0188
151.775	0.0359	0.0171	0.0187
151.800	0.0358	0.0171	0.0187
151.825	0.0358	0.0171	0.0186
151.850	0.0357	0.0171	0.0186
151.875	0.0357	0.0171	0.0185
151.900	0.0356	0.0171	0.0185
151.925	0.0356	0.0171	0.0184
151.950	0.0355	0.0171	0.0184
151.975	0.0355	0.0171	0.0183
152.000	0.0354	0.0172	0.0183
152.025	0.0354	0.0172	0.0182
152.050	0.0353	0.0172	0.0182
152.075	0.0353	0.0172	0.0181
152.100	0.0352	0.0172	0.0181
152.125	0.0352	0.0172	0.0180
152.150	0.0351	0.0172	0.0180
152.175	0.0351	0.0172	0.0179
152.200	0.0350	0.0172	0.0179
152.225	0.0350	0.0172	0.0178
152.250	0.0349	0.0172	0.0177
152.275	0.0349	0.0172	0.0177
152.300	0.0348	0.0172	0.0176
152.325	0.0348	0.0172	0.0176
152.350	0.0347	0.0172	0.0175
152.375	0.0347	0.0172	0.0175
152.400	0.0346	0.0172	0.0174
152.425	0.0346	0.0172	0.0174
152.450	0.0345	0.0172	0.0173
152.475	0.0345	0.0172	0.0173
152.500	0.0344	0.0172	0.0173
152.525	0.0344	0.0172	0.0172
152.550	0.0343	0.0172	0.0172
152.575	0.0343	0.0172	0.0171
152.600	0.0342	0.0172	0.0171
152.625	0.0342	0.0172	0.0170
152.650	0.0342	0.0172	0.0170
152.675	0.0341	0.0172	0.0169
152.700	0.0341	0.0172	0.0169
152.725	0.0340	0.0172	0.0169
152.750	0.0340	0.0172	0.0168
152.775	0.0340	0.0172	0.0168
152.800	0.0339	0.0172	0.0167
152.825	0.0339	0.0172	0.0167
152.850	0.0338	0.0172	0.0166
152.875	0.0338	0.0172	0.0166
152.900	0.0338	0.0172	0.0166
152.925	0.0337	0.0172	0.0165
152.950	0.0337	0.0172	0.0165
152.975	0.0336	0.0172	0.0164
153.000	0.0336	0.0172	0.0164
153.025	0.0336	0.0172	0.0164
153.050	0.0335	0.0172	0.0163
153.075	0.0335	0.0172	0.0163
153.100	0.0335	0.0172	0.0163
153.125	0.0334	0.0172	0.0162
153.150	0.0334	0.0172	0.0162
153.175	0.0333	0.0172	0.0161
153.200	0.0333	0.0172	0.0161
153.225	0.0333	0.0172	0.0161
153.250	0.0332	0.0172	0.0160
153.275	0.0332	0.0172	0.0160
153.300	0.0332	0.0172	0.0159
153.325	0.0331	0.0172	0.0159
153.350	0.0331	0.0172	0.0159
153.375	0.0331	0.0172	0.0158
153.400	0.0330	0.0172	0.0158
153.425	0.0330	0.0172	0.0158
153.450	0.0330	0.0172	0.0157
153.475	0.0329	0.0172	0.0157
153.500	0.0329	0.0172	0.0156
153.525	0.0329	0.0172	0.0156
153.550	0.0328	0.0172	0.0156
153.575	0.0328	0.0172	0.0155
153.600	0.0327	0.0172	0.0155
153.625	0.0327	0.0173	0.0155
153.650	0.0327	0.0173	0.0154
153.675	0.0326	0.0173	0.0154
153.700	0.0326	0.0173	0.0154
153.725	0.0326	0.0173	0.0153
153.750	0.0325	0.0173	0.0153
153.775	0.0325	0.0173	0.0152
153.800	0.0325	0.0173	0.0152
153.825	0.0324	0.0173	0.0152
153.850	0.0324	0.0173	0.0151
153.875	0.0324	0.0173	0.0151
153.900	0.0323	0.0173	0.0151
153.925	0.0323	0.0173	0.0150
153.950	0.0323	0.0173	0.0150
153.975	0.0323	0.0173	0.0150
154.000	0.0322	0.0173	0.0149
154.025	0.0322	0.0173	0.0149
154.050	0.0322	0.0173	0.0149
154.075	0.0321	0.0173	0.0148
154.100	0.0321	0.0173	0.0148
154.125	0.0321	0.0173	0.0148
154.150	0.0320	0.0173	0.0147
154.175	0.0320	0.0173	0.0147
154.200	0.0320	0.0173	0.0147
154.225	0.0319	0.0173	0.0146
154.250	0.0319	0.0173	0.0146
154.275	0.0319	0.0173	0.0146
154.300	0.0318	0.0173	0.0145
154.325	0.0318	0.0173	0.0145
154.350	0.0318	0.0173	0.0145
154.375	0.0318	0.0173	0.0144
154.400	0.0317	0.0173	0.0144
154.425	0.0317	0.0173	0.0144
154.450	0.0317	0.0173	0.0143
154.475	0.0316	0.0174	0.0143
154.500	0.0316	0.0174	0.0143
154.525	0.0316	0.0174	0.0142
154.550	0.0316	0.0174	0.0142
154.575	0.0315	0.0174	0.0142
154.600	0.0315	0.0174	0.0141
154.625	0.0315	0.0174	0.0141
154.650	0.0314	0.0174	0.0141
154.675	0.0314	0.0174	0.0140
154.700	0.0314	0.0174	0.0140
154.725	0.0314	0.0174	0.0140
154.750	0.0313	0.0174	0.0139
154.775	0.0313	0.0174	0.0139
154.800	0.0313	0.0174	0.0139
154.825	0.0313	0.0174	0.0138
154.850	0.0312	0.0174	0.0138
154.875	0.0312	0.0174	0.0138
154.900	0.0312	0.0174	0.0138
154.925	0.0311	0.0174	0.0137
154.950	0.0311	0.0174	0.0137
154.975	0.0311	0.0174	0.0137
155.000	0.0311	0.0174	0.0136
155.025	0.0310	0.0174	0.0136
155.050	0.0310	0.0174	0.0136
155.075	0.0310	0.0174	0.0135
155.100	0.0310	0.0174	0.0135
155.125	0.0309	0.0175	0.0135
155.150	0.0309	0.0175	0.0135
155.175	0.0309	0.0175	0.0134
155.200	0.0309	0.0175	0.0134
155.225	0.0308	0.0175	0.0134
155.250	0.0308	0.0175	0.0133
155.275	0.0308	0.0175	0.0133
155.300	0.0308	0.0175	0.0133
155.325	0.0307	0.0175	0.0132
155.350	0.0307	0.0175	0.0132
155.375	0.0307	0.0175	0.0132
155.400	0.0307	0.0175	0.0132
155.425	0.0306	0.0175	0.0131
155.450	0.0306	0.0175	0.0131
155.475	0.0306	0.0175	0.0131
155.500	0.0306	0.0175	0.0130
155.525	0.0305	0.0175	0.0130
155.550	0.0305	0.0175	0.0130
155.575	0.0305	0.0175	0.0130
155.600	0.0305	0.0175	0.0129
155.625	0.0305	0.0175	0.0129
155.650	0.0304	0.0175	0.0129
155.675	0.0304	0.0176	0.0129
155.700	0.0304	0.0176	0.0128
155.725	0.0304	0.0176	0.0128
155.750	0.0303	0.0176	0.0128
155.775	0.0303	0.0176	0.0127
155.800	0.0303	0.0176	0.0127
155.825	0.0303	0.0176	0.0127
155.850	0.0303	0.0176	0.0127
155.875	0.0302	0.0176	0.0126
155.900	0.0302	0.0176	0.0126
155.925	0.0302	0.0176	0.0126
155.950	0.0302	0.0176	0.0126
155.975	0.0301	0.0176	0.0125
156.000	0.0301	0.0176	0.0125
156.025	0.0301	0.0176	0.0125
156.050	0.0301	0.0176	0.0125
156.075	0.0301	0.0176	0.0124
156.100	0.0300	0.0176	0.0124
156.125	0.0300	0.0176	0.0124
156.150	0.0300	0.0176	0.0124
156.175	0.0300	0.0176	0.0123
156.200	0.0300	0.0177	0.0123
156.225	0.0299	0.0177	0.0123
156.250	0.0299	0.0177	0.0123
156.275	0.0299	0.0177	0.0122
156.300	0.0299	0.0177	0.0122
156.325	0.0299	0.0177	0.0122
156.350	0.0298	0.0177	0.0122
156.375	0.0298	0.0177	0.0121
156.400	0.0298	0.0177	0.0121
156.425	0.0298	0.0177	0.0121
156.450	0.0298	0.0177	0.0121
156.475	0.0298	0.0177	0.0120
156.500	0.0297	0.0177	0.0120
156.525	0.0297	0.0177	0.0120
156.550	0.0297	0.0177	0.0120
156.575	0.0297	0.0177	0.0120
156.600	0.0297	0.0177	0.0119
156.625	0.0296	0.0177	0.0119
156.650	0.0296	0.0177	0.0119
156.675	0.0296	0.0177	0.0119
156.700	0.0296	0.0178	0.0118
156.725	0.0296	0.0178	0.0118
156.750	0.0296	0.0178	0.0118
156.775	0.0295	0.0178	0.0118
156.800	0.0295	0.0178	0.0118
156.825	0.0295	0.0178	0.0117
156.850	0.0295	0.0178	0.0117
156.875	0.0295	0.0178	0.0117
156.900	0.0295	0.0178	0.0117
156.925	0.0294	0.0178	0.0117
156.950	0.0294	0.0178	0.0116
156.975	0.0294	0.0178	0.0116
157.000	0.0294	0.0178	0.0116
157.025	0.0294	0.0178	0.0116
157.050	0.0294	0.0178	0.0115
157.075	0.0294	0.0178	0.0115
157.100	0.0293	0.0178	0.0115
157.125	0.0293	0.0178	0.0115
157.150	0.0293	0.0178	0.0115
157.175	0.0293	0.0178	0.0115
157.200	0.0293	0.0178	0.0114
157.225	0.0293	0.0178	0.0114
157.250	0.0292	0.0179	0.0114
157.275	0.0292	0.0179	0.0114
157.300	0.0292	0.0179	0.0114
157.325	0.0292	0.0179	0.0113
157.350	0.0292	0.0179	0.0113
157.375	0.0292	0.0179	0.0113
157.400	0.0292	0.0179	0.0113
157.425	0.0292	0.0179	0.0113
157.450	0.0291	0.0179	0.0112
157.475	0.0291	0.0179	0.0112
157.500	0.0291	0.0179	0.0112
157.525	0.0291	0.0179	0.0112
157.550	0.0291	0.0179	0.0112
157.575	0.0291	0.0180	0.0112
157.600	0.0291	0.0180	0.0111
157.625	0.0291	0.0180	0.0111
157.650	0.0291	0.0180	0.0111
157.675	0.0291	0.0180	0.0111
157.700	0.0291	0.0180	0.0111
157.725	0.0291	0.0180	0.0111
157.750	0.0291	0.0180	0.0110
157.775	0.0291	0.0181	0.0110
157.800	0.0291	0.0181	0.0110
157.825	0.0291	0.0181	0.0110
157.850	0.0290	0.0181	0.0110
157.875	0.0290	0.0181	0.0110
157.900	0.0290	0.0181	0.0109
157.925	0.0290	0.0181	0.0109
157.950	0.0290	0.0181	0.0109
157.975	0.0290	0.0181	0.0109
158.000	0.0290	0.0181	0.0109
158.025	0.0289	0.0181	0.0109
158.050	0.0289	0.0181	0.0108
158.075	0.0289	0.0181	0.0108
158.100	0.0289	0.0181	0.0108
158.125	0.0289	0.0181	0.0108
158.150	0.0289	0.0181	0.0108
158.175	0.0289	0.0181	0.0108
158.200	0.0288	0.0181	0.0108
158.225	0.0288	0.0181	0.0107
158.250	0.0288	0.0181	0.0107
158.275	0.0288	0.0181	0.0107
158.300	0.0288	0.0181	0.0107
158.325	0.0288	0.0181	0.0107
158.350	0.0288	0.0181	0.0107
158.375	0.0287	0.0181	0.0107
158.400	0.0287	0.0181	0.0106
158.425	0.0287	0.0181	0.0106
158.450	0.0287	0.0181	0.0106
158.475	0.0287	0.0181	0.0106
158.500	0.0287	0.0181	0.0106
158.525	0.0287	0.0181	0.0106
158.550	0.0287	0.0181	0.0106
158.575	0.0286	0.0181	0.0105
158.600	0.0286	0.0181	0.0105
158.625	0.0286	0.0181	0.0105
158.650	0.0286	0.0181	0.0105
158.675	0.0286	0.0181	0.0105
158.700	0.0286	0.0181	0.0105
158.725	0.0286	0.0181	0.0105
158.750	0.0285	0.0181	0.0105
158.775	0.0285	0.0181	0.0104
158.800	0.0285	0.0181	0.0104
158.825	0.0285	0.0181	0.0104
158.850	0.0285	0.0181	0.0104
158.875	0.0285	0.0181	0.0104
158.900	0.0285	0.0181	0.0104
158.925	0.0285	0.0181	0.0104
158.950	0.0285	0.0181	0.0104
158.975	0.0285	0.0181	0.0104
159.000	0.0285	0.0181	0.0104
159.025	0.0285	0.0181	0.0104
159.050	0.0284	0.0181	0.0104
159.075	0.0284	0.0181	0.0104
159.100	0.0284	0.0181	0.0103
159.125	0.0284	0.0181	0.0103
159.150	0.0284	0.0181	0.0103
159.175	0.0285	0.0181	0.0103
159.200	0.0285	0.0181	0.0103
159.225	0.0285	0.0181	0.0103
159.250	0.0285	0.0181	0.0103
159.275	0.0285	0.0181	0.0103
159.300	0.0285	0.0181	0.0103
159.325	0.0285	0.0181	0.0103
159.350	0.0285	0.0181	0.0103
159.375	0.0285	0.0182	0.0103
159.400	0.0285	0.0182	0.0103
159.425	0.0285	0.0182	0.0103
159.450	0.0285	0.0182	0.0103
159.475	0.0285	0.0182	0.0104
159.500	0.0286	0.0182	0.0104
159.525	0.0286	0.0182	0.0104
159.550	0.0286	0.0182	0.0104
159.575	0.0286	0.0182	0.0104
159.600	0.0286	0.0183	0.0104
159.625	0.0287	0.0183	0.0104
159.650	0.0287	0.0183	0.0104
159.675	0.0287	0.0183	0.0104
159.700	0.0287	0.0184	0.0104
159.725	0.0288	0.0184	0.0104
159.750	0.0288	0.0184	0.0104
159.775	0.0289	0.0185	0.0104
159.800	0.0289	0.0185	0.0104
159.825	0.0289	0.0185	0.0104
159.850	0.0290	0.0186	0.0104
159.875	0.0290	0.0186	0.0104
159.900	0.0291	0.0187	0.0104
159.925	0.0292	0.0187	0.0104
159.950	0.0293	0.0188	0.0104
159.975	0.0294	0.0189	0.0104
160.000	0.0295	0.0191	0.0104
160.025	0.0296	0.0192	0.0104
160.050	0.0297	0.0193	0.0104
160.075	0.0298	0.0194	0.0105
160.100	0.0299	0.0195	0.0105
160.125	0.0300	0.0196	0.0105
160.150	0.0301	0.0196	0.0105
160.175	0.0302	0.0197	0.0105
160.200	0.0303	0.0198	0.0105
160.225	0.0303	0.0198	0.0105
160.250	0.0304	0.0199	0.0105
160.275	0.0304	0.0199	0.0105
160.300	0.0304	0.0200	0.0105
160.325	0.0305	0.0200	0.0105
160.350	0.0305	0.0200	0.0105
160.375	0.0305	0.0200	0.0105
160.400	0.0306	0.0201	0.0105
160.425	0.0306	0.0201	0.0105
160.450	0.0306	0.0201	0.0105
160.475	0.0306	0.0201	0.0105
160.500	0.0306	0.0201	0.0105
160.525	0.0306	0.0201	0.0105
160.550	0.0306	0.0201	0.0105
160.575	0.0306	0.0201	0.0105
160.600	0.0306	0.0201	0.0105
160.625	0.0306	0.0201	0.0105
160.650	0.0306	0.0201	0.0105
160.675	0.0306	0.0200	0.0105
160.700	0.0305	0.0200	0.0105
160.725	0.0305	0.0200	0.0105
160.750	0.0305	0.0200	0.0105
160.775	0.0305	0.0199	0.0105
160.800	0.0304	0.0199	0.0105
160.825	0.0304	0.0198	0.0105
160.850	0.0304	0.0198	0.0105
160.875	0.0303	0.0198	0.0106
160.900	0.0303	0.0198	0.0106
160.925	0.0303	0.0197	0.0106
160.950	0.0303	0.0197	0.0106
160.975	0.0302	0.0196	0.0106
161.000	0.0302	0.0196	0.0106
161.025	0.0301	0.0195	0.0106
161.050	0.0301	0.0195	0.0106
161.075	0.0300	0.0194	0.0106
161.100	0.0300	0.0193	0.0106
161.125	0.0299	0.0193	0.0107
161.150	0.0299	0.0192	0.0107
161.175	0.0299	0.0191	0.0107
161.200	0.0298	0.0191	0.0108
161.225	0.0298	0.0190	0.0108
161.250	0.0298	0.0190	0.0108
161.275	0.0298	0.0189	0.0109
161.300	0.0298	0.0189	0.0110
161.325	0.0298	0.0188	0.0110
161.350	0.0299	0.0187	0.0111
161.375	0.0299	0.0187	0.0112
161.400	0.0299	0.0186	0.0113
161.425	0.0300	0.0186	0.0114
161.450	0.0300	0.0185	0.0115
161.475	0.0301	0.0185	0.0116
161.500	0.0301	0.0184	0.0117
161.525	0.0302	0.0184	0.0118
161.550	0.0303	0.0183	0.0120
161.575	0.0304	0.0183	0.0121
161.600	0.0305	0.0182	0.0123
161.625	0.0306	0.0182	0.0124
161.650	0.0307	0.0181	0.0126
161.675	0.0308	0.0181	0.0127
161.700	0.0310	0.0181	0.0129
161.725	0.0311	0.0180	0.0131
161.750	0.0313	0.0180	0.0133
161.775	0.0314	0.0180	0.0135
161.800	0.0316	0.0179	0.0137
161.825	0.0318	0.0179	0.0139
161.850	0.0320	0.0179	0.0141
161.875	0.0322	0.0179	0.0143
161.900	0.0324	0.0179	0.0145
161.925	0.0326	0.0179	0.0148
161.950	0.0328	0.0178	0.0150
161.975	0.0331	0.0178	0.0152
162.000	0.0333	0.0178	0.0154
162.025	0.0335	0.0179	0.0157
162.050	0.0338	0.0179	0.0159
162.075	0.0340	0.0179	0.0162
162.100	0.0343	0.0179	0.0164
162.125	0.0346	0.0179	0.0167
162.150	0.0348	0.0179	0.0169
162.175	0.0351	0.0179	0.0172
162.200	0.0354	0.0179	0.0174
162.225	0.0357	0.0180	0.0177
162.250	0.0359	0.0180	0.0180
162.275	0.0362	0.0180	0.0182
162.300	0.0365	0.0180	0.0185
162.325	0.0368	0.0180	0.0188
162.350	0.0371	0.0180	0.0190
162.375	0.0373	0.0181	0.0193
162.400	0.0376	0.0181	0.0196
162.425	0.0379	0.0181	0.0198
162.450	0.0382	0.0181	0.0201
162.475	0.0385	0.0181	0.0204
162.500	0.0388	0.0181	0.0206
162.525	0.0391	0.0181	0.0209
162.550	0.0393	0.0182	0.0212
162.575	0.0396	0.0182	0.0215
162.600	0.0399	0.0182	0.0217
162.625	0.0402	0.0182	0.0220
162.650	0.0405	0.0182	0.0223
162.675	0.0408	0.0182	0.0226
162.700	0.0411	0.0183	0.0228
162.725	0.0414	0.0183	0.0231
162.750	0.0417	0.0183	0.0234
162.775	0.0420	0.0183	0.0236
162.800	0.0422	0.0184	0.0239
162.825	0.0425	0.0184	0.0242
162.850	0.0428	0.0184	0.0244
162.875	0.0431	0.0184	0.0247
162.900	0.0434	0.0184	0.0249
162.925	0.0437	0.0185	0.0252
162.950	0.0439	0.0185	0.0255
162.975	0.0442	0.0185	0.0257
163.000	0.0445	0.0185	0.0260
163.025	0.0448	0.0186	0.0262
163.050	0.0450	0.0186	0.0265
163.075	0.0453	0.0186	0.0267
163.100	0.0456	0.0186	0.0269
163.125	0.0458	0.0187	0.0272
163.150	0.0461	0.0187	0.0274
163.175	0.0464	0.0187	0.0277
163.200	0.0466	0.0187	0.0279
163.225	0.0469	0.0188	0.0281
163.250	0.0471	0.0188	0.0284
163.275	0.0474	0.0188	0.0286
163.300	0.0477	0.0188	0.0288
163.325	0.0479	0.0189	0.0291
163.350	0.0482	0.0189	0.0293
163.375	0.0484	0.0189	0.0295
163.400	0.0487	0.0190	0.0297
163.425	0.0490	0.0190	0.0299
163.450	0.0492	0.0191	0.0302
163.475	0.0495	0.0191	0.0304
163.500	0.0497	0.0191	0.0306
163.525	0.0500	0.0192	0.0308
163.550	0.0502	0.0192	0.0310
163.575	0.0505	0.0192	0.0312
163.600	0.0507	0.0192	0.0314
163.625	0.0509	0.0193	0.0317
163.650	0.0511	0.0193	0.0319
163.675	0.0514	0.0193	0.0321
163.700	0.0516	0.0193	0.0323
163.725	0.0518	0.0193	0.0325
163.750	0.0520	0.0193	0.0327
163.775	0.0522	0.0193	0.0329
163.800	0.0524	0.0193	0.0331
163.825	0.0525	0.0192	0.0333
163.850	0.0527	0.0192	0.0335
163.875	0.0529	0.0192	0.0337
163.900	0.0531	0.0192	0.0339
163.925	0.0532	0.0192	0.0341
163.950	0.0534	0.0191	0.0343
163.975	0.0536	0.0191	0.0345
164.000	0.0537	0.0191	0.0347
164.025	0.0539	0.0190	0.0348
164.050	0.0540	0.0190	0.0350
164.075	0.0542	0.0190	0.0352
164.100	0.0544	0.0189	0.0355
164.125	0.0547	0.0189	0.0358
164.150	0.0551	0.0189	0.0362
164.175	0.0556	0.0188	0.0367
164.200	0.0558	0.0188	0.0370
164.225	0.0558	0.0187	0.0370
164.250	0.0557	0.0187	0.0370
164.275	0.0556	0.0187	0.0369
164.300	0.0556	0.0186	0.0369
164.325	0.0555	0.0186	0.0370
164.350	0.0555	0.0185	0.0370
164.375	0.0555	0.0185	0.0370
164.400	0.0555	0.0185	0.0371
164.425	0.0555	0.0184	0.0371
164.450	0.0554	0.0184	0.0371
164.475	0.0554	0.0183	0.0371
164.500	0.0553	0.0183	0.0370
164.525	0.0552	0.0183	0.0370
164.550	0.0551	0.0182	0.0369
164.575	0.0549	0.0182	0.0367
164.600	0.0548	0.0181	0.0366
164.625	0.0546	0.0181	0.0364
164.650	0.0543	0.0181	0.0363
164.675	0.0541	0.0180	0.0361
164.700	0.0539	0.0180	0.0358
164.725	0.0536	0.0180	0.0356
164.750	0.0533	0.0180	0.0353
164.775	0.0530	0.0179	0.0351
164.800	0.0527	0.0179	0.0348
164.825	0.0523	0.0179	0.0345
164.850	0.0520	0.0178	0.0341
164.875	0.0516	0.0178	0.0338
164.900	0.0512	0.0178	0.0334
164.925	0.0507	0.0178	0.0330
164.950	0.0503	0.0177	0.0325
164.975	0.0498	0.0177	0.0321
165.000	0.0493	0.0177	0.0316
165.025	0.0489	0.0177	0.0312
165.050	0.0483	0.0177	0.0307
165.075	0.0478	0.0176	0.0302
165.100	0.0473	0.0176	0.0297
165.125	0.0467	0.0176	0.0292
165.150	0.0462	0.0176	0.0286
165.175	0.0456	0.0176	0.0281
165.200	0.0451	0.0175	0.0275
165.225	0.0445	0.0175	0.0270
165.250	0.0439	0.0175	0.0264
165.275	0.0433	0.0175	0.0258
165.300	0.0427	0.0175	0.0253
165.325	0.0422	0.0174	0.0247
165.350	0.0416	0.0174	0.0241
165.375	0.0410	0.0174	0.0236
165.400	0.0404	0.0174	0.0230
165.425	0.0398	0.0174	0.0224
165.450	0.0392	0.0174	0.0218
165.475	0.0386	0.0174	0.0213
165.500	0.0380	0.0173	0.0207
165.525	0.0374	0.0173	0.0201
165.550	0.0368	0.0173	0.0195
165.575	0.0363	0.0173	0.0190
165.600	0.0357	0.0173	0.0184
165.625	0.0351	0.0173	0.0179
165.650	0.0346	0.0173	0.0173
165.675	0.0340	0.0172	0.0168
165.700	0.0335	0.0172	0.0162
165.725	0.0329	0.0172	0.0157
165.750	0.0324	0.0172	0.0152
165.775	0.0319	0.0172	0.0147
165.800	0.0314	0.0172	0.0142
165.825	0.0309	0.0172	0.0137
165.850	0.0304	0.0172	0.0132
165.875	0.0299	0.0172	0.0127
165.900	0.0294	0.0171	0.0123
165.925	0.0289	0.0171	0.0118
165.950	0.0285	0.0171	0.0113
165.975	0.0280	0.0171	0.0109
166.000	0.0276	0.0171	0.0105
166.025	0.0271	0.0171	0.0101
166.050	0.0267	0.0171	0.0096
166.075	0.0263	0.0171	0.0092
166.100	0.0259	0.0171	0.0089
166.125	0.0255	0.0171	0.0085
166.150	0.0251	0.0170	0.0081
166.175	0.0248	0.0170	0.0077
166.200	0.0244	0.0170	0.0074
166.225	0.0241	0.0170	0.0071
166.250	0.0237	0.0170	0.0067
166.275	0.0234	0.0170	0.0064
166.300	0.0231	0.0170	0.0061
166.325	0.0228	0.0170	0.0058
166.350	0.0225	0.0170	0.0055
166.375	0.0222	0.0170	0.0052
166.400	0.0219	0.0170	0.0049
166.425	0.0216	0.0169	0.0047
166.450	0.0213	0.0169	0.0044
166.475	0.0211	0.0169	0.0041
166.500	0.0208	0.0169	0.0039
166.525	0.0206	0.0169	0.0037
166.550	0.0204	0.0169	0.0034
166.575	0.0201	0.0169	0.0032
166.600	0.0199	0.0169	0.0030
166.625	0.0197	0.0169	0.0028
166.650	0.0195	0.0169	0.0026
166.675	0.0193	0.0169	0.0024
166.700	0.0191	0.0169	0.0023
166.725	0.0189	0.0169	0.0021
166.750	0.0188	0.0169	0.0019
166.775	0.0186	0.0168	0.0018
166.800	0.0184	0.0168	0.0016
166.825	0.0183	0.0168	0.0015
166.850	0.0181	0.0168	0.0013
166.875	0.0180	0.0168	0.0012
166.900	0.0179	0.0168	0.0011
166.925	0.0177	0.0168	0.0009
166.950	0.0176	0.0168	0.0008
166.975	0.0175	0.0168	0.0007
167.000	0.0174	0.0168	0.0006
167.025	0.0173	0.0168	0.0005
167.050	0.0172	0.0168	0.0004
167.075	0.0171	0.0168	0.0003
167.100	0.0170	0.0168	0.0002
167.125	0.0169	0.0167	0.0001
167.150	0.0168	0.0167	0.0000
167.175	0.0167	0.0167	-0.0000
167.200	0.0166	0.0167	-0.0001
167.225	0.0165	0.0167	-0.0002
167.250	0.0165	0.0167	-0.0002
167.275	0.0164	0.0167	-0.0003
167.300	0.0163	0.0167	-0.0004
167.325	0.0163	0.0167	-0.0004
167.350	0.0162	0.0167	-0.0005
167.375	0.0162	0.0167	-0.0005
167.400	0.0161	0.0167	-0.0005
167.425	0.0161	0.0167	-0.0006
167.450	0.0160	0.0167	-0.0006
167.475	0.0160	0.0166	-0.0007
167.500	0.0159	0.0166	-0.0007
167.525	0.0159	0.0166	-0.0007
167.550	0.0159	0.0166	-0.0008
167.575	0.0158	0.0166	-0.0008
167.600	0.0158	0.0166	-0.0008
167.625	0.0158	0.0166	-0.0008
167.650	0.0157	0.0166	-0.0008
167.675	0.0157	0.0166	-0.0009
167.700	0.0157	0.0166	-0.0009
167.725	0.0157	0.0166	-0.0009
167.750	0.0157	0.0166	-0.0009
167.775	0.0156	0.0166	-0.0009
167.800	0.0156	0.0166	-0.0009
167.825	0.0156	0.0165	-0.0009
167.850	0.0156	0.0165	-0.0009
167.875	0.0156	0.0165	-0.0010
167.900	0.0156	0.0165	-0.0010
167.925	0.0156	0.0165	-0.0010
167.950	0.0156	0.0165	-0.0010
167.975	0.0155	0.0165	-0.0010
168.000	0.0155	0.0165	-0.0010
168.025	0.0155	0.0165	-0.0010
168.050	0.0155	0.0165	-0.0010
168.075	0.0155	0.0165	-0.0010
168.100	0.0155	0.0165	-0.0010
168.125	0.0155	0.0165	-0.0010
168.150	0.0155	0.0165	-0.0009
168.175	0.0155	0.0165	-0.0009
168.200	0.0155	0.0164	-0.0009
168.225	0.0155	0.0164	-0.0009
168.250	0.0155	0.0164	-0.0009
168.275	0.0155	0.0164	-0.0009
168.300	0.0155	0.0164	-0.0009
168.325	0.0155	0.0164	-0.0009
168.350	0.0155	0.0164	-0.0009
168.375	0.0155	0.0164	-0.0009
168.400	0.0155	0.0164	-0.0009
168.425	0.0155	0.0164	-0.0008
168.450	0.0155	0.0164	-0.0008
168.475	0.0156	0.0164	-0.0008
168.500	0.0156	0.0164	-0.0008
168.525	0.0156	0.0164	-0.0008
168.550	0.0156	0.0163	-0.0008
168.575	0.0156	0.0163	-0.0008
168.600	0.0156	0.0163	-0.0007
168.625	0.0156	0.0163	-0.0007
168.650	0.0156	0.0163	-0.0007
168.675	0.0156	0.0163	-0.0007
168.700	0.0156	0.0163	-0.0007
168.725	0.0156	0.0163	-0.0007
168.750	0.0156	0.0163	-0.0007
168.775	0.0156	0.0163	-0.0006
168.800	0.0157	0.0163	-0.0006
168.825	0.0157	0.0163	-0.0006
168.850	0.0157	0.0163	-0.0006
168.875	0.0157	0.0163	-0.0006
168.900	0.0157	0.0163	-0.0006
168.925	0.0157	0.0162	-0.0005
168.950	0.0157	0.0162	-0.0005
168.975	0.0157	0.0162	-0.0005
169.000	0.0157	0.0162	-0.0005
169.025	0.0157	0.0162	-0.0005
169.050	0.0158	0.0162	-0.0005
169.075	0.0158	0.0162	-0.0004
169.100	0.0158	0.0162	-0.0004
169.125	0.0158	0.0162	-0.0004
169.150	0.0158	0.0162	-0.0004
169.175	0.0158	0.0162	-0.0004
169.200	0.0158	0.0162	-0.0004
169.225	0.0158	0.0162	-0.0003
169.250	0.0158	0.0162	-0.0003
169.275	0.0158	0.0161	-0.0003
169.300	0.0158	0.0161	-0.0003
169.325	0.0159	0.0161	-0.0003
169.350	0.0159	0.0161	-0.0003
169.375	0.0159	0.0161	-0.0002
169.400	0.0159	0.0161	-0.0002
169.425	0.0159	0.0161	-0.0002
169.450	0.0159	0.0161	-0.0002
169.475	0.0159	0.0161	-0.0002
169.500	0.0159	0.0161	-0.0002
169.525	0.0159	0.0161	-0.0001
169.550	0.0159	0.0161	-0.0001
169.575	0.0159	0.0161	-0.0001
169.600	0.0160	0.0161	-0.0001
169.625	0.0160	0.0160	-0.0001
169.650	0.0160	0.0160	-0.0001
169.675	0.0160	0.0160	-0.0001
169.700	0.0160	0.0160	-0.0000
169.725	0.0160	0.0160	-0.0000
169.750	0.0160	0.0160	-0.0000
169.775	0.0160	0.0160	0.0000
169.800	0.0160	0.0160	0.0000
169.825	0.0160	0.0160	0.0000
169.850	0.0160	0.0160	0.0000
169.875	0.0160	0.0160	0.0001
169.900	0.0160	0.0160	0.0001
169.925	0.0160	0.0160	0.0001
169.950	0.0161	0.0160	0.0001
169.975	0.0161	0.0159	0.0001
170.000	0.0161	0.0159	0.0001
