0.000	-0.5976	-0.0004	-0.5972
0.025	-0.5984	-0.0004	-0.5981
0.050	-0.5992	-0.0004	-0.5989
0.075	-0.6000	-0.0004	-0.5996
0.100	-0.6008	-0.0004	-0.6004
0.125	-0.6016	-0.0004	-0.6012
0.150	-0.6023	-0.0003	-0.6020
0.175	-0.6031	-0.0003	-0.6028
0.200	-0.6039	-0.0003	-0.6035
0.225	-0.6046	-0.0003	-0.6043
0.250	-0.6054	-0.0003	-0.6050
0.275	-0.6061	-0.0003	-0.6058
0.300	-0.6069	-0.0003	-0.6065
0.325	-0.6076	-0.0003	-0.6073
0.350	-0.6083	-0.0003	-0.6080
0.375	-0.6091	-0.0003	-0.6087
0.400	-0.6098	-0.0003	-0.6094
0.425	-0.6105	-0.0003	-0.6102
0.450	-0.6112	-0.0003	-0.6109
0.475	-0.6119	-0.0003	-0.6116
0.500	-0.6126	-0.0003	-0.6123
0.525	-0.6133	-0.0003	-0.6129
0.550	-0.6139	-0.0003	-0.6136
0.575	-0.6146	-0.0003	-0.6143
0.600	-0.6153	-0.0003	-0.6150
0.625	-0.6160	-0.0003	-0.6156
0.650	-0.6166	-0.0003	-0.6163
0.675	-0.6173	-0.0003	-0.6169
0.700	-0.6179	-0.0003	-0.6176
0.725	-0.6185	-0.0003	-0.6182
0.750	-0.6192	-0.0003	-0.6188
0.775	-0.6198	-0.0003	-0.6195
0.800	-0.6204	-0.0003	-0.6201
0.825	-0.6210	-0.0003	-0.6207
0.850	-0.6216	-0.0003	-0.6213
0.875	-0.6222	-0.0003	-0.6219
0.900	-0.6228	-0.0003	-0.6225
0.925	-0.6234	-0.0003	-0.6231
0.950	-0.6240	-0.0003	-0.6237
0.975	-0.6246	-0.0003	-0.6243
1.000	-0.6251	-0.0003	-0.6248
1.025	-0.6257	-0.0003	-0.6254
1.050	-0.6262	-0.0003	-0.6259
1.075	-0.6268	-0.0003	-0.6265
1.100	-0.6273	-0.0003	-0.6270
1.125	-0.6279	-0.0003	-0.6276
1.150	-0.6284	-0.0003	-0.6281
1.175	-0.6289	-0.0003	-0.6286
1.200	-0.6294	-0.0003	-0.6291
1.225	-0.6299	-0.0003	-0.6297
1.250	-0.6304	-0.0003	-0.6302
1.275	-0.6309	-0.0003	-0.6307
1.300	-0.6314	-0.0003	-0.6312
1.325	-0.6319	-0.0003	-0.6316
1.350	-0.6324	-0.0003	-0.6321
1.375	-0.6329	-0.0003	-0.6326
1.400	-0.6333	-0.0003	-0.6331
1.425	-0.6338	-0.0003	-0.6335
1.450	-0.6342	-0.0003	-0.6340
1.475	-0.6347	-0.0003	-0.6344
1.500	-0.6351	-0.0003	-0.6349
1.525	-0.6355	-0.0003	-0.6353
1.550	-0.6360	-0.0003	-0.6357
1.575	-0.6364	-0.0003	-0.6361
1.600	-0.6368	-0.0003	-0.6366
1.625	-0.6372	-0.0003	-0.6370
1.650	-0.6376	-0.0003	-0.6374
1.675	-0.6380	-0.0002	-0.6378
1.700	-0.6384	-0.0002	-0.6381
1.725	-0.6388	-0.0002	-0.6385
1.750	-0.6391	-0.0002	-0.6389
1.775	-0.6395	-0.0002	-0.6393
1.800	-0.6399	-0.0002	-0.6396
1.825	-0.6402	-0.0002	-0.6400
1.850	-0.6406	-0.0002	-0.6403
1.875	-0.6409	-0.0002	-0.6407
1.900	-0.6412	-0.0002	-0.6410
1.925	-0.6416	-0.0002	-0.6413
1.950	-0.6419	-0.0002	-0.6417
1.975	-0.6422	-0.0002	-0.6420
2.000	-0.6425	-0.0002	-0.6423
2.025	-0.6428	-0.0002	-0.6426
2.050	-0.6431	-0.0002	-0.6429
2.075	-0.6434	-0.0002	-0.6432
2.100	-0.6437	-0.0002	-0.6435
2.125	-0.6440	-0.0002	-0.6437
2.150	-0.6442	-0.0002	-0.6440
2.175	-0.6445	-0.0002	-0.6443
2.200	-0.6447	-0.0002	-0.6445
2.225	-0.6450	-0.0002	-0.6448
2.250	-0.6452	-0.0002	-0.6450
2.275	-0.6455	-0.0002	-0.6453
2.300	-0.6457	-0.0002	-0.6455
2.325	-0.6459	-0.0002	-0.6457
2.350	-0.6461	-0.0002	-0.6459
2.375	-0.6463	-0.0002	-0.6462
2.400	-0.6465	-0.0002	-0.6464
2.425	-0.6467	-0.0002	-0.6466
2.450	-0.6469	-0.0002	-0.6467
2.475	-0.6471	-0.0002	-0.6469
2.500	-0.6473	-0.0002	-0.6471
2.525	-0.6475	-0.0002	-0.6473
2.550	-0.6476	-0.0002	-0.6474
2.575	-0.6478	-0.0002	-0.6476
2.600	-0.6479	-0.0002	-0.6478
2.625	-0.6481	-0.0002	-0.6479
2.650	-0.6482	-0.0002	-0.6480
2.675	-0.6483	-0.0002	-0.6482
2.700	-0.6485	-0.0002	-0.6483
2.725	-0.6486	-0.0002	-0.6484
2.750	-0.6487	-0.0002	-0.6485
2.775	-0.6488	-0.0002	-0.6486
2.800	-0.6489	-0.0002	-0.6487
2.825	-0.6490	-0.0002	-0.6488
2.850	-0.6491	-0.0001	-0.6489
2.875	-0.6491	-0.0001	-0.6490
2.900	-0.6492	-0.0001	-0.6491
2.925	-0.6493	-0.0001	-0.6491
2.950	-0.6493	-0.0001	-0.6492
2.975	-0.6494	-0.0001	-0.6493
3.000	-0.6494	-0.0001	-0.6493
3.025	-0.6495	-0.0001	-0.6493
3.050	-0.6495	-0.0001	-0.6494
3.075	-0.6495	-0.0001	-0.6494
3.100	-0.6496	-0.0001	-0.6494
3.125	-0.6496	-0.0001	-0.6494
3.150	-0.6496	-0.0001	-0.6495
3.175	-0.6496	-0.0001	-0.6495
3.200	-0.6496	-0.0001	-0.6495
3.225	-0.6496	-0.0001	-0.6494
3.250	-0.6495	-0.0001	-0.6494
3.275	-0.6495	-0.0001	-0.6494
3.300	-0.6495	-0.0001	-0.6494
3.325	-0.6494	-0.0001	-0.6493
3.350	-0.6494	-0.0001	-0.6493
3.375	-0.6493	-0.0001	-0.6492
3.400	-0.6493	-0.0001	-0.6492
3.425	-0.6492	-0.0001	-0.6491
3.450	-0.6492	-0.0001	-0.6491
3.475	-0.6491	-0.0001	-0.6490
3.500	-0.6490	-0.0001	-0.6489
3.525	-0.6489	-0.0001	-0.6488
3.550	-0.6488	-0.0001	-0.6487
3.575	-0.6487	-0.0001	-0.6486
3.600	-0.6486	-0.0001	-0.6485
3.625	-0.6485	-0.0001	-0.6484
3.650	-0.6484	-0.0001	-0.6483
3.675	-0.6482	-0.0001	-0.6482
3.700	-0.6481	-0.0001	-0.6480
3.725	-0.6480	-0.0001	-0.6479
3.750	-0.6478	-0.0001	-0.6478
3.775	-0.6477	-0.0001	-0.6476
3.800	-0.6475	-0.0001	-0.6475
3.825	-0.6473	-0.0001	-0.6473
3.850	-0.6472	-0.0001	-0.6471
3.875	-0.6470	-0.0000	-0.6470
3.900	-0.6468	-0.0000	-0.6468
3.925	-0.6466	-0.0000	-0.6466
3.950	-0.6464	-0.0000	-0.6464
3.975	-0.6462	-0.0000	-0.6462
4.000	-0.6460	-0.0000	-0.6460
4.025	-0.6458	-0.0000	-0.6458
4.050	-0.6456	-0.0000	-0.6456
4.075	-0.6454	-0.0000	-0.6453
4.100	-0.6451	-0.0000	-0.6451
4.125	-0.6449	-0.0000	-0.6449
4.150	-0.6447	-0.0000	-0.6446
4.175	-0.6444	-0.0000	-0.6444
4.200	-0.6441	-0.0000	-0.6441
4.225	-0.6439	-0.0000	-0.6439
4.250	-0.6436	-0.0000	-0.6436
4.275	-0.6433	-0.0000	-0.6433
4.300	-0.6431	-0.0000	-0.6431
4.325	-0.6428	-0.0000	-0.6428
4.350	-0.6425	0.0000	-0.6425
4.375	-0.6422	0.0000	-0.6422
4.400	-0.6419	0.0000	-0.6419
4.425	-0.6416	0.0000	-0.6416
4.450	-0.6413	0.0000	-0.6413
4.475	-0.6410	0.0000	-0.6410
4.500	-0.6406	0.0000	-0.6406
4.525	-0.6403	0.0000	-0.6403
4.550	-0.6400	0.0000	-0.6400
4.575	-0.6396	0.0000	-0.6396
4.600	-0.6393	0.0000	-0.6393
4.625	-0.6389	0.0000	-0.6389
4.650	-0.6385	0.0000	-0.6386
4.675	-0.6382	0.0000	-0.6382
4.700	-0.6378	0.0000	-0.6379
4.725	-0.6374	0.0000	-0.6375
4.750	-0.6371	0.0000	-0.6371
4.775	-0.6367	0.0000	-0.6367
4.800	-0.6363	0.0000	-0.6363
4.825	-0.6359	0.0001	-0.6359
4.850	-0.6355	0.0001	-0.6355
4.875	-0.6351	0.0001	-0.6351
4.900	-0.6346	0.0001	-0.6347
4.925	-0.6342	0.0001	-0.6343
4.950	-0.6338	0.0001	-0.6339
4.975	-0.6334	0.0001	-0.6334
5.000	-0.6329	0.0001	-0.6330
5.025	-0.6325	0.0001	-0.6326
5.050	-0.6320	0.0001	-0.6321
5.075	-0.6316	0.0001	-0.6317
5.100	-0.6311	0.0001	-0.6312
5.125	-0.6306	0.0001	-0.6307
5.150	-0.6302	0.0001	-0.6303
5.175	-0.6297	0.0001	-0.6298
5.200	-0.6292	0.0001	-0.6293
5.225	-0.6287	0.0001	-0.6288
5.250	-0.6282	0.0002	-0.6284
5.275	-0.6277	0.0002	-0.6279
5.300	-0.6272	0.0002	-0.6274
5.325	-0.6267	0.0002	-0.6269
5.350	-0.6261	0.0002	-0.6264
5.375	-0.6256	0.0003	-0.6258
5.400	-0.6250	0.0003	-0.6253
5.425	-0.6245	0.0003	-0.6248
5.450	-0.6239	0.0003	-0.6243
5.475	-0.6234	0.0004	-0.6237
5.500	-0.6228	0.0004	-0.6232
5.525	-0.6222	0.0004	-0.6227
5.550	-0.6216	0.0005	-0.6221
5.575	-0.6210	0.0005	-0.6216
5.600	-0.6204	0.0006	-0.6210
5.625	-0.6198	0.0006	-0.6204
5.650	-0.6192	0.0007	-0.6199
5.675	-0.6186	0.0007	-0.6193
5.700	-0.6180	0.0008	-0.6187
5.725	-0.6173	0.0008	-0.6181
5.750	-0.6167	0.0009	-0.6176
5.775	-0.6160	0.0009	-0.6170
5.800	-0.6154	0.0010	-0.6164
5.825	-0.6147	0.0011	-0.6158
5.850	-0.6140	0.0011	-0.6152
5.875	-0.6133	0.0012	-0.6146
5.900	-0.6126	0.0013	-0.6139
5.925	-0.6119	0.0014	-0.6133
5.950	-0.6112	0.0015	-0.6127
5.975	-0.6105	0.0016	-0.6121
6.000	-0.6097	0.0017	-0.6114
6.025	-0.6089	0.0019	-0.6108
6.050	-0.6081	0.0020	-0.6102
6.075	-0.6073	0.0022	-0.6095
6.100	-0.6065	0.0024	-0.6089
6.125	-0.6056	0.0026	-0.6082
6.150	-0.6047	0.0029	-0.6076
6.175	-0.6038	0.0032	-0.6069
6.200	-0.6028	0.0034	-0.6062
6.225	-0.6018	0.0037	-0.6056
6.250	-0.6009	0.0040	-0.6049
6.275	-0.5999	0.0043	-0.6042
6.300	-0.5989	0.0047	-0.6035
6.325	-0.5979	0.0050	-0.6028
6.350	-0.5968	0.0053	-0.6022
6.375	-0.5958	0.0057	-0.6015
6.400	-0.5948	0.0060	-0.6008
6.425	-0.5937	0.0063	-0.6001
6.450	-0.5927	0.0067	-0.5994
6.475	-0.5916	0.0070	-0.5986
6.500	-0.5906	0.0073	-0.5979
6.525	-0.5896	0.0076	-0.5972
6.550	-0.5885	0.0079	-0.5965
6.575	-0.5875	0.0083	-0.5958
6.600	-0.5865	0.0086	-0.5950
6.625	-0.5854	0.0089	-0.5943
6.650	-0.5844	0.0092	-0.5936
6.675	-0.5834	0.0095	-0.5928
6.700	-0.5823	0.0097	-0.5921
6.725	-0.5813	0.0100	-0.5913
6.750	-0.5803	0.0103	-0.5906
6.775	-0.5792	0.0106	-0.5898
6.800	-0.5782	0.0108	-0.5891
6.825	-0.5772	0.0111	-0.5883
6.850	-0.5762	0.0113	-0.5875
6.875	-0.5752	0.0115	-0.5868
6.900	-0.5742	0.0118	-0.5860
6.925	-0.5733	0.0120	-0.5852
6.950	-0.5723	0.0122	-0.5844
6.975	-0.5713	0.0123	-0.5837
7.000	-0.5704	0.0125	-0.5829
7.025	-0.5695	0.0126	-0.5821
7.050	-0.5686	0.0127	-0.5813
7.075	-0.5677	0.0128	-0.5805
7.100	-0.5668	0.0129	-0.5797
7.125	-0.5659	0.0130	-0.5789
7.150	-0.5650	0.0131	-0.5781
7.175	-0.5641	0.0131	-0.5773
7.200	-0.5633	0.0132	-0.5765
7.225	-0.5624	0.0133	-0.5757
7.250	-0.5615	0.0134	-0.5749
7.275	-0.5606	0.0135	-0.5740
7.300	-0.5597	0.0135	-0.5732
7.325	-0.5588	0.0136	-0.5724
7.350	-0.5579	0.0137	-0.5716
7.375	-0.5569	0.0138	-0.5707
7.400	-0.5560	0.0139	-0.5699
7.425	-0.5551	0.0140	-0.5691
7.450	-0.5541	0.0141	-0.5682
7.475	-0.5532	0.0142	-0.5674
7.500	-0.5522	0.0143	-0.5665
7.525	-0.5512	0.0145	-0.5657
7.550	-0.5502	0.0146	-0.5649
7.575	-0.5492	0.0148	-0.5640
7.600	-0.5482	0.0149	-0.5632
7.625	-0.5472	0.0151	-0.5623
7.650	-0.5461	0.0154	-0.5614
7.675	-0.5450	0.0156	-0.5606
7.700	-0.5438	0.0159	-0.5597
7.725	-0.5427	0.0162	-0.5588
7.750	-0.5415	0.0164	-0.5580
7.775	-0.5404	0.0168	-0.5571
7.800	-0.5392	0.0171	-0.5562
7.825	-0.5379	0.0174	-0.5554
7.850	-0.5367	0.0178	-0.5545
7.875	-0.5355	0.0181	-0.5536
7.900	-0.5342	0.0185	-0.5527
7.925	-0.5330	0.0189	-0.5518
7.950	-0.5317	0.0192	-0.5510
7.975	-0.5304	0.0196	-0.5501
8.000	-0.5292	0.0200	-0.5492
8.025	-0.5279	0.0204	-0.5483
8.050	-0.5266	0.0208	-0.5474
8.075	-0.5253	0.0212	-0.5465
8.100	-0.5241	0.0215	-0.5456
8.125	-0.5228	0.0219	-0.5447
8.150	-0.5215	0.0223	-0.5438
8.175	-0.5203	0.0226	-0.5429
8.200	-0.5190	0.0230	-0.5420
8.225	-0.5177	0.0233	-0.5411
8.250	-0.5165	0.0237	-0.5402
8.275	-0.5152	0.0240	-0.5392
8.300	-0.5140	0.0244	-0.5383
8.325	-0.5127	0.0247	-0.5374
8.350	-0.5114	0.0251	-0.5365
8.375	-0.5102	0.0254	-0.5356
8.400	-0.5089	0.0257	-0.5346
8.425	-0.5077	0.0260	-0.5337
8.450	-0.5065	0.0263	-0.5328
8.475	-0.5052	0.0266	-0.5318
8.500	-0.5040	0.0269	-0.5309
8.525	-0.5028	0.0272	-0.5300
8.550	-0.5016	0.0274	-0.5290
8.575	-0.5004	0.0277	-0.5281
8.600	-0.4992	0.0279	-0.5271
8.625	-0.4981	0.0281	-0.5262
8.650	-0.4969	0.0283	-0.5252
8.675	-0.4958	0.0285	-0.5243
8.700	-0.4946	0.0287	-0.5233
8.725	-0.4935	0.0288	-0.5223
8.750	-0.4923	0.0290	-0.5214
8.775	-0.4912	0.0292	-0.5204
8.800	-0.4900	0.0294	-0.5194
8.825	-0.4889	0.0296	-0.5185
8.850	-0.4877	0.0298	-0.5175
8.875	-0.4865	0.0300	-0.5165
8.900	-0.4853	0.0303	-0.5155
8.925	-0.4841	0.0305	-0.5146
8.950	-0.4829	0.0307	-0.5136
8.975	-0.4817	0.0309	-0.5126
9.000	-0.4804	0.0312	-0.5116
9.025	-0.4792	0.0314	-0.5106
9.050	-0.4779	0.0317	-0.5096
9.075	-0.4767	0.0319	-0.5086
9.100	-0.4754	0.0322	-0.5076
9.125	-0.4742	0.0325	-0.5066
9.150	-0.4729	0.0328	-0.5056
9.175	-0.4716	0.0330	-0.5046
9.200	-0.4703	0.0333	-0.5036
9.225	-0.4690	0.0336	-0.5026
9.250	-0.4677	0.0339	-0.5016
9.275	-0.4663	0.0342	-0.5006
9.300	-0.4650	0.0346	-0.4995
9.325	-0.4636	0.0349	-0.4985
9.350	-0.4623	0.0352	-0.4975
9.375	-0.4609	0.0356	-0.4965
9.400	-0.4595	0.0359	-0.4954
9.425	-0.4581	0.0363	-0.4944
9.450	-0.4567	0.0367	-0.4934
9.475	-0.4552	0.0371	-0.4923
9.500	-0.4538	0.0375	-0.4913
9.525	-0.4523	0.0380	-0.4903
9.550	-0.4508	0.0384	-0.4892
9.575	-0.4492	0.0389	-0.4882
9.600	-0.4477	0.0395	-0.4871
9.625	-0.4461	0.0400	-0.4861
9.650	-0.4444	0.0406	-0.4850
9.675	-0.4427	0.0412	-0.4840
9.700	-0.4410	0.0418	-0.4829
9.725	-0.4393	0.0425	-0.4818
9.750	-0.4376	0.0432	-0.4808
9.775	-0.4358	0.0439	-0.4797
9.800	-0.4340	0.0446	-0.4786
9.825	-0.4322	0.0453	-0.4776
9.850	-0.4304	0.0461	-0.4765
9.875	-0.4285	0.0469	-0.4754
9.900	-0.4267	0.0476	-0.4743
9.925	-0.4248	0.0484	-0.4732
9.950	-0.4229	0.0492	-0.4722
9.975	-0.4210	0.0501	-0.4711
10.000	-0.4191	0.0509	-0.4700
10.025	-0.4172	0.0517	-0.4689
10.050	-0.4152	0.0526	-0.4678
10.075	-0.4132	0.0535	-0.4667
10.100	-0.4112	0.0544	-0.4656
10.125	-0.4092	0.0553	-0.4645
10.150	-0.4072	0.0562	-0.4634
10.175	-0.4051	0.0572	-0.4623
10.200	-0.4029	0.0582	-0.4612
10.225	-0.4008	0.0593	-0.4601
10.250	-0.3986	0.0603	-0.4589
10.275	-0.3964	0.0614	-0.4578
10.300	-0.3942	0.0625	-0.4567
10.325	-0.3919	0.0637	-0.4556
10.350	-0.3897	0.0648	-0.4545
10.375	-0.3874	0.0660	-0.4533
10.400	-0.3851	0.0671	-0.4522
10.425	-0.3827	0.0683	-0.4511
10.450	-0.3804	0.0695	-0.4499
10.475	-0.3780	0.0708	-0.4488
10.500	-0.3756	0.0720	-0.4477
10.525	-0.3733	0.0733	-0.4465
10.550	-0.3709	0.0745	-0.4454
10.575	-0.3684	0.0758	-0.4442
10.600	-0.3660	0.0770	-0.4430
10.625	-0.3636	0.0783	-0.4419
10.650	-0.3611	0.0796	-0.4407
10.675	-0.3587	0.0809	-0.4395
10.700	-0.3562	0.0822	-0.4384
10.725	-0.3536	0.0835	-0.4372
10.750	-0.3511	0.0849	-0.4360
10.775	-0.3485	0.0863	-0.4348
10.800	-0.3459	0.0877	-0.4336
10.825	-0.3432	0.0892	-0.4324
10.850	-0.3405	0.0907	-0.4312
10.875	-0.3378	0.0923	-0.4301
10.900	-0.3351	0.0938	-0.4289
10.925	-0.3323	0.0954	-0.4277
10.950	-0.3295	0.0971	-0.4266
10.975	-0.3267	0.0987	-0.4254
11.000	-0.3239	0.1004	-0.4242
11.025	-0.3211	0.1020	-0.4231
11.050	-0.3182	0.1037	-0.4219
11.075	-0.3154	0.1054	-0.4207
11.100	-0.3125	0.1071	-0.4196
11.125	-0.3097	0.1088	-0.4184
11.150	-0.3068	0.1105	-0.4173
11.175	-0.3039	0.1123	-0.4161
11.200	-0.3009	0.1141	-0.4150
11.225	-0.2979	0.1159	-0.4138
11.250	-0.2949	0.1177	-0.4127
11.275	-0.2919	0.1196	-0.4115
11.300	-0.2888	0.1216	-0.4103
11.325	-0.2856	0.1236	-0.4092
11.350	-0.2824	0.1256	-0.4080
11.375	-0.2792	0.1276	-0.4068
11.400	-0.2759	0.1297	-0.4056
11.425	-0.2725	0.1319	-0.4044
11.450	-0.2691	0.1341	-0.4032
11.475	-0.2657	0.1363	-0.4020
11.500	-0.2621	0.1386	-0.4008
11.525	-0.2585	0.1409	-0.3995
11.550	-0.2549	0.1433	-0.3982
11.575	-0.2512	0.1456	-0.3968
11.600	-0.2474	0.1480	-0.3954
11.625	-0.2435	0.1504	-0.3940
11.650	-0.2395	0.1529	-0.3924
11.675	-0.2354	0.1554	-0.3908
11.700	-0.2312	0.1578	-0.3891
11.725	-0.2269	0.1603	-0.3873
11.750	-0.2226	0.1628	-0.3854
11.775	-0.2182	0.1654	-0.3835
11.800	-0.2138	0.1679	-0.3816
11.825	-0.2093	0.1704	-0.3797
11.850	-0.2049	0.1729	-0.3778
11.875	-0.2005	0.1754	-0.3760
11.900	-0.1962	0.1779	-0.3741
11.925	-0.1919	0.1804	-0.3723
11.950	-0.1876	0.1829	-0.3705
11.975	-0.1833	0.1854	-0.3688
12.000	-0.1791	0.1879	-0.3671
12.025	-0.1750	0.1904	-0.3654
12.050	-0.1708	0.1929	-0.3637
12.075	-0.1667	0.1954	-0.3620
12.100	-0.1626	0.1978	-0.3604
12.125	-0.1585	0.2003	-0.3588
12.150	-0.1543	0.2028	-0.3572
12.175	-0.1502	0.2054	-0.3556
12.200	-0.1461	0.2080	-0.3540
12.225	-0.1419	0.2106	-0.3525
12.250	-0.1378	0.2132	-0.3510
12.275	-0.1337	0.2159	-0.3495
12.300	-0.1295	0.2185	-0.3481
12.325	-0.1254	0.2212	-0.3466
12.350	-0.1213	0.2240	-0.3452
12.375	-0.1171	0.2267	-0.3439
12.400	-0.1130	0.2295	-0.3425
12.425	-0.1088	0.2324	-0.3412
12.450	-0.1046	0.2353	-0.3399
12.475	-0.1004	0.2383	-0.3387
12.500	-0.0962	0.2413	-0.3375
12.525	-0.0919	0.2445	-0.3364
12.550	-0.0876	0.2477	-0.3353
12.575	-0.0832	0.2510	-0.3343
12.600	-0.0789	0.2544	-0.3333
12.625	-0.0745	0.2578	-0.3323
12.650	-0.0702	0.2613	-0.3315
12.675	-0.0658	0.2648	-0.3306
12.700	-0.0614	0.2684	-0.3298
12.725	-0.0570	0.2721	-0.3291
12.750	-0.0525	0.2758	-0.3283
12.775	-0.0480	0.2796	-0.3276
12.800	-0.0435	0.2834	-0.3269
12.825	-0.0390	0.2873	-0.3262
12.850	-0.0344	0.2912	-0.3256
12.875	-0.0298	0.2952	-0.3249
12.900	-0.0251	0.2992	-0.3243
12.925	-0.0204	0.3033	-0.3237
12.950	-0.0157	0.3074	-0.3231
12.975	-0.0110	0.3116	-0.3226
13.000	-0.0062	0.3158	-0.3220
13.025	-0.0014	0.3201	-0.3215
13.050	0.0035	0.3244	-0.3209
13.075	0.0084	0.3288	-0.3204
13.100	0.0133	0.3332	-0.3199
13.125	0.0182	0.3376	-0.3195
13.150	0.0231	0.3421	-0.3190
13.175	0.0281	0.3466	-0.3185
13.200	0.0331	0.3512	-0.3181
13.225	0.0381	0.3558	-0.3177
13.250	0.0431	0.3604	-0.3173
13.275	0.0481	0.3650	-0.3169
13.300	0.0531	0.3697	-0.3166
13.325	0.0581	0.3744	-0.3163
13.350	0.0631	0.3791	-0.3160
13.375	0.0681	0.3838	-0.3157
13.400	0.0731	0.3885	-0.3154
13.425	0.0780	0.3932	-0.3152
13.450	0.0829	0.3979	-0.3150
13.475	0.0878	0.4026	-0.3148
13.500	0.0926	0.4073	-0.3147
13.525	0.0974	0.4119	-0.3145
13.550	0.1022	0.4166	-0.3144
13.575	0.1069	0.4212	-0.3144
13.600	0.1115	0.4258	-0.3143
13.625	0.1161	0.4304	-0.3143
13.650	0.1207	0.4350	-0.3143
13.675	0.1252	0.4395	-0.3143
13.700	0.1296	0.4440	-0.3144
13.725	0.1340	0.4485	-0.3145
13.750	0.1383	0.4529	-0.3146
13.775	0.1426	0.4573	-0.3147
13.800	0.1469	0.4617	-0.3148
13.825	0.1512	0.4661	-0.3149
13.850	0.1554	0.4705	-0.3151
13.875	0.1596	0.4748	-0.3153
13.900	0.1637	0.4792	-0.3155
13.925	0.1679	0.4836	-0.3157
13.950	0.1720	0.4879	-0.3159
13.975	0.1762	0.4924	-0.3161
14.000	0.1804	0.4968	-0.3164
14.025	0.1846	0.5013	-0.3167
14.050	0.1888	0.5059	-0.3170
14.075	0.1931	0.5105	-0.3173
14.100	0.1975	0.5152	-0.3177
14.125	0.2019	0.5199	-0.3181
14.150	0.2063	0.5248	-0.3185
14.175	0.2108	0.5297	-0.3189
14.200	0.2154	0.5348	-0.3194
14.225	0.2200	0.5399	-0.3199
14.250	0.2247	0.5451	-0.3204
14.275	0.2295	0.5505	-0.3210
14.300	0.2343	0.5559	-0.3215
14.325	0.2392	0.5614	-0.3222
14.350	0.2442	0.5670	-0.3228
14.375	0.2492	0.5726	-0.3234
14.400	0.2543	0.5784	-0.3241
14.425	0.2596	0.5844	-0.3248
14.450	0.2649	0.5904	-0.3255
14.475	0.2704	0.5966	-0.3262
14.500	0.2759	0.6028	-0.3270
14.525	0.2815	0.6092	-0.3277
14.550	0.2872	0.6157	-0.3285
14.575	0.2930	0.6223	-0.3292
14.600	0.2989	0.6289	-0.3300
14.625	0.3049	0.6357	-0.3309
14.650	0.3109	0.6426	-0.3317
14.675	0.3170	0.6495	-0.3325
14.700	0.3231	0.6565	-0.3334
14.725	0.3293	0.6636	-0.3343
14.750	0.3356	0.6708	-0.3352
14.775	0.3419	0.6780	-0.3361
14.800	0.3483	0.6854	-0.3370
14.825	0.3548	0.6928	-0.3380
14.850	0.3613	0.7003	-0.3389
14.875	0.3680	0.7079	-0.3399
14.900	0.3746	0.7155	-0.3409
14.925	0.3814	0.7233	-0.3419
14.950	0.3882	0.7312	-0.3429
14.975	0.3952	0.7391	-0.3439
15.000	0.4021	0.7471	-0.3450
15.025	0.4074	0.7552	-0.3479
15.050	0.4149	0.7634	-0.3485
15.075	0.4226	0.7716	-0.3491
15.100	0.4302	0.7799	-0.3497
15.125	0.4378	0.7882	-0.3504
15.150	0.4455	0.7966	-0.3511
15.175	0.4532	0.8050	-0.3518
15.200	0.4610	0.8134	-0.3525
15.225	0.4687	0.8219	-0.3532
15.250	0.4765	0.8304	-0.3539
15.275	0.4843	0.8390	-0.3546
15.300	0.4922	0.8476	-0.3554
15.325	0.5001	0.8562	-0.3561
15.350	0.5080	0.8649	-0.3569
15.375	0.5160	0.8737	-0.3577
15.400	0.5240	0.8825	-0.3585
15.425	0.5321	0.8913	-0.3592
15.450	0.5402	0.9002	-0.3600
15.475	0.5484	0.9092	-0.3608
15.500	0.5566	0.9182	-0.3616
15.525	0.5648	0.9272	-0.3624
15.550	0.5731	0.9363	-0.3632
15.575	0.5814	0.9454	-0.3640
15.600	0.5898	0.9546	-0.3647
15.625	0.5983	0.9638	-0.3655
15.650	0.6068	0.9730	-0.3662
15.675	0.6155	0.9823	-0.3669
15.700	0.6242	0.9917	-0.3675
15.725	0.6331	1.0011	-0.3681
15.750	0.6421	1.0106	-0.3686
15.775	0.6512	1.0202	-0.3690
15.800	0.6604	1.0298	-0.3694
15.825	0.6698	1.0395	-0.3697
15.850	0.6793	1.0493	-0.3700
15.875	0.6890	1.0591	-0.3702
15.900	0.6986	1.0690	-0.3704
15.925	0.7084	1.0790	-0.3706
15.950	0.7181	1.0890	-0.3709
15.975	0.7279	1.0990	-0.3711
16.000	0.7377	1.1091	-0.3714
16.025	0.7475	1.1192	-0.3717
16.050	0.7574	1.1294	-0.3720
16.075	0.7673	1.1396	-0.3723
16.100	0.7772	1.1499	-0.3727
16.125	0.7872	1.1602	-0.3731
16.150	0.7971	1.1706	-0.3734
16.175	0.8071	1.1810	-0.3738
16.200	0.8172	1.1914	-0.3743
16.225	0.8272	1.2019	-0.3747
16.250	0.8372	1.2124	-0.3752
16.275	0.8472	1.2229	-0.3756
16.300	0.8573	1.2334	-0.3761
16.325	0.8673	1.2439	-0.3767
16.350	0.8772	1.2545	-0.3772
16.375	0.8872	1.2650	-0.3778
16.400	0.8971	1.2756	-0.3784
16.425	0.9070	1.2861	-0.3791
16.450	0.9169	1.2967	-0.3798
16.475	0.9267	1.3073	-0.3806
16.500	0.9364	1.3179	-0.3814
16.525	0.9461	1.3284	-0.3823
16.550	0.9557	1.3390	-0.3833
16.575	0.9652	1.3495	-0.3843
16.600	0.9746	1.3599	-0.3854
16.625	0.9839	1.3703	-0.3865
16.650	0.9931	1.3807	-0.3876
16.675	1.0023	1.3911	-0.3888
16.700	1.0115	1.4015	-0.3900
16.725	1.0207	1.4120	-0.3913
16.750	1.0299	1.4224	-0.3925
16.775	1.0390	1.4329	-0.3938
16.800	1.0481	1.4433	-0.3952
16.825	1.0572	1.4538	-0.3965
16.850	1.0663	1.4642	-0.3979
16.875	1.0754	1.4747	-0.3993
16.900	1.0844	1.4852	-0.4008
16.925	1.0934	1.4957	-0.4023
16.950	1.1023	1.5061	-0.4038
16.975	1.1112	1.5166	-0.4054
17.000	1.1201	1.5271	-0.4070
17.025	1.1289	1.5376	-0.4086
17.050	1.1377	1.5480	-0.4103
17.075	1.1465	1.5585	-0.4121
17.100	1.1552	1.5690	-0.4139
17.125	1.1638	1.5795	-0.4157
17.150	1.1725	1.5901	-0.4176
17.175	1.1810	1.6006	-0.4196
17.200	1.1896	1.6112	-0.4216
17.225	1.1981	1.6218	-0.4237
17.250	1.2066	1.6324	-0.4258
17.275	1.2150	1.6430	-0.4280
17.300	1.2234	1.6538	-0.4303
17.325	1.2319	1.6645	-0.4326
17.350	1.2403	1.6753	-0.4350
17.375	1.2487	1.6861	-0.4374
17.400	1.2572	1.6970	-0.4398
17.425	1.2657	1.7079	-0.4422
17.450	1.2742	1.7189	-0.4447
17.475	1.2827	1.7299	-0.4472
17.500	1.2913	1.7411	-0.4498
17.525	1.2999	1.7523	-0.4524
17.550	1.3086	1.7636	-0.4550
17.575	1.3173	1.7749	-0.4576
17.600	1.3261	1.7864	-0.4603
17.625	1.3349	1.7979	-0.4630
17.650	1.3438	1.8095	-0.4657
17.675	1.3527	1.8211	-0.4684
17.700	1.3615	1.8327	-0.4712
17.725	1.3704	1.8444	-0.4740
17.750	1.3793	1.8561	-0.4768
17.775	1.3882	1.8679	-0.4797
17.800	1.3970	1.8796	-0.4826
17.825	1.4059	1.8914	-0.4855
17.850	1.4148	1.9032	-0.4884
17.875	1.4236	1.9150	-0.4914
17.900	1.4325	1.9269	-0.4944
17.925	1.4413	1.9388	-0.4975
17.950	1.4502	1.9507	-0.5005
17.975	1.4590	1.9626	-0.5036
18.000	1.4678	1.9746	-0.5068
18.025	1.4766	1.9865	-0.5099
18.050	1.4853	1.9984	-0.5131
18.075	1.4940	2.0104	-0.5163
18.100	1.5026	2.0223	-0.5196
18.125	1.5112	2.0341	-0.5229
18.150	1.5197	2.0460	-0.5263
18.175	1.5281	2.0578	-0.5297
18.200	1.5364	2.0695	-0.5331
18.225	1.5447	2.0813	-0.5366
18.250	1.5528	2.0929	-0.5401
18.275	1.5609	2.1046	-0.5437
18.300	1.5689	2.1162	-0.5473
18.325	1.5769	2.1278	-0.5509
18.350	1.5848	2.1394	-0.5546
18.375	1.5927	2.1510	-0.5583
18.400	1.6005	2.1626	-0.5620
18.425	1.6084	2.1742	-0.5658
18.450	1.6161	2.1857	-0.5696
18.475	1.6239	2.1973	-0.5734
18.500	1.6316	2.2089	-0.5773
18.525	1.6393	2.2205	-0.5812
18.550	1.6470	2.2322	-0.5851
18.575	1.6547	2.2438	-0.5891
18.600	1.6624	2.2555	-0.5931
18.625	1.6701	2.2672	-0.5972
18.650	1.6777	2.2790	-0.6012
18.675	1.6854	2.2907	-0.6053
18.700	1.6930	2.3025	-0.6095
18.725	1.7006	2.3142	-0.6137
18.750	1.7082	2.3260	-0.6179
18.775	1.7157	2.3378	-0.6221
18.800	1.7232	2.3497	-0.6265
18.825	1.7307	2.3615	-0.6308
18.850	1.7381	2.3734	-0.6352
18.875	1.7455	2.3852	-0.6397
18.900	1.7529	2.3971	-0.6442
18.925	1.7602	2.4090	-0.6488
18.950	1.7675	2.4209	-0.6534
18.975	1.7748	2.4328	-0.6580
19.000	1.7820	2.4447	-0.6627
19.025	1.7892	2.4566	-0.6674
19.050	1.7964	2.4685	-0.6721
19.075	1.8036	2.4805	-0.6769
19.100	1.8107	2.4924	-0.6817
19.125	1.8178	2.5044	-0.6865
19.150	1.8249	2.5163	-0.6914
19.175	1.8320	2.5283	-0.6963
19.200	1.8390	2.5403	-0.7013
19.225	1.8461	2.5523	-0.7062
19.250	1.8531	2.5643	-0.7112
19.275	1.8601	2.5764	-0.7163
19.300	1.8671	2.5884	-0.7214
19.325	1.8740	2.6005	-0.7265
19.350	1.8810	2.6126	-0.7316
19.375	1.8879	2.6247	-0.7368
19.400	1.8948	2.6369	-0.7421
19.425	1.9017	2.6490	-0.7473
19.450	1.9086	2.6612	-0.7526
19.475	1.9155	2.6735	-0.7580
19.500	1.9224	2.6858	-0.7633
19.525	1.9293	2.6981	-0.7687
19.550	1.9362	2.7104	-0.7742
19.575	1.9431	2.7227	-0.7797
19.600	1.9499	2.7351	-0.7852
19.625	1.9567	2.7474	-0.7907
19.650	1.9635	2.7598	-0.7963
19.675	1.9703	2.7722	-0.8020
19.700	1.9770	2.7846	-0.8076
19.725	1.9837	2.7971	-0.8133
19.750	1.9905	2.8095	-0.8191
19.775	1.9972	2.8220	-0.8248
19.800	2.0038	2.8345	-0.8306
19.825	2.0105	2.8470	-0.8365
19.850	2.0171	2.8595	-0.8424
19.875	2.0237	2.8720	-0.8483
19.900	2.0303	2.8846	-0.8543
19.925	2.0369	2.8972	-0.8603
19.950	2.0435	2.9098	-0.8663
19.975	2.0501	2.9225	-0.8724
20.000	2.0567	2.9352	-0.8785
20.025	2.0632	2.9479	-0.8846
20.050	2.0698	2.9606	-0.8908
20.075	2.0763	2.9734	-0.8970
20.100	2.0829	2.9862	-0.9033
20.125	2.0894	2.9990	-0.9096
20.150	2.0959	3.0118	-0.9159
20.175	2.1024	3.0247	-0.9223
20.200	2.1088	3.0376	-0.9287
20.225	2.1153	3.0505	-0.9352
20.250	2.1217	3.0634	-0.9417
20.275	2.1281	3.0763	-0.9482
20.300	2.1345	3.0893	-0.9548
20.325	2.1408	3.1022	-0.9614
20.350	2.1471	3.1152	-0.9681
20.375	2.1534	3.1282	-0.9748
20.400	2.1597	3.1412	-0.9815
20.425	2.1659	3.1542	-0.9883
20.450	2.1721	3.1672	-0.9951
20.475	2.1783	3.1802	-1.0019
20.500	2.1844	3.1933	-1.0088
20.525	2.1905	3.2063	-1.0157
20.550	2.1966	3.2193	-1.0227
20.575	2.2026	3.2323	-1.0297
20.600	2.2086	3.2454	-1.0368
20.625	2.2145	3.2584	-1.0439
20.650	2.2204	3.2714	-1.0510
20.675	2.2263	3.2844	-1.0581
20.700	2.2320	3.2974	-1.0653
20.725	2.2378	3.3104	-1.0726
20.750	2.2434	3.3233	-1.0799
20.775	2.2490	3.3362	-1.0872
20.800	2.2545	3.3491	-1.0946
20.825	2.2600	3.3620	-1.1020
20.850	2.2654	3.3748	-1.1094
20.875	2.2707	3.3876	-1.1169
20.900	2.2759	3.4003	-1.1244
20.925	2.2811	3.4131	-1.1320
20.950	2.2862	3.4258	-1.1396
20.975	2.2913	3.4385	-1.1472
21.000	2.2962	3.4512	-1.1549
21.025	2.3011	3.4638	-1.1626
21.050	2.3059	3.4763	-1.1704
21.075	2.3107	3.4889	-1.1782
21.100	2.3154	3.5014	-1.1860
21.125	2.3200	3.5139	-1.1939
21.150	2.3245	3.5263	-1.2018
21.175	2.3290	3.5388	-1.2098
21.200	2.3335	3.5513	-1.2178
21.225	2.3379	3.5637	-1.2258
21.250	2.3422	3.5761	-1.2339
21.275	2.3465	3.5886	-1.2420
21.300	2.3507	3.6010	-1.2502
21.325	2.3549	3.6133	-1.2584
21.350	2.3590	3.6257	-1.2667
21.375	2.3631	3.6380	-1.2749
21.400	2.3671	3.6503	-1.2833
21.425	2.3710	3.6626	-1.2916
21.450	2.3748	3.6748	-1.3001
21.475	2.3785	3.6871	-1.3085
21.500	2.3822	3.6992	-1.3170
21.525	2.3858	3.7113	-1.3255
21.550	2.3893	3.7234	-1.3341
21.575	2.3927	3.7355	-1.3427
21.600	2.3961	3.7475	-1.3514
21.625	2.3993	3.7594	-1.3601
21.650	2.4025	3.7713	-1.3688
21.675	2.4055	3.7831	-1.3776
21.700	2.4085	3.7949	-1.3864
21.725	2.4114	3.8067	-1.3953
21.750	2.4142	3.8184	-1.4042
21.775	2.4169	3.8300	-1.4132
21.800	2.4195	3.8417	-1.4222
21.825	2.4221	3.8533	-1.4312
21.850	2.4245	3.8648	-1.4403
21.875	2.4269	3.8763	-1.4494
21.900	2.4292	3.8878	-1.4586
21.925	2.4314	3.8992	-1.4678
21.950	2.4335	3.9106	-1.4770
21.975	2.4356	3.9219	-1.4863
22.000	2.4375	3.9331	-1.4957
22.025	2.4393	3.9443	-1.5050
22.050	2.4411	3.9555	-1.5144
22.075	2.4428	3.9666	-1.5238
22.100	2.4445	3.9777	-1.5332
22.125	2.4460	3.9887	-1.5427
22.150	2.4475	3.9997	-1.5522
22.175	2.4489	4.0107	-1.5618
22.200	2.4502	4.0216	-1.5714
22.225	2.4514	4.0324	-1.5811
22.250	2.4525	4.0432	-1.5908
22.275	2.4535	4.0540	-1.6005
22.300	2.4544	4.0647	-1.6103
22.325	2.4552	4.0753	-1.6201
22.350	2.4559	4.0859	-1.6300
22.375	2.4565	4.0964	-1.6399
22.400	2.4570	4.1069	-1.6499
22.425	2.4573	4.1173	-1.6599
22.450	2.4576	4.1276	-1.6700
22.475	2.4578	4.1378	-1.6801
22.500	2.4578	4.1480	-1.6902
22.525	2.4578	4.1582	-1.7004
22.550	2.4576	4.1683	-1.7107
22.575	2.4574	4.1784	-1.7209
22.600	2.4571	4.1884	-1.7313
22.625	2.4567	4.1984	-1.7416
22.650	2.4563	4.2083	-1.7521
22.675	2.4557	4.2182	-1.7625
22.700	2.4551	4.2281	-1.7730
22.725	2.4543	4.2379	-1.7836
22.750	2.4535	4.2477	-1.7942
22.775	2.4526	4.2574	-1.8048
22.800	2.4516	4.2671	-1.8155
22.825	2.4506	4.2768	-1.8262
22.850	2.4494	4.2864	-1.8370
22.875	2.4482	4.2960	-1.8478
22.900	2.4468	4.3055	-1.8587
22.925	2.4454	4.3150	-1.8696
22.950	2.4439	4.3244	-1.8805
22.975	2.4423	4.3338	-1.8915
23.000	2.4406	4.3431	-1.9025
23.025	2.4388	4.3524	-1.9136
23.050	2.4369	4.3617	-1.9248
23.075	2.4349	4.3709	-1.9359
23.100	2.4329	4.3800	-1.9472
23.125	2.4307	4.3891	-1.9584
23.150	2.4285	4.3982	-1.9697
23.175	2.4261	4.4072	-1.9811
23.200	2.4237	4.4162	-1.9925
23.225	2.4211	4.4251	-2.0039
23.250	2.4185	4.4339	-2.0154
23.275	2.4158	4.4427	-2.0270
23.300	2.4129	4.4515	-2.0385
23.325	2.4100	4.4602	-2.0502
23.350	2.4070	4.4688	-2.0618
23.375	2.4038	4.4774	-2.0736
23.400	2.4006	4.4859	-2.0853
23.425	2.3973	4.4944	-2.0971
23.450	2.3938	4.5028	-2.1090
23.475	2.3903	4.5112	-2.1209
23.500	2.3866	4.5195	-2.1329
23.525	2.3829	4.5277	-2.1449
23.550	2.3790	4.5359	-2.1569
23.575	2.3750	4.5441	-2.1690
23.600	2.3709	4.5521	-2.1812
23.625	2.3668	4.5601	-2.1934
23.650	2.3625	4.5681	-2.2056
23.675	2.3580	4.5760	-2.2179
23.700	2.3535	4.5838	-2.2303
23.725	2.3489	4.5916	-2.2427
23.750	2.3441	4.5993	-2.2551
23.775	2.3393	4.6069	-2.2676
23.800	2.3343	4.6145	-2.2802
23.825	2.3292	4.6220	-2.2928
23.850	2.3240	4.6295	-2.3055
23.875	2.3187	4.6369	-2.3182
23.900	2.3132	4.6442	-2.3310
23.925	2.3076	4.6514	-2.3438
23.950	2.3019	4.6586	-2.3567
23.975	2.2961	4.6657	-2.3696
24.000	2.2902	4.6728	-2.3826
24.025	2.2841	4.6798	-2.3957
24.050	2.2778	4.6867	-2.4088
24.075	2.2715	4.6935	-2.4220
24.100	2.2650	4.7003	-2.4353
24.125	2.2584	4.7070	-2.4486
24.150	2.2516	4.7136	-2.4620
24.175	2.2447	4.7202	-2.4755
24.200	2.2377	4.7267	-2.4890
24.225	2.2305	4.7331	-2.5026
24.250	2.2232	4.7395	-2.5163
24.275	2.2157	4.7457	-2.5300
24.300	2.2081	4.7519	-2.5438
24.325	2.2004	4.7580	-2.5576
24.350	2.1925	4.7641	-2.5715
24.375	2.1846	4.7701	-2.5855
24.400	2.1764	4.7760	-2.5995
24.425	2.1682	4.7818	-2.6136
24.450	2.1598	4.7875	-2.6278
24.475	2.1513	4.7932	-2.6420
24.500	2.1426	4.7988	-2.6562
24.525	2.1338	4.8044	-2.6705
24.550	2.1249	4.8098	-2.6849
24.575	2.1159	4.8152	-2.6993
24.600	2.1067	4.8205	-2.7138
24.625	2.0975	4.8257	-2.7283
24.650	2.0881	4.8309	-2.7428
24.675	2.0785	4.8360	-2.7575
24.700	2.0689	4.8410	-2.7721
24.725	2.0591	4.8460	-2.7869
24.750	2.0492	4.8508	-2.8017
24.775	2.0391	4.8556	-2.8165
24.800	2.0290	4.8603	-2.8314
24.825	2.0187	4.8650	-2.8463
24.850	2.0082	4.8696	-2.8613
24.875	1.9977	4.8741	-2.8764
24.900	1.9870	4.8785	-2.8915
24.925	1.9762	4.8828	-2.9066
24.950	1.9653	4.8871	-2.9218
24.975	1.9543	4.8913	-2.9371
25.000	1.9431	4.8955	-2.9524
25.025	1.9318	4.8995	-2.9677
25.050	1.9204	4.9035	-2.9831
25.075	1.9088	4.9074	-2.9985
25.100	1.8971	4.9112	-3.0140
25.125	1.8854	4.9149	-3.0296
25.150	1.8734	4.9186	-3.0452
25.175	1.8614	4.9222	-3.0608
25.200	1.8492	4.9257	-3.0765
25.225	1.8369	4.9291	-3.0922
25.250	1.8244	4.9324	-3.1080
25.275	1.8119	4.9357	-3.1238
25.300	1.7992	4.9389	-3.1397
25.325	1.7864	4.9420	-3.1556
25.350	1.7734	4.9450	-3.1716
25.375	1.7603	4.9479	-3.1876
25.400	1.7471	4.9508	-3.2037
25.425	1.7337	4.9535	-3.2198
25.450	1.7203	4.9562	-3.2360
25.475	1.7066	4.9588	-3.2522
25.500	1.6929	4.9613	-3.2684
25.525	1.6790	4.9638	-3.2847
25.550	1.6650	4.9661	-3.3011
25.575	1.6508	4.9684	-3.3175
25.600	1.6366	4.9705	-3.3340
25.625	1.6221	4.9726	-3.3505
25.650	1.6076	4.9747	-3.3671
25.675	1.5929	4.9766	-3.3837
25.700	1.5781	4.9784	-3.4004
25.725	1.5631	4.9802	-3.4171
25.750	1.5480	4.9819	-3.4338
25.775	1.5328	4.9835	-3.4507
25.800	1.5174	4.9850	-3.4675
25.825	1.5020	4.9864	-3.4844
25.850	1.4864	4.9877	-3.5013
25.875	1.4707	4.9890	-3.5183
25.900	1.4548	4.9901	-3.5353
25.925	1.4389	4.9912	-3.5523
25.950	1.4228	4.9922	-3.5694
25.975	1.4067	4.9931	-3.5865
26.000	1.3904	4.9940	-3.6036
26.025	1.3740	4.9947	-3.6207
26.050	1.3575	4.9954	-3.6378
26.075	1.3410	4.9959	-3.6550
26.100	1.3243	4.9964	-3.6721
26.125	1.3076	4.9968	-3.6892
26.150	1.2908	4.9972	-3.7064
26.175	1.2738	4.9974	-3.7236
26.200	1.2568	4.9975	-3.7407
26.225	1.2397	4.9976	-3.7579
26.250	1.2225	4.9976	-3.7751
26.275	1.2053	4.9975	-3.7922
26.300	1.1879	4.9973	-3.8094
26.325	1.1705	4.9970	-3.8265
26.350	1.1530	4.9967	-3.8437
26.375	1.1355	4.9962	-3.8607
26.400	1.1179	4.9957	-3.8778
26.425	1.1003	4.9951	-3.8948
26.450	1.0826	4.9944	-3.9118
26.475	1.0649	4.9936	-3.9287
26.500	1.0472	4.9928	-3.9456
26.525	1.0294	4.9918	-3.9624
26.550	1.0115	4.9908	-3.9793
26.575	0.9935	4.9897	-3.9961
26.600	0.9755	4.9885	-4.0130
26.625	0.9573	4.9872	-4.0299
26.650	0.9390	4.9858	-4.0468
26.675	0.9205	4.9843	-4.0638
26.700	0.9020	4.9828	-4.0808
26.725	0.8833	4.9811	-4.0978
26.750	0.8646	4.9794	-4.1148
26.775	0.8456	4.9776	-4.1319
26.800	0.8266	4.9757	-4.1491
26.825	0.8074	4.9737	-4.1663
26.850	0.7882	4.9716	-4.1835
26.875	0.7687	4.9695	-4.2007
26.900	0.7492	4.9672	-4.2180
26.925	0.7295	4.9649	-4.2353
26.950	0.7097	4.9625	-4.2527
26.975	0.6898	4.9599	-4.2701
27.000	0.6698	4.9574	-4.2876
27.025	0.6496	4.9547	-4.3051
27.050	0.6293	4.9519	-4.3226
27.075	0.6089	4.9490	-4.3402
27.100	0.5883	4.9461	-4.3578
27.125	0.5677	4.9431	-4.3754
27.150	0.5469	4.9400	-4.3931
27.175	0.5259	4.9368	-4.4108
27.200	0.5049	4.9335	-4.4286
27.225	0.4837	4.9301	-4.4464
27.250	0.4624	4.9267	-4.4642
27.275	0.4410	4.9231	-4.4821
27.300	0.4194	4.9195	-4.5001
27.325	0.3978	4.9158	-4.5180
27.350	0.3760	4.9120	-4.5360
27.375	0.3541	4.9081	-4.5541
27.400	0.3320	4.9042	-4.5721
27.425	0.3099	4.9001	-4.5903
27.450	0.2876	4.8960	-4.6084
27.475	0.2652	4.8918	-4.6266
27.500	0.2427	4.8875	-4.6448
27.525	0.2200	4.8832	-4.6631
27.550	0.1973	4.8787	-4.6814
27.575	0.1744	4.8742	-4.6998
27.600	0.1514	4.8696	-4.7181
27.625	0.1283	4.8649	-4.7366
27.650	0.1051	4.8601	-4.7550
27.675	0.0817	4.8552	-4.7735
27.700	0.0583	4.8503	-4.7920
27.725	0.0347	4.8453	-4.8106
27.750	0.0110	4.8402	-4.8292
27.775	-0.0128	4.8350	-4.8479
27.800	-0.0367	4.8298	-4.8665
27.825	-0.0608	4.8245	-4.8852
27.850	-0.0849	4.8190	-4.9040
27.875	-0.1092	4.8136	-4.9228
27.900	-0.1336	4.8080	-4.9416
27.925	-0.1581	4.8024	-4.9604
27.950	-0.1827	4.7966	-4.9793
27.975	-0.2074	4.7909	-4.9983
28.000	-0.2322	4.7850	-5.0172
28.025	-0.2572	4.7790	-5.0362
28.050	-0.2822	4.7730	-5.0552
28.075	-0.3074	4.7669	-5.0743
28.100	-0.3327	4.7607	-5.0934
28.125	-0.3580	4.7545	-5.1125
28.150	-0.3835	4.7482	-5.1317
28.175	-0.4091	4.7418	-5.1509
28.200	-0.4348	4.7353	-5.1702
28.225	-0.4607	4.7288	-5.1894
28.250	-0.4866	4.7221	-5.2087
28.275	-0.5126	4.7155	-5.2281
28.300	-0.5388	4.7087	-5.2475
28.325	-0.5650	4.7019	-5.2669
28.350	-0.5914	4.6950	-5.2863
28.375	-0.6178	4.6880	-5.3058
28.400	-0.6444	4.6809	-5.3253
28.425	-0.6711	4.6738	-5.3449
28.450	-0.6978	4.6666	-5.3645
28.475	-0.7247	4.6594	-5.3841
28.500	-0.7517	4.6520	-5.4038
28.525	-0.7788	4.6446	-5.4235
28.550	-0.8061	4.6372	-5.4432
28.575	-0.8334	4.6296	-5.4630
28.600	-0.8608	4.6220	-5.4828
28.625	-0.8884	4.6143	-5.5027
28.650	-0.9160	4.6066	-5.5226
28.675	-0.9438	4.5988	-5.5426
28.700	-0.9717	4.5909	-5.5626
28.725	-0.9997	4.5830	-5.5826
28.750	-1.0278	4.5750	-5.6027
28.775	-1.0560	4.5669	-5.6229
28.800	-1.0843	4.5587	-5.6431
28.825	-1.1128	4.5505	-5.6633
28.850	-1.1413	4.5423	-5.6836
28.875	-1.1700	4.5339	-5.7039
28.900	-1.1988	4.5255	-5.7243
28.925	-1.2277	4.5171	-5.7447
28.950	-1.2566	4.5085	-5.7652
28.975	-1.2857	4.4999	-5.7857
29.000	-1.3149	4.4913	-5.8062
29.025	-1.3442	4.4826	-5.8268
29.050	-1.3736	4.4738	-5.8474
29.075	-1.4031	4.4650	-5.8681
29.100	-1.4327	4.4561	-5.8887
29.125	-1.4624	4.4471	-5.9095
29.150	-1.4921	4.4381	-5.9302
29.175	-1.5220	4.4290	-5.9510
29.200	-1.5520	4.4198	-5.9718
29.225	-1.5820	4.4106	-5.9927
29.250	-1.6122	4.4014	-6.0135
29.275	-1.6424	4.3921	-6.0344
29.300	-1.6727	4.3827	-6.0554
29.325	-1.7031	4.3732	-6.0763
29.350	-1.7336	4.3638	-6.0973
29.375	-1.7641	4.3542	-6.1183
29.400	-1.7948	4.3446	-6.1394
29.425	-1.8255	4.3349	-6.1605
29.450	-1.8564	4.3252	-6.1816
29.475	-1.8873	4.3154	-6.2027
29.500	-1.9182	4.3056	-6.2239
29.525	-1.9493	4.2957	-6.2450
29.550	-1.9804	4.2858	-6.2662
29.575	-2.0117	4.2758	-6.2875
29.600	-2.0429	4.2658	-6.3087
29.625	-2.0743	4.2557	-6.3300
29.650	-2.1057	4.2455	-6.3512
29.675	-2.1373	4.2353	-6.3726
29.700	-2.1688	4.2251	-6.3939
29.725	-2.2005	4.2147	-6.4152
29.750	-2.2322	4.2044	-6.4366
29.775	-2.2640	4.1940	-6.4580
29.800	-2.2959	4.1835	-6.4794
29.825	-2.3279	4.1730	-6.5009
29.850	-2.3599	4.1625	-6.5224
29.875	-2.3920	4.1519	-6.5438
29.900	-2.4241	4.1412	-6.5654
29.925	-2.4564	4.1305	-6.5869
29.950	-2.4887	4.1198	-6.6085
29.975	-2.5211	4.1090	-6.6300
30.000	-2.5535	4.0981	-6.6516
30.025	-2.5860	4.0872	-6.6733
30.050	-2.6186	4.0763	-6.6949
30.075	-2.6513	4.0653	-6.7166
30.100	-2.6840	4.0543	-6.7383
30.125	-2.7168	4.0433	-6.7600
30.150	-2.7496	4.0321	-6.7818
30.175	-2.7825	4.0210	-6.8035
30.200	-2.8155	4.0098	-6.8253
30.225	-2.8486	3.9986	-6.8471
30.250	-2.8817	3.9873	-6.8690
30.275	-2.9149	3.9759	-6.8908
30.300	-2.9481	3.9646	-6.9127
30.325	-2.9814	3.9532	-6.9346
30.350	-3.0148	3.9417	-6.9565
30.375	-3.0482	3.9302	-6.9784
30.400	-3.0816	3.9187	-7.0003
30.425	-3.1151	3.9072	-7.0222
30.450	-3.1486	3.8956	-7.0442
30.475	-3.1822	3.8839	-7.0661
30.500	-3.2157	3.8722	-7.0880
30.525	-3.2493	3.8605	-7.1098
30.550	-3.2829	3.8488	-7.1317
30.575	-3.3166	3.8370	-7.1535
30.600	-3.3502	3.8251	-7.1753
30.625	-3.3839	3.8133	-7.1971
30.650	-3.4175	3.8014	-7.2189
30.675	-3.4512	3.7894	-7.2406
30.700	-3.4848	3.7775	-7.2623
30.725	-3.5185	3.7655	-7.2840
30.750	-3.5522	3.7534	-7.3056
30.775	-3.5858	3.7414	-7.3272
30.800	-3.6195	3.7293	-7.3488
30.825	-3.6531	3.7171	-7.3703
30.850	-3.6867	3.7050	-7.3917
30.875	-3.7203	3.6928	-7.4131
30.900	-3.7539	3.6806	-7.4344
30.925	-3.7873	3.6683	-7.4556
30.950	-3.8208	3.6560	-7.4768
30.975	-3.8541	3.6437	-7.4978
31.000	-3.8875	3.6314	-7.5188
31.025	-3.9207	3.6190	-7.5397
31.050	-3.9540	3.6066	-7.5606
31.075	-3.9873	3.5941	-7.5814
31.100	-4.0206	3.5817	-7.6022
31.125	-4.0538	3.5692	-7.6231
31.150	-4.0872	3.5567	-7.6438
31.175	-4.1205	3.5442	-7.6646
31.200	-4.1538	3.5316	-7.6854
31.225	-4.1872	3.5190	-7.7062
31.250	-4.2206	3.5064	-7.7270
31.275	-4.2540	3.4938	-7.7478
31.300	-4.2875	3.4811	-7.7686
31.325	-4.3209	3.4684	-7.7894
31.350	-4.3544	3.4557	-7.8102
31.375	-4.3880	3.4430	-7.8310
31.400	-4.4215	3.4303	-7.8517
31.425	-4.4551	3.4175	-7.8725
31.450	-4.4886	3.4047	-7.8933
31.475	-4.5222	3.3919	-7.9141
31.500	-4.5559	3.3791	-7.9349
31.525	-4.5895	3.3662	-7.9557
31.550	-4.6232	3.3533	-7.9765
31.575	-4.6569	3.3405	-7.9973
31.600	-4.6906	3.3276	-8.0181
31.625	-4.7243	3.3146	-8.0389
31.650	-4.7581	3.3017	-8.0598
31.675	-4.7918	3.2887	-8.0806
31.700	-4.8256	3.2758	-8.1014
31.725	-4.8594	3.2628	-8.1222
31.750	-4.8932	3.2498	-8.1430
31.775	-4.9270	3.2368	-8.1638
31.800	-4.9609	3.2237	-8.1846
31.825	-4.9947	3.2107	-8.2054
31.850	-5.0286	3.1976	-8.2262
31.875	-5.0625	3.1846	-8.2470
31.900	-5.0964	3.1715	-8.2678
31.925	-5.1303	3.1584	-8.2886
31.950	-5.1642	3.1453	-8.3095
31.975	-5.1981	3.1322	-8.3303
32.000	-5.2320	3.1190	-8.3511
32.025	-5.2660	3.1059	-8.3719
32.050	-5.2999	3.0928	-8.3927
32.075	-5.3339	3.0796	-8.4135
32.100	-5.3678	3.0664	-8.4342
32.125	-5.4018	3.0533	-8.4550
32.150	-5.4357	3.0401	-8.4758
32.175	-5.4697	3.0269	-8.4966
32.200	-5.5037	3.0137	-8.5174
32.225	-5.5377	3.0005	-8.5382
32.250	-5.5716	2.9873	-8.5589
32.275	-5.6056	2.9741	-8.5797
32.300	-5.6396	2.9609	-8.6005
32.325	-5.6736	2.9477	-8.6212
32.350	-5.7075	2.9344	-8.6420
32.375	-5.7415	2.9212	-8.6627
32.400	-5.7755	2.9080	-8.6835
32.425	-5.8094	2.8948	-8.7042
32.450	-5.8434	2.8815	-8.7249
32.475	-5.8774	2.8683	-8.7457
32.500	-5.9113	2.8551	-8.7664
32.525	-5.9453	2.8418	-8.7871
32.550	-5.9792	2.8286	-8.8078
32.575	-6.0131	2.8153	-8.8285
32.600	-6.0470	2.8021	-8.8492
32.625	-6.0809	2.7889	-8.8698
32.650	-6.1148	2.7756	-8.8905
32.675	-6.1487	2.7624	-8.9112
32.700	-6.1826	2.7492	-8.9318
32.725	-6.2165	2.7360	-8.9524
32.750	-6.2503	2.7227	-8.9731
32.775	-6.2842	2.7095	-8.9937
32.800	-6.3180	2.6963	-9.0143
32.825	-6.3518	2.6831	-9.0349
32.850	-6.3856	2.6699	-9.0555
32.875	-6.4194	2.6567	-9.0761
32.900	-6.4531	2.6435	-9.0967
32.925	-6.4869	2.6303	-9.1172
32.950	-6.5206	2.6172	-9.1378
32.975	-6.5543	2.6040	-9.1583
33.000	-6.5880	2.5908	-9.1788
33.025	-6.6216	2.5777	-9.1993
33.050	-6.6553	2.5646	-9.2198
33.075	-6.6889	2.5514	-9.2403
33.100	-6.7225	2.5383	-9.2608
33.125	-6.7560	2.5252	-9.2812
33.150	-6.7896	2.5121	-9.3017
33.175	-6.8231	2.4990	-9.3221
33.200	-6.8566	2.4859	-9.3425
33.225	-6.8901	2.4729	-9.3629
33.250	-6.9235	2.4598	-9.3833
33.275	-6.9569	2.4468	-9.4037
33.300	-6.9903	2.4338	-9.4240
33.325	-7.0236	2.4207	-9.4444
33.350	-7.0570	2.4077	-9.4647
33.375	-7.0902	2.3948	-9.4850
33.400	-7.1235	2.3818	-9.5053
33.425	-7.1567	2.3689	-9.5256
33.450	-7.1899	2.3559	-9.5458
33.475	-7.2230	2.3430	-9.5661
33.500	-7.2562	2.3301	-9.5863
33.525	-7.2892	2.3172	-9.6065
33.550	-7.3223	2.3044	-9.6267
33.575	-7.3553	2.2915	-9.6468
33.600	-7.3883	2.2787	-9.6670
33.625	-7.4212	2.2659	-9.6871
33.650	-7.4541	2.2531	-9.7072
33.675	-7.4869	2.2404	-9.7273
33.700	-7.5197	2.2276	-9.7473
33.725	-7.5525	2.2149	-9.7674
33.750	-7.5852	2.2022	-9.7874
33.775	-7.6179	2.1895	-9.8074
33.800	-7.6505	2.1769	-9.8274
33.825	-7.6831	2.1642	-9.8473
33.850	-7.7156	2.1516	-9.8673
33.875	-7.7481	2.1391	-9.8872
33.900	-7.7806	2.1265	-9.9071
33.925	-7.8130	2.1140	-9.9269
33.950	-7.8453	2.1015	-9.9468
33.975	-7.8776	2.0890	-9.9666
34.000	-7.9099	2.0765	-9.9864
34.025	-7.9421	2.0641	-10.0062
34.050	-7.9742	2.0517	-10.0259
34.075	-8.0063	2.0393	-10.0456
34.100	-8.0384	2.0270	-10.0653
34.125	-8.0703	2.0147	-10.0850
34.150	-8.1023	2.0024	-10.1047
34.175	-8.1342	1.9901	-10.1243
34.200	-8.1660	1.9779	-10.1439
34.225	-8.1978	1.9657	-10.1635
34.250	-8.2295	1.9535	-10.1830
34.275	-8.2611	1.9414	-10.2025
34.300	-8.2927	1.9293	-10.2220
34.325	-8.3243	1.9172	-10.2415
34.350	-8.3558	1.9052	-10.2609
34.375	-8.3872	1.8932	-10.2804
34.400	-8.4186	1.8812	-10.2998
34.425	-8.4499	1.8692	-10.3191
34.450	-8.4812	1.8573	-10.3385
34.475	-8.5123	1.8455	-10.3578
34.500	-8.5435	1.8336	-10.3771
34.525	-8.5745	1.8218	-10.3964
34.550	-8.6056	1.8100	-10.4156
34.575	-8.6365	1.7983	-10.4348
34.600	-8.6674	1.7866	-10.4540
34.625	-8.6982	1.7750	-10.4732
34.650	-8.7289	1.7633	-10.4923
34.675	-8.7596	1.7518	-10.5114
34.700	-8.7903	1.7402	-10.5305
34.725	-8.8208	1.7287	-10.5495
34.750	-8.8513	1.7172	-10.5685
34.775	-8.8817	1.7058	-10.5875
34.800	-8.9121	1.6944	-10.6065
34.825	-8.9424	1.6831	-10.6254
34.850	-8.9726	1.6718	-10.6443
34.875	-9.0027	1.6605	-10.6632
34.900	-9.0328	1.6493	-10.6820
34.925	-9.0628	1.6381	-10.7008
34.950	-9.0927	1.6269	-10.7196
34.975	-9.1225	1.6159	-10.7384
35.000	-9.1523	1.6048	-10.7571
35.025	-9.1820	1.5938	-10.7758
35.050	-9.2116	1.5828	-10.7944
35.075	-9.2412	1.5719	-10.8130
35.100	-9.2706	1.5610	-10.8316
35.125	-9.3000	1.5502	-10.8502
35.150	-9.3293	1.5394	-10.8687
35.175	-9.3586	1.5286	-10.8872
35.200	-9.3878	1.5179	-10.9057
35.225	-9.4168	1.5072	-10.9241
35.250	-9.4458	1.4966	-10.9425
35.275	-9.4748	1.4861	-10.9608
35.300	-9.5036	1.4755	-10.9791
35.325	-9.5324	1.4651	-10.9974
35.350	-9.5611	1.4546	-11.0157
35.375	-9.5897	1.4442	-11.0339
35.400	-9.6182	1.4339	-11.0521
35.425	-9.6466	1.4236	-11.0702
35.450	-9.6750	1.4134	-11.0883
35.475	-9.7032	1.4032	-11.1064
35.500	-9.7314	1.3930	-11.1244
35.525	-9.7595	1.3829	-11.1424
35.550	-9.7875	1.3729	-11.1604
35.575	-9.8154	1.3629	-11.1783
35.600	-9.8433	1.3529	-11.1962
35.625	-9.8710	1.3430	-11.2140
35.650	-9.8987	1.3331	-11.2318
35.675	-9.9263	1.3233	-11.2496
35.700	-9.9538	1.3136	-11.2674
35.725	-9.9812	1.3039	-11.2851
35.750	-10.0085	1.2942	-11.3027
35.775	-10.0357	1.2846	-11.3203
35.800	-10.0628	1.2751	-11.3379
35.825	-10.0899	1.2656	-11.3555
35.850	-10.1168	1.2562	-11.3730
35.875	-10.1437	1.2468	-11.3905
35.900	-10.1705	1.2374	-11.4079
35.925	-10.1972	1.2281	-11.4253
35.950	-10.2238	1.2189	-11.4427
35.975	-10.2503	1.2097	-11.4600
36.000	-10.2767	1.2005	-11.4773
36.025	-10.3031	1.1914	-11.4945
36.050	-10.3294	1.1823	-11.5117
36.075	-10.3556	1.1733	-11.5289
36.100	-10.3817	1.1643	-11.5460
36.125	-10.4078	1.1553	-11.5631
36.150	-10.4337	1.1464	-11.5802
36.175	-10.4596	1.1375	-11.5972
36.200	-10.4855	1.1287	-11.6141
36.225	-10.5112	1.1199	-11.6311
36.250	-10.5368	1.1112	-11.6480
36.275	-10.5624	1.1025	-11.6648
36.300	-10.5878	1.0938	-11.6816
36.325	-10.6132	1.0852	-11.6984
36.350	-10.6384	1.0767	-11.7151
36.375	-10.6636	1.0682	-11.7318
36.400	-10.6887	1.0598	-11.7485
36.425	-10.7136	1.0515	-11.7651
36.450	-10.7385	1.0432	-11.7817
36.475	-10.7632	1.0350	-11.7982
36.500	-10.7879	1.0268	-11.8147
36.525	-10.8124	1.0188	-11.8312
36.550	-10.8368	1.0108	-11.8476
36.575	-10.8611	1.0028	-11.8639
36.600	-10.8853	0.9950	-11.8803
36.625	-10.9094	0.9872	-11.8966
36.650	-10.9334	0.9794	-11.9128
36.675	-10.9572	0.9718	-11.9290
36.700	-10.9810	0.9642	-11.9452
36.725	-11.0047	0.9567	-11.9613
36.750	-11.0282	0.9492	-11.9774
36.775	-11.0516	0.9419	-11.9935
36.800	-11.0749	0.9346	-12.0095
36.825	-11.0981	0.9274	-12.0255
36.850	-11.1212	0.9202	-12.0414
36.875	-11.1441	0.9132	-12.0573
36.900	-11.1669	0.9062	-12.0731
36.925	-11.1897	0.8993	-12.0889
36.950	-11.2122	0.8925	-12.1047
36.975	-11.2347	0.8857	-12.1204
37.000	-11.2570	0.8791	-12.1361
37.025	-11.2792	0.8725	-12.1518
37.050	-11.3013	0.8661	-12.1674
37.075	-11.3233	0.8597	-12.1830
37.100	-11.3451	0.8534	-12.1985
37.125	-11.3668	0.8472	-12.2140
37.150	-11.3884	0.8410	-12.2294
37.175	-11.4099	0.8350	-12.2448
37.200	-11.4312	0.8290	-12.2602
37.225	-11.4525	0.8230	-12.2755
37.250	-11.4736	0.8172	-12.2908
37.275	-11.4946	0.8114	-12.3060
37.300	-11.5156	0.8057	-12.3212
37.325	-11.5364	0.8000	-12.3364
37.350	-11.5571	0.7944	-12.3515
37.375	-11.5777	0.7889	-12.3666
37.400	-11.5981	0.7835	-12.3816
37.425	-11.6185	0.7781	-12.3966
37.450	-11.6388	0.7728	-12.4116
37.475	-11.6589	0.7675	-12.4265
37.500	-11.6790	0.7624	-12.4413
37.525	-11.6989	0.7572	-12.4562
37.550	-11.7188	0.7522	-12.4709
37.575	-11.7385	0.7472	-12.4857
37.600	-11.7581	0.7423	-12.5004
37.625	-11.7777	0.7374	-12.5151
37.650	-11.7971	0.7325	-12.5297
37.675	-11.8165	0.7278	-12.5443
37.700	-11.8358	0.7230	-12.5588
37.725	-11.8549	0.7184	-12.5733
37.750	-11.8740	0.7138	-12.5878
37.775	-11.8929	0.7092	-12.6022
37.800	-11.9118	0.7047	-12.6166
37.825	-11.9306	0.7003	-12.6309
37.850	-11.9492	0.6960	-12.6452
37.875	-11.9677	0.6917	-12.6594
37.900	-11.9862	0.6875	-12.6736
37.925	-12.0045	0.6833	-12.6878
37.950	-12.0227	0.6792	-12.7019
37.975	-12.0408	0.6752	-12.7160
38.000	-12.0587	0.6713	-12.7301
38.025	-12.0766	0.6675	-12.7441
38.050	-12.0943	0.6637	-12.7580
38.075	-12.1119	0.6600	-12.7719
38.100	-12.1294	0.6564	-12.7858
38.125	-12.1468	0.6529	-12.7997
38.150	-12.1640	0.6495	-12.8135
38.175	-12.1811	0.6461	-12.8272
38.200	-12.1981	0.6428	-12.8409
38.225	-12.2150	0.6396	-12.8546
38.250	-12.2317	0.6365	-12.8682
38.275	-12.2483	0.6335	-12.8818
38.300	-12.2648	0.6305	-12.8954
38.325	-12.2812	0.6277	-12.9089
38.350	-12.2975	0.6249	-12.9224
38.375	-12.3136	0.6222	-12.9358
38.400	-12.3296	0.6196	-12.9492
38.425	-12.3454	0.6171	-12.9625
38.450	-12.3612	0.6147	-12.9758
38.475	-12.3768	0.6123	-12.9891
38.500	-12.3922	0.6101	-13.0023
38.525	-12.4076	0.6079	-13.0155
38.550	-12.4228	0.6059	-13.0287
38.575	-12.4379	0.6039	-13.0418
38.600	-12.4528	0.6020	-13.0549
38.625	-12.4676	0.6003	-13.0679
38.650	-12.4823	0.5986	-13.0809
38.675	-12.4968	0.5970	-13.0938
38.700	-12.5112	0.5955	-13.1067
38.725	-12.5255	0.5941	-13.1196
38.750	-12.5397	0.5928	-13.1324
38.775	-12.5537	0.5915	-13.1452
38.800	-12.5677	0.5903	-13.1580
38.825	-12.5815	0.5892	-13.1707
38.850	-12.5952	0.5882	-13.1834
38.875	-12.6088	0.5872	-13.1960
38.900	-12.6223	0.5863	-13.2086
38.925	-12.6357	0.5855	-13.2212
38.950	-12.6489	0.5848	-13.2337
38.975	-12.6620	0.5841	-13.2462
39.000	-12.6750	0.5836	-13.2586
39.025	-12.6880	0.5831	-13.2710
39.050	-12.7007	0.5827	-13.2834
39.075	-12.7134	0.5823	-13.2957
39.100	-12.7260	0.5820	-13.3080
39.125	-12.7384	0.5818	-13.3203
39.150	-12.7508	0.5817	-13.3325
39.175	-12.7630	0.5817	-13.3447
39.200	-12.7751	0.5817	-13.3568
39.225	-12.7871	0.5818	-13.3689
39.250	-12.7989	0.5820	-13.3810
39.275	-12.8107	0.5823	-13.3930
39.300	-12.8224	0.5826	-13.4050
39.325	-12.8339	0.5830	-13.4169
39.350	-12.8453	0.5835	-13.4288
39.375	-12.8566	0.5841	-13.4407
39.400	-12.8679	0.5847	-13.4526
39.425	-12.8790	0.5854	-13.4644
39.450	-12.8900	0.5862	-13.4761
39.475	-12.9009	0.5870	-13.4879
39.500	-12.9117	0.5879	-13.4995
39.525	-12.9223	0.5889	-13.5112
39.550	-12.9329	0.5899	-13.5228
39.575	-12.9435	0.5910	-13.5344
39.600	-12.9539	0.5921	-13.5460
39.625	-12.9642	0.5933	-13.5575
39.650	-12.9745	0.5945	-13.5690
39.675	-12.9846	0.5958	-13.5804
39.700	-12.9947	0.5971	-13.5918
39.725	-13.0046	0.5985	-13.6032
39.750	-13.0145	0.6000	-13.6145
39.775	-13.0243	0.6016	-13.6258
39.800	-13.0339	0.6032	-13.6371
39.825	-13.0435	0.6048	-13.6483
39.850	-13.0530	0.6066	-13.6595
39.875	-13.0623	0.6084	-13.6707
39.900	-13.0716	0.6102	-13.6818
39.925	-13.0808	0.6122	-13.6929
39.950	-13.0898	0.6142	-13.7040
39.975	-13.0988	0.6163	-13.7150
40.000	-13.1076	0.6184	-13.7260
40.025	-13.1163	0.6206	-13.7370
40.050	-13.1250	0.6229	-13.7479
40.075	-13.1335	0.6253	-13.7588
40.100	-13.1419	0.6277	-13.7697
40.125	-13.1503	0.6302	-13.7805
40.150	-13.1586	0.6327	-13.7913
40.175	-13.1668	0.6353	-13.8020
40.200	-13.1749	0.6379	-13.8128
40.225	-13.1829	0.6406	-13.8235
40.250	-13.1908	0.6434	-13.8341
40.275	-13.1986	0.6462	-13.8448
40.300	-13.2064	0.6490	-13.8554
40.325	-13.2140	0.6520	-13.8660
40.350	-13.2215	0.6550	-13.8765
40.375	-13.2290	0.6580	-13.8870
40.400	-13.2363	0.6612	-13.8975
40.425	-13.2436	0.6643	-13.9079
40.450	-13.2508	0.6676	-13.9184
40.475	-13.2578	0.6709	-13.9287
40.500	-13.2648	0.6743	-13.9391
40.525	-13.2716	0.6778	-13.9494
40.550	-13.2784	0.6813	-13.9598
40.575	-13.2851	0.6850	-13.9700
40.600	-13.2916	0.6887	-13.9803
40.625	-13.2981	0.6924	-13.9905
40.650	-13.3044	0.6963	-14.0007
40.675	-13.3107	0.7002	-14.0109
40.700	-13.3169	0.7041	-14.0210
40.725	-13.3230	0.7082	-14.0311
40.750	-13.3290	0.7123	-14.0412
40.775	-13.3349	0.7164	-14.0513
40.800	-13.3408	0.7206	-14.0614
40.825	-13.3466	0.7248	-14.0714
40.850	-13.3523	0.7291	-14.0813
40.875	-13.3579	0.7334	-14.0913
40.900	-13.3635	0.7377	-14.1012
40.925	-13.3690	0.7421	-14.1111
40.950	-13.3743	0.7466	-14.1209
40.975	-13.3796	0.7511	-14.1307
41.000	-13.3848	0.7557	-14.1405
41.025	-13.3899	0.7604	-14.1503
41.050	-13.3949	0.7651	-14.1600
41.075	-13.3998	0.7699	-14.1697
41.100	-13.4046	0.7748	-14.1794
41.125	-13.4093	0.7798	-14.1891
41.150	-13.4139	0.7847	-14.1987
41.175	-13.4185	0.7898	-14.2083
41.200	-13.4230	0.7949	-14.2179
41.225	-13.4274	0.8000	-14.2274
41.250	-13.4318	0.8052	-14.2370
41.275	-13.4360	0.8104	-14.2465
41.300	-13.4403	0.8157	-14.2560
41.325	-13.4445	0.8210	-14.2655
41.350	-13.4486	0.8263	-14.2749
41.375	-13.4527	0.8317	-14.2844
41.400	-13.4568	0.8371	-14.2939
41.425	-13.4608	0.8425	-14.3033
41.450	-13.4648	0.8480	-14.3128
41.475	-13.4688	0.8535	-14.3223
41.500	-13.4727	0.8590	-14.3318
41.525	-13.4767	0.8646	-14.3413
41.550	-13.4806	0.8702	-14.3508
41.575	-13.4845	0.8759	-14.3604
41.600	-13.4884	0.8817	-14.3701
41.625	-13.4923	0.8874	-14.3797
41.650	-13.4962	0.8933	-14.3895
41.675	-13.5002	0.8991	-14.3993
41.700	-13.5041	0.9051	-14.4092
41.725	-13.5081	0.9111	-14.4192
41.750	-13.5120	0.9171	-14.4292
41.775	-13.5159	0.9233	-14.4392
41.800	-13.5198	0.9295	-14.4493
41.825	-13.5236	0.9358	-14.4593
41.850	-13.5272	0.9421	-14.4693
41.875	-13.5308	0.9485	-14.4793
41.900	-13.5343	0.9550	-14.4893
41.925	-13.5376	0.9616	-14.4992
41.950	-13.5408	0.9683	-14.5091
41.975	-13.5439	0.9750	-14.5190
42.000	-13.5469	0.9819	-14.5288
42.025	-13.5498	0.9888	-14.5385
42.050	-13.5525	0.9957	-14.5483
42.075	-13.5552	1.0028	-14.5580
42.100	-13.5578	1.0099	-14.5677
42.125	-13.5602	1.0171	-14.5773
42.150	-13.5627	1.0243	-14.5870
42.175	-13.5650	1.0316	-14.5966
42.200	-13.5673	1.0389	-14.6061
42.225	-13.5695	1.0462	-14.6157
42.250	-13.5716	1.0536	-14.6252
42.275	-13.5737	1.0611	-14.6347
42.300	-13.5757	1.0685	-14.6442
42.325	-13.5776	1.0761	-14.6537
42.350	-13.5795	1.0837	-14.6631
42.375	-13.5813	1.0913	-14.6726
42.400	-13.5831	1.0989	-14.6820
42.425	-13.5848	1.1066	-14.6914
42.450	-13.5865	1.1142	-14.7008
42.475	-13.5882	1.1219	-14.7102
42.500	-13.5899	1.1296	-14.7195
42.525	-13.5916	1.1372	-14.7288
42.550	-13.5933	1.1448	-14.7381
42.575	-13.5949	1.1525	-14.7474
42.600	-13.5965	1.1601	-14.7566
42.625	-13.5981	1.1677	-14.7658
42.650	-13.5997	1.1753	-14.7750
42.675	-13.6013	1.1830	-14.7842
42.700	-13.6028	1.1906	-14.7934
42.725	-13.6044	1.1983	-14.8027
42.750	-13.6059	1.2060	-14.8119
42.775	-13.6075	1.2136	-14.8211
42.800	-13.6090	1.2213	-14.8304
42.825	-13.6106	1.2290	-14.8397
42.850	-13.6123	1.2367	-14.8490
42.875	-13.6139	1.2445	-14.8583
42.900	-13.6155	1.2522	-14.8677
42.925	-13.6171	1.2599	-14.8771
42.950	-13.6188	1.2677	-14.8865
42.975	-13.6205	1.2755	-14.8960
43.000	-13.6221	1.2833	-14.9054
43.025	-13.6238	1.2911	-14.9149
43.050	-13.6256	1.2989	-14.9245
43.075	-13.6273	1.3067	-14.9340
43.100	-13.6290	1.3146	-14.9436
43.125	-13.6308	1.3225	-14.9532
43.150	-13.6325	1.3304	-14.9629
43.175	-13.6342	1.3383	-14.9725
43.200	-13.6360	1.3463	-14.9822
43.225	-13.6377	1.3542	-14.9919
43.250	-13.6394	1.3622	-15.0016
43.275	-13.6410	1.3703	-15.0113
43.300	-13.6426	1.3783	-15.0210
43.325	-13.6442	1.3865	-15.0307
43.350	-13.6457	1.3946	-15.0403
43.375	-13.6472	1.4028	-15.0500
43.400	-13.6486	1.4111	-15.0597
43.425	-13.6500	1.4194	-15.0694
43.450	-13.6513	1.4278	-15.0791
43.475	-13.6525	1.4362	-15.0888
43.500	-13.6537	1.4448	-15.0985
43.525	-13.6548	1.4533	-15.1082
43.550	-13.6559	1.4620	-15.1179
43.575	-13.6569	1.4707	-15.1277
43.600	-13.6579	1.4795	-15.1374
43.625	-13.6587	1.4884	-15.1472
43.650	-13.6596	1.4974	-15.1569
43.675	-13.6603	1.5064	-15.1667
43.700	-13.6610	1.5155	-15.1766
43.725	-13.6617	1.5248	-15.1864
43.750	-13.6623	1.5341	-15.1963
43.775	-13.6629	1.5434	-15.2063
43.800	-13.6634	1.5529	-15.2163
43.825	-13.6640	1.5624	-15.2264
43.850	-13.6645	1.5719	-15.2365
43.875	-13.6651	1.5815	-15.2467
43.900	-13.6657	1.5912	-15.2569
43.925	-13.6663	1.6009	-15.2672
43.950	-13.6670	1.6107	-15.2776
43.975	-13.6677	1.6204	-15.2881
44.000	-13.6685	1.6302	-15.2987
44.025	-13.6694	1.6400	-15.3093
44.050	-13.6704	1.6497	-15.3201
44.075	-13.6714	1.6594	-15.3309
44.100	-13.6726	1.6692	-15.3417
44.125	-13.6738	1.6788	-15.3527
44.150	-13.6752	1.6885	-15.3637
44.175	-13.6767	1.6981	-15.3748
44.200	-13.6784	1.7077	-15.3860
44.225	-13.6802	1.7171	-15.3973
44.250	-13.6821	1.7266	-15.4087
44.275	-13.6841	1.7360	-15.4201
44.300	-13.6863	1.7453	-15.4317
44.325	-13.6886	1.7546	-15.4433
44.350	-13.6910	1.7639	-15.4549
44.375	-13.6936	1.7731	-15.4667
44.400	-13.6962	1.7822	-15.4784
44.425	-13.6990	1.7913	-15.4903
44.450	-13.7018	1.8002	-15.5021
44.475	-13.7048	1.8091	-15.5139
44.500	-13.7078	1.8180	-15.5258
44.525	-13.7110	1.8267	-15.5377
44.550	-13.7142	1.8354	-15.5496
44.575	-13.7175	1.8441	-15.5615
44.600	-13.7209	1.8526	-15.5735
44.625	-13.7244	1.8611	-15.5855
44.650	-13.7279	1.8696	-15.5975
44.675	-13.7316	1.8780	-15.6096
44.700	-13.7354	1.8864	-15.6218
44.725	-13.7392	1.8947	-15.6339
44.750	-13.7430	1.9030	-15.6461
44.775	-13.7469	1.9113	-15.6582
44.800	-13.7508	1.9195	-15.6704
44.825	-13.7548	1.9277	-15.6825
44.850	-13.7587	1.9358	-15.6945
44.875	-13.7627	1.9439	-15.7065
44.900	-13.7667	1.9519	-15.7186
44.925	-13.7709	1.9598	-15.7307
44.950	-13.7752	1.9677	-15.7429
44.975	-13.7797	1.9755	-15.7552
45.000	-13.7843	1.9833	-15.7676
45.025	-13.7891	1.9911	-15.7802
45.050	-13.7941	1.9988	-15.7928
45.075	-13.7992	2.0064	-15.8056
45.100	-13.8044	2.0141	-15.8185
45.125	-13.8098	2.0217	-15.8315
45.150	-13.8153	2.0294	-15.8446
45.175	-13.8209	2.0370	-15.8579
45.200	-13.8266	2.0446	-15.8712
45.225	-13.8324	2.0522	-15.8846
45.250	-13.8384	2.0598	-15.8982
45.275	-13.8444	2.0673	-15.9118
45.300	-13.8506	2.0749	-15.9255
45.325	-13.8568	2.0824	-15.9392
45.350	-13.8630	2.0899	-15.9530
45.375	-13.8694	2.0974	-15.9668
45.400	-13.8758	2.1049	-15.9807
45.425	-13.8823	2.1123	-15.9946
45.450	-13.8888	2.1197	-16.0085
45.475	-13.8955	2.1271	-16.0226
45.500	-13.9022	2.1344	-16.0366
45.525	-13.9090	2.1418	-16.0508
45.550	-13.9158	2.1491	-16.0649
45.575	-13.9227	2.1564	-16.0791
45.600	-13.9297	2.1636	-16.0933
45.625	-13.9367	2.1709	-16.1075
45.650	-13.9436	2.1781	-16.1217
45.675	-13.9506	2.1853	-16.1359
45.700	-13.9576	2.1924	-16.1500
45.725	-13.9646	2.1995	-16.1640
45.750	-13.9715	2.2065	-16.1781
45.775	-13.9786	2.2135	-16.1921
45.800	-13.9857	2.2205	-16.2062
45.825	-13.9930	2.2274	-16.2203
45.850	-14.0004	2.2342	-16.2346
45.875	-14.0079	2.2410	-16.2489
45.900	-14.0155	2.2477	-16.2632
45.925	-14.0231	2.2545	-16.2776
45.950	-14.0307	2.2611	-16.2919
45.975	-14.0383	2.2678	-16.3061
46.000	-14.0459	2.2744	-16.3203
46.025	-14.0535	2.2810	-16.3345
46.050	-14.0612	2.2875	-16.3487
46.075	-14.0689	2.2940	-16.3629
46.100	-14.0766	2.3005	-16.3771
46.125	-14.0844	2.3069	-16.3913
46.150	-14.0923	2.3133	-16.4056
46.175	-14.1002	2.3197	-16.4199
46.200	-14.1083	2.3260	-16.4343
46.225	-14.1165	2.3323	-16.4489
46.250	-14.1249	2.3386	-16.4636
46.275	-14.1335	2.3449	-16.4784
46.300	-14.1422	2.3512	-16.4934
46.325	-14.1511	2.3575	-16.5086
46.350	-14.1602	2.3638	-16.5240
46.375	-14.1694	2.3701	-16.5395
46.400	-14.1788	2.3764	-16.5552
46.425	-14.1884	2.3826	-16.5710
46.450	-14.1981	2.3889	-16.5870
46.475	-14.2079	2.3952	-16.6031
46.500	-14.2178	2.4014	-16.6193
46.525	-14.2279	2.4077	-16.6356
46.550	-14.2380	2.4140	-16.6520
46.575	-14.2482	2.4204	-16.6685
46.600	-14.2584	2.4268	-16.6852
46.625	-14.2687	2.4332	-16.7020
46.650	-14.2792	2.4397	-16.7189
46.675	-14.2897	2.4462	-16.7359
46.700	-14.3003	2.4526	-16.7530
46.725	-14.3111	2.4591	-16.7702
46.750	-14.3220	2.4655	-16.7875
46.775	-14.3329	2.4719	-16.8048
46.800	-14.3439	2.4783	-16.8223
46.825	-14.3550	2.4847	-16.8397
46.850	-14.3661	2.4911	-16.8572
46.875	-14.3772	2.4975	-16.8747
46.900	-14.3884	2.5038	-16.8922
46.925	-14.3996	2.5102	-16.9098
46.950	-14.4109	2.5166	-16.9275
46.975	-14.4224	2.5229	-16.9453
47.000	-14.4340	2.5293	-16.9633
47.025	-14.4458	2.5356	-16.9814
47.050	-14.4577	2.5420	-16.9996
47.075	-14.4697	2.5483	-17.0180
47.100	-14.4819	2.5546	-17.0365
47.125	-14.4942	2.5609	-17.0550
47.150	-14.5066	2.5671	-17.0737
47.175	-14.5191	2.5734	-17.0924
47.200	-14.5317	2.5796	-17.1113
47.225	-14.5445	2.5857	-17.1302
47.250	-14.5574	2.5918	-17.1492
47.275	-14.5704	2.5979	-17.1683
47.300	-14.5835	2.6039	-17.1874
47.325	-14.5968	2.6099	-17.2067
47.350	-14.6103	2.6158	-17.2261
47.375	-14.6239	2.6217	-17.2456
47.400	-14.6377	2.6275	-17.2652
47.425	-14.6518	2.6332	-17.2850
47.450	-14.6661	2.6389	-17.3050
47.475	-14.6806	2.6444	-17.3251
47.500	-14.6954	2.6499	-17.3453
47.525	-14.7104	2.6553	-17.3658
47.550	-14.7257	2.6606	-17.3863
47.575	-14.7411	2.6658	-17.4069
47.600	-14.7567	2.6709	-17.4276
47.625	-14.7724	2.6759	-17.4483
47.650	-14.7882	2.6809	-17.4691
47.675	-14.8043	2.6858	-17.4901
47.700	-14.8205	2.6906	-17.5111
47.725	-14.8370	2.6954	-17.5324
47.750	-14.8538	2.7001	-17.5539
47.775	-14.8708	2.7048	-17.5755
47.800	-14.8880	2.7094	-17.5974
47.825	-14.9055	2.7140	-17.6195
47.850	-14.9232	2.7185	-17.6417
47.875	-14.9411	2.7230	-17.6641
47.900	-14.9592	2.7275	-17.6867
47.925	-14.9775	2.7319	-17.7094
47.950	-14.9960	2.7362	-17.7322
47.975	-15.0146	2.7405	-17.7552
48.000	-15.0335	2.7448	-17.7783
48.025	-15.0526	2.7491	-17.8016
48.050	-15.0719	2.7533	-17.8252
48.075	-15.0914	2.7575	-17.8489
48.100	-15.1112	2.7617	-17.8729
48.125	-15.1312	2.7659	-17.8972
48.150	-15.1514	2.7701	-17.9215
48.175	-15.1717	2.7743	-17.9461
48.200	-15.1922	2.7786	-17.9708
48.225	-15.2128	2.7828	-17.9956
48.250	-15.2335	2.7871	-18.0206
48.275	-15.2544	2.7914	-18.0458
48.300	-15.2756	2.7956	-18.0712
48.325	-15.2971	2.7999	-18.0969
48.350	-15.3188	2.8041	-18.1229
48.375	-15.3409	2.8083	-18.1492
48.400	-15.3633	2.8124	-18.1757
48.425	-15.3860	2.8166	-18.2025
48.450	-15.4089	2.8207	-18.2296
48.475	-15.4322	2.8248	-18.2570
48.500	-15.4558	2.8288	-18.2846
48.525	-15.4797	2.8327	-18.3124
48.550	-15.5039	2.8367	-18.3405
48.575	-15.5284	2.8405	-18.3689
48.600	-15.5532	2.8443	-18.3975
48.625	-15.5784	2.8480	-18.4264
48.650	-15.6039	2.8517	-18.4556
48.675	-15.6298	2.8553	-18.4851
48.700	-15.6561	2.8589	-18.5150
48.725	-15.6827	2.8624	-18.5451
48.750	-15.7098	2.8659	-18.5757
48.775	-15.7373	2.8693	-18.6065
48.800	-15.7651	2.8726	-18.6377
48.825	-15.7934	2.8759	-18.6693
48.850	-15.8221	2.8791	-18.7012
48.875	-15.8512	2.8823	-18.7335
48.900	-15.8807	2.8855	-18.7661
48.925	-15.9105	2.8885	-18.7991
48.950	-15.9408	2.8916	-18.8324
48.975	-15.9715	2.8946	-18.8660
49.000	-16.0025	2.8975	-18.9000
49.025	-16.0340	2.9003	-18.9343
49.050	-16.0658	2.9032	-18.9689
49.075	-16.0979	2.9059	-19.0039
49.100	-16.1304	2.9086	-19.0391
49.125	-16.1633	2.9113	-19.0746
49.150	-16.1965	2.9139	-19.1104
49.175	-16.2301	2.9164	-19.1466
49.200	-16.2641	2.9189	-19.1830
49.225	-16.2984	2.9213	-19.2197
49.250	-16.3330	2.9237	-19.2567
49.275	-16.3680	2.9259	-19.2939
49.300	-16.4032	2.9281	-19.3314
49.325	-16.4388	2.9303	-19.3690
49.350	-16.4745	2.9324	-19.4069
49.375	-16.5105	2.9344	-19.4448
49.400	-16.5466	2.9363	-19.4828
49.425	-16.5827	2.9381	-19.5208
49.450	-16.6188	2.9399	-19.5587
49.475	-16.6549	2.9416	-19.5964
49.500	-16.6908	2.9431	-19.6339
49.525	-16.7267	2.9446	-19.6713
49.550	-16.7626	2.9461	-19.7086
49.575	-16.7985	2.9474	-19.7459
49.600	-16.8346	2.9487	-19.7833
49.625	-16.8708	2.9499	-19.8206
49.650	-16.9071	2.9510	-19.8581
49.675	-16.9435	2.9521	-19.8956
49.700	-16.9800	2.9531	-19.9331
49.725	-17.0165	2.9540	-19.9705
49.750	-17.0531	2.9548	-20.0080
49.775	-17.0898	2.9556	-20.0453
49.800	-17.1265	2.9562	-20.0827
49.825	-17.1632	2.9568	-20.1200
49.850	-17.2000	2.9573	-20.1573
49.875	-17.2368	2.9577	-20.1945
49.900	-17.2735	2.9581	-20.2316
49.925	-17.3103	2.9583	-20.2686
49.950	-17.3472	2.9584	-20.3056
49.975	-17.3844	2.9584	-20.3429
50.000	-17.4221	2.9583	-20.3804
50.025	-17.4602	2.9581	-20.4183
50.050	-17.4988	2.9578	-20.4566
50.075	-17.5379	2.9574	-20.4953
50.100	-17.5775	2.9568	-20.5343
50.125	-17.6175	2.9562	-20.5737
50.150	-17.6579	2.9555	-20.6134
50.175	-17.6987	2.9547	-20.6534
50.200	-17.7400	2.9537	-20.6937
50.225	-17.7816	2.9527	-20.7343
50.250	-17.8237	2.9516	-20.7753
50.275	-17.8661	2.9504	-20.8166
50.300	-17.9090	2.9492	-20.8582
50.325	-17.9523	2.9478	-20.9001
50.350	-17.9960	2.9463	-20.9423
50.375	-18.0401	2.9448	-20.9849
50.400	-18.0847	2.9432	-21.0278
50.425	-18.1296	2.9415	-21.0710
50.450	-18.1748	2.9397	-21.1145
50.475	-18.2203	2.9378	-21.1581
50.500	-18.2661	2.9358	-21.2020
50.525	-18.3122	2.9338	-21.2460
50.550	-18.3584	2.9317	-21.2901
50.575	-18.4049	2.9295	-21.3344
50.600	-18.4516	2.9273	-21.3789
50.625	-18.4986	2.9250	-21.4236
50.650	-18.5460	2.9226	-21.4686
50.675	-18.5938	2.9201	-21.5139
50.700	-18.6419	2.9176	-21.5595
50.725	-18.6904	2.9151	-21.6055
50.750	-18.7393	2.9124	-21.6517
50.775	-18.7885	2.9097	-21.6982
50.800	-18.8380	2.9070	-21.7450
50.825	-18.8877	2.9043	-21.7920
50.850	-18.9378	2.9014	-21.8392
50.875	-18.9881	2.8986	-21.8867
50.900	-19.0387	2.8956	-21.9344
50.925	-19.0895	2.8927	-21.9822
50.950	-19.1407	2.8896	-22.0303
50.975	-19.1922	2.8866	-22.0787
51.000	-19.2441	2.8834	-22.1275
51.025	-19.2964	2.8803	-22.1766
51.050	-19.3491	2.8770	-22.2262
51.075	-19.4024	2.8738	-22.2762
51.100	-19.4561	2.8705	-22.3266
51.125	-19.5103	2.8671	-22.3774
51.150	-19.5649	2.8637	-22.4286
51.175	-19.6200	2.8601	-22.4801
51.200	-19.6754	2.8566	-22.5320
51.225	-19.7312	2.8529	-22.5841
51.250	-19.7871	2.8492	-22.6363
51.275	-19.8432	2.8454	-22.6886
51.300	-19.8994	2.8415	-22.7408
51.325	-19.9555	2.8375	-22.7931
51.350	-20.0117	2.8336	-22.8453
51.375	-20.0681	2.8295	-22.8976
51.400	-20.1246	2.8254	-22.9500
51.425	-20.1813	2.8212	-23.0025
51.450	-20.2383	2.8170	-23.0553
51.475	-20.2954	2.8127	-23.1082
51.500	-20.3528	2.8084	-23.1613
51.525	-20.4103	2.8041	-23.2144
51.550	-20.4679	2.7997	-23.2676
51.575	-20.5255	2.7953	-23.3208
51.600	-20.5832	2.7908	-23.3740
51.625	-20.6407	2.7864	-23.4270
51.650	-20.6981	2.7818	-23.4799
51.675	-20.7553	2.7773	-23.5326
51.700	-20.8124	2.7727	-23.5851
51.725	-20.8695	2.7681	-23.6377
51.750	-20.9268	2.7635	-23.6903
51.775	-20.9843	2.7588	-23.7431
51.800	-21.0421	2.7541	-23.7963
51.825	-21.1004	2.7494	-23.8497
51.850	-21.1590	2.7446	-23.9036
51.875	-21.2180	2.7398	-23.9578
51.900	-21.2774	2.7350	-24.0124
51.925	-21.3372	2.7301	-24.0673
51.950	-21.3974	2.7252	-24.1226
51.975	-21.4580	2.7203	-24.1782
52.000	-21.5188	2.7153	-24.2342
52.025	-21.5800	2.7104	-24.2904
52.050	-21.6416	2.7054	-24.3470
52.075	-21.7036	2.7004	-24.4040
52.100	-21.7661	2.6953	-24.4614
52.125	-21.8290	2.6902	-24.5191
52.150	-21.8923	2.6850	-24.5773
52.175	-21.9561	2.6798	-24.6359
52.200	-22.0204	2.6745	-24.6949
52.225	-22.0851	2.6692	-24.7543
52.250	-22.1502	2.6638	-24.8140
52.275	-22.2156	2.6584	-24.8740
52.300	-22.2814	2.6530	-24.9344
52.325	-22.3477	2.6475	-24.9951
52.350	-22.4142	2.6420	-25.0562
52.375	-22.4812	2.6364	-25.1176
52.400	-22.5486	2.6308	-25.1794
52.425	-22.6163	2.6252	-25.2415
52.450	-22.6844	2.6196	-25.3040
52.475	-22.7530	2.6139	-25.3669
52.500	-22.8221	2.6081	-25.4302
52.525	-22.8916	2.6024	-25.4939
52.550	-22.9616	2.5965	-25.5581
52.575	-23.0321	2.5906	-25.6227
52.600	-23.1030	2.5847	-25.6877
52.625	-23.1744	2.5787	-25.7531
52.650	-23.2462	2.5726	-25.8188
52.675	-23.3183	2.5665	-25.8848
52.700	-23.3908	2.5603	-25.9510
52.725	-23.4635	2.5540	-26.0175
52.750	-23.5366	2.5477	-26.0843
52.775	-23.6101	2.5413	-26.1514
52.800	-23.6839	2.5349	-26.2188
52.825	-23.7581	2.5284	-26.2865
52.850	-23.8328	2.5219	-26.3547
52.875	-23.9079	2.5152	-26.4231
52.900	-23.9833	2.5086	-26.4919
52.925	-24.0589	2.5019	-26.5608
52.950	-24.1348	2.4951	-26.6299
52.975	-24.2108	2.4882	-26.6991
53.000	-24.2869	2.4813	-26.7683
53.025	-24.3632	2.4744	-26.8376
53.050	-24.4396	2.4674	-26.9070
53.075	-24.5163	2.4603	-26.9766
53.100	-24.5933	2.4532	-27.0465
53.125	-24.6707	2.4460	-27.1167
53.150	-24.7485	2.4388	-27.1873
53.175	-24.8266	2.4315	-27.2582
53.200	-24.9052	2.4242	-27.3294
53.225	-24.9841	2.4168	-27.4009
53.250	-25.0632	2.4094	-27.4726
53.275	-25.1426	2.4019	-27.5445
53.300	-25.2222	2.3943	-27.6165
53.325	-25.3019	2.3867	-27.6887
53.350	-25.3819	2.3791	-27.7610
53.375	-25.4622	2.3714	-27.8336
53.400	-25.5429	2.3637	-27.9065
53.425	-25.6240	2.3559	-27.9798
53.450	-25.7055	2.3480	-28.0536
53.475	-25.7876	2.3401	-28.1277
53.500	-25.8701	2.3322	-28.2023
53.525	-25.9531	2.3242	-28.2773
53.550	-26.0366	2.3162	-28.3527
53.575	-26.1206	2.3081	-28.4287
53.600	-26.2051	2.3000	-28.5051
53.625	-26.2903	2.2918	-28.5821
53.650	-26.3760	2.2836	-28.6595
53.675	-26.4621	2.2753	-28.7374
53.700	-26.5486	2.2670	-28.8157
53.725	-26.6355	2.2587	-28.8941
53.750	-26.7225	2.2503	-28.9728
53.775	-26.8098	2.2418	-29.0516
53.800	-26.8972	2.2334	-29.1306
53.825	-26.9850	2.2249	-29.2098
53.850	-27.0730	2.2163	-29.2893
53.875	-27.1613	2.2077	-29.3690
53.900	-27.2500	2.1991	-29.4491
53.925	-27.3390	2.1904	-29.5294
53.950	-27.4284	2.1817	-29.6100
53.975	-27.5179	2.1729	-29.6908
54.000	-27.6076	2.1641	-29.7717
54.025	-27.6972	2.1553	-29.8525
54.050	-27.7867	2.1464	-29.9332
54.075	-27.8760	2.1375	-30.0135
54.100	-27.9648	2.1286	-30.0933
54.125	-28.0532	2.1196	-30.1728
54.150	-28.1411	2.1106	-30.2517
54.175	-28.2288	2.1015	-30.3303
54.200	-28.3161	2.0925	-30.4086
54.225	-28.4033	2.0834	-30.4866
54.250	-28.4902	2.0742	-30.5644
54.275	-28.5770	2.0651	-30.6421
54.300	-28.6637	2.0559	-30.7195
54.325	-28.7503	2.0466	-30.7969
54.350	-28.8367	2.0373	-30.8741
54.375	-28.9231	2.0280	-30.9511
54.400	-29.0093	2.0187	-31.0280
54.425	-29.0955	2.0093	-31.1048
54.450	-29.1816	1.9999	-31.1816
54.475	-29.2678	1.9905	-31.2583
54.500	-29.3542	1.9810	-31.3352
54.525	-29.4406	1.9716	-31.4122
54.550	-29.5272	1.9620	-31.4892
54.575	-29.6139	1.9525	-31.5664
54.600	-29.7008	1.9429	-31.6437
54.625	-29.7879	1.9332	-31.7211
54.650	-29.8753	1.9236	-31.7989
54.675	-29.9631	1.9138	-31.8769
54.700	-30.0512	1.9041	-31.9553
54.725	-30.1396	1.8943	-32.0340
54.750	-30.2284	1.8845	-32.1130
54.775	-30.3175	1.8747	-32.1922
54.800	-30.4069	1.8648	-32.2717
54.825	-30.4964	1.8549	-32.3513
54.850	-30.5860	1.8450	-32.4309
54.875	-30.6755	1.8350	-32.5105
54.900	-30.7651	1.8250	-32.5901
54.925	-30.8547	1.8149	-32.6696
54.950	-30.9444	1.8048	-32.7492
54.975	-31.0341	1.7947	-32.8288
55.000	-31.1240	1.7846	-32.9085
55.025	-31.2139	1.7744	-32.9883
55.050	-31.3040	1.7642	-33.0682
55.075	-31.3941	1.7539	-33.1481
55.100	-31.4843	1.7437	-33.2280
55.125	-31.5744	1.7334	-33.3078
55.150	-31.6643	1.7230	-33.3873
55.175	-31.7538	1.7127	-33.4665
55.200	-31.8430	1.7023	-33.5453
55.225	-31.9319	1.6919	-33.6238
55.250	-32.0204	1.6814	-33.7019
55.275	-32.1088	1.6710	-33.7798
55.300	-32.1971	1.6605	-33.8576
55.325	-32.2854	1.6500	-33.9354
55.350	-32.3737	1.6394	-34.0131
55.375	-32.4621	1.6289	-34.0909
55.400	-32.5505	1.6183	-34.1688
55.425	-32.6389	1.6077	-34.2466
55.450	-32.7272	1.5970	-34.3242
55.475	-32.8154	1.5864	-34.4017
55.500	-32.9033	1.5757	-34.4790
55.525	-32.9909	1.5650	-34.5559
55.550	-33.0783	1.5542	-34.6325
55.575	-33.1653	1.5435	-34.7088
55.600	-33.2522	1.5327	-34.7849
55.625	-33.3390	1.5219	-34.8609
55.650	-33.4258	1.5111	-34.9368
55.675	-33.5127	1.5002	-35.0129
55.700	-33.5998	1.4894	-35.0892
55.725	-33.6872	1.4785	-35.1657
55.750	-33.7749	1.4676	-35.2425
55.775	-33.8628	1.4566	-35.3194
55.800	-33.9509	1.4457	-35.3965
55.825	-34.0391	1.4347	-35.4738
55.850	-34.1276	1.4237	-35.5513
55.875	-34.2163	1.4127	-35.6290
55.900	-34.3052	1.4016	-35.7069
55.925	-34.3944	1.3906	-35.7850
55.950	-34.4839	1.3795	-35.8634
55.975	-34.5735	1.3684	-35.9419
56.000	-34.6634	1.3573	-36.0207
56.025	-34.7535	1.3461	-36.0997
56.050	-34.8439	1.3350	-36.1788
56.075	-34.9344	1.3238	-36.2581
56.100	-35.0250	1.3126	-36.3376
56.125	-35.1159	1.3013	-36.4172
56.150	-35.2069	1.2901	-36.4970
56.175	-35.2980	1.2788	-36.5768
56.200	-35.3892	1.2676	-36.6567
56.225	-35.4804	1.2563	-36.7367
56.250	-35.5716	1.2450	-36.8166
56.275	-35.6628	1.2337	-36.8964
56.300	-35.7539	1.2223	-36.9762
56.325	-35.8448	1.2110	-37.0558
56.350	-35.9357	1.1996	-37.1353
56.375	-36.0266	1.1882	-37.2148
56.400	-36.1175	1.1768	-37.2943
56.425	-36.2084	1.1654	-37.3738
56.450	-36.2995	1.1539	-37.4534
56.475	-36.3906	1.1425	-37.5331
56.500	-36.4817	1.1310	-37.6127
56.525	-36.5727	1.1195	-37.6922
56.550	-36.6636	1.1081	-37.7716
56.575	-36.7543	1.0966	-37.8508
56.600	-36.8449	1.0850	-37.9300
56.625	-36.9355	1.0735	-38.0090
56.650	-37.0261	1.0620	-38.0881
56.675	-37.1167	1.0504	-38.1671
56.700	-37.2073	1.0389	-38.2462
56.725	-37.2979	1.0273	-38.3252
56.750	-37.3885	1.0157	-38.4043
56.775	-37.4791	1.0041	-38.4833
56.800	-37.5698	0.9925	-38.5623
56.825	-37.6603	0.9809	-38.6413
56.850	-37.7509	0.9693	-38.7202
56.875	-37.8414	0.9577	-38.7991
56.900	-37.9318	0.9461	-38.8779
56.925	-38.0221	0.9344	-38.9566
56.950	-38.1124	0.9228	-39.0352
56.975	-38.2025	0.9111	-39.1137
57.000	-38.2926	0.8995	-39.1921
57.025	-38.3826	0.8878	-39.2704
57.050	-38.4726	0.8761	-39.3487
57.075	-38.5625	0.8644	-39.4269
57.100	-38.6523	0.8527	-39.5050
57.125	-38.7420	0.8410	-39.5830
57.150	-38.8315	0.8293	-39.6608
57.175	-38.9209	0.8176	-39.7385
57.200	-39.0100	0.8059	-39.8159
57.225	-39.0990	0.7942	-39.8932
57.250	-39.1879	0.7824	-39.9703
57.275	-39.2768	0.7707	-40.0475
57.300	-39.3656	0.7589	-40.1245
57.325	-39.4543	0.7472	-40.2015
57.350	-39.5429	0.7354	-40.2783
57.375	-39.6313	0.7237	-40.3550
57.400	-39.7196	0.7119	-40.4315
57.425	-39.8078	0.7001	-40.5079
57.450	-39.8959	0.6883	-40.5842
57.475	-39.9840	0.6765	-40.6605
57.500	-40.0720	0.6647	-40.7368
57.525	-40.1602	0.6529	-40.8131
57.550	-40.2483	0.6411	-40.8894
57.575	-40.3365	0.6293	-40.9658
57.600	-40.4247	0.6174	-41.0421
57.625	-40.5128	0.6056	-41.1184
57.650	-40.6008	0.5938	-41.1945
57.675	-40.6887	0.5819	-41.2706
57.700	-40.7765	0.5701	-41.3466
57.725	-40.8643	0.5582	-41.4225
57.750	-40.9521	0.5463	-41.4984
57.775	-41.0399	0.5345	-41.5744
57.800	-41.1280	0.5226	-41.6505
57.825	-41.2162	0.5107	-41.7269
57.850	-41.3046	0.4988	-41.8034
57.875	-41.3931	0.4869	-41.8800
57.900	-41.4818	0.4750	-41.9568
57.925	-41.5707	0.4631	-42.0338
57.950	-41.6597	0.4512	-42.1109
57.975	-41.7488	0.4393	-42.1880
58.000	-41.8380	0.4273	-42.2653
58.025	-41.9272	0.4154	-42.3426
58.050	-42.0166	0.4035	-42.4201
58.075	-42.1060	0.3915	-42.4976
58.100	-42.1956	0.3796	-42.5752
58.125	-42.2853	0.3676	-42.6529
58.150	-42.3752	0.3557	-42.7309
58.175	-42.4652	0.3437	-42.8089
58.200	-42.5554	0.3317	-42.8872
58.225	-42.6458	0.3198	-42.9656
58.250	-42.7364	0.3078	-43.0442
58.275	-42.8272	0.2958	-43.1230
58.300	-42.9181	0.2838	-43.2019
58.325	-43.0092	0.2718	-43.2810
58.350	-43.1004	0.2598	-43.3602
58.375	-43.1917	0.2478	-43.4395
58.400	-43.2832	0.2358	-43.5190
58.425	-43.3748	0.2238	-43.5985
58.450	-43.4664	0.2118	-43.6782
58.475	-43.5581	0.1997	-43.7578
58.500	-43.6498	0.1877	-43.8375
58.525	-43.7415	0.1756	-43.9171
58.550	-43.8332	0.1636	-43.9968
58.575	-43.9248	0.1516	-44.0764
58.600	-44.0165	0.1395	-44.1560
58.625	-44.1083	0.1274	-44.2357
58.650	-44.2001	0.1154	-44.3155
58.675	-44.2920	0.1033	-44.3953
58.700	-44.3840	0.0912	-44.4752
58.725	-44.4760	0.0791	-44.5551
58.750	-44.5680	0.0670	-44.6351
58.775	-44.6601	0.0549	-44.7150
58.800	-44.7522	0.0428	-44.7950
58.825	-44.8443	0.0307	-44.8750
58.850	-44.9364	0.0186	-44.9549
58.875	-45.0284	0.0064	-45.0348
58.900	-45.1204	-0.0057	-45.1146
58.925	-45.2122	-0.0179	-45.1943
58.950	-45.3040	-0.0301	-45.2739
58.975	-45.3957	-0.0423	-45.3534
59.000	-45.4873	-0.0545	-45.4327
59.025	-45.5787	-0.0668	-45.5119
59.050	-45.6699	-0.0791	-45.5908
59.075	-45.7609	-0.0913	-45.6696
59.100	-45.8517	-0.1036	-45.7481
59.125	-45.9422	-0.1159	-45.8262
59.150	-46.0323	-0.1283	-45.9041
59.175	-46.1222	-0.1406	-45.9816
59.200	-46.2117	-0.1529	-46.0588
59.225	-46.3011	-0.1653	-46.1358
59.250	-46.3903	-0.1776	-46.2126
59.275	-46.4793	-0.1900	-46.2893
59.300	-46.5683	-0.2023	-46.3659
59.325	-46.6572	-0.2147	-46.4425
59.350	-46.7460	-0.2271	-46.5189
59.375	-46.8347	-0.2395	-46.5952
59.400	-46.9234	-0.2519	-46.6715
59.425	-47.0119	-0.2643	-46.7476
59.450	-47.1004	-0.2767	-46.8237
59.475	-47.1887	-0.2891	-46.8996
59.500	-47.2769	-0.3015	-46.9754
59.525	-47.3649	-0.3139	-47.0510
59.550	-47.4528	-0.3263	-47.1265
59.575	-47.5405	-0.3388	-47.2018
59.600	-47.6280	-0.3512	-47.2768
59.625	-47.7153	-0.3636	-47.3516
59.650	-47.8023	-0.3760	-47.4262
59.675	-47.8891	-0.3885	-47.5006
59.700	-47.9757	-0.4009	-47.5748
59.725	-48.0622	-0.4133	-47.6488
59.750	-48.1485	-0.4258	-47.7227
59.775	-48.2346	-0.4382	-47.7964
59.800	-48.3207	-0.4507	-47.8700
59.825	-48.4066	-0.4631	-47.9435
59.850	-48.4925	-0.4755	-48.0169
59.875	-48.5781	-0.4880	-48.0901
59.900	-48.6637	-0.5005	-48.1632
59.925	-48.7491	-0.5129	-48.2362
59.950	-48.8343	-0.5254	-48.3090
59.975	-48.9194	-0.5378	-48.3816
60.000	-49.0043	-0.5503	-48.4540
60.025	-49.0890	-0.5628	-48.5262
60.050	-49.1734	-0.5752	-48.5982
60.075	-49.2576	-0.5877	-48.6699
60.100	-49.3415	-0.6002	-48.7413
60.125	-49.4251	-0.6126	-48.8124
60.150	-49.5083	-0.6251	-48.8831
60.175	-49.5911	-0.6376	-48.9535
60.200	-49.6735	-0.6501	-49.0234
60.225	-49.7555	-0.6626	-49.0930
60.250	-49.8372	-0.6750	-49.1621
60.275	-49.9184	-0.6875	-49.2309
60.300	-49.9993	-0.7000	-49.2993
60.325	-50.0798	-0.7125	-49.3673
60.350	-50.1599	-0.7250	-49.4349
60.375	-50.2397	-0.7375	-49.5022
60.400	-50.3192	-0.7500	-49.5692
60.425	-50.3983	-0.7624	-49.6359
60.450	-50.4772	-0.7749	-49.7023
60.475	-50.5559	-0.7874	-49.7685
60.500	-50.6343	-0.7999	-49.8344
60.525	-50.7124	-0.8124	-49.9000
60.550	-50.7903	-0.8248	-49.9654
60.575	-50.8679	-0.8373	-50.0306
60.600	-50.9452	-0.8498	-50.0954
60.625	-51.0223	-0.8623	-50.1601
60.650	-51.0992	-0.8747	-50.2244
60.675	-51.1757	-0.8872	-50.2885
60.700	-51.2519	-0.8996	-50.3523
60.725	-51.3278	-0.9121	-50.4157
60.750	-51.4034	-0.9245	-50.4789
60.775	-51.4786	-0.9370	-50.5416
60.800	-51.5534	-0.9494	-50.6039
60.825	-51.6277	-0.9618	-50.6659
60.850	-51.7017	-0.9743	-50.7275
60.875	-51.7754	-0.9867	-50.7887
60.900	-51.8487	-0.9991	-50.8496
60.925	-51.9218	-1.0115	-50.9104
60.950	-51.9948	-1.0238	-50.9709
60.975	-52.0675	-1.0362	-51.0313
61.000	-52.1401	-1.0485	-51.0916
61.025	-52.2125	-1.0609	-51.1516
61.050	-52.2847	-1.0732	-51.2115
61.075	-52.3567	-1.0855	-51.2713
61.100	-52.4285	-1.0977	-51.3308
61.125	-52.5000	-1.1099	-51.3901
61.150	-52.5713	-1.1222	-51.4492
61.175	-52.6424	-1.1344	-51.5081
61.200	-52.7133	-1.1465	-51.5668
61.225	-52.7839	-1.1587	-51.6252
61.250	-52.8543	-1.1708	-51.6835
61.275	-52.9244	-1.1829	-51.7415
61.300	-52.9943	-1.1950	-51.7993
61.325	-53.0639	-1.2071	-51.8569
61.350	-53.1333	-1.2191	-51.9142
61.375	-53.2025	-1.2312	-51.9713
61.400	-53.2714	-1.2433	-52.0281
61.425	-53.3401	-1.2553	-52.0848
61.450	-53.4085	-1.2674	-52.1411
61.475	-53.4767	-1.2795	-52.1972
61.500	-53.5446	-1.2915	-52.2531
61.525	-53.6123	-1.3036	-52.3088
61.550	-53.6798	-1.3156	-52.3642
61.575	-53.7470	-1.3276	-52.4193
61.600	-53.8139	-1.3397	-52.4742
61.625	-53.8806	-1.3517	-52.5289
61.650	-53.9471	-1.3637	-52.5833
61.675	-54.0133	-1.3758	-52.6375
61.700	-54.0793	-1.3878	-52.6915
61.725	-54.1450	-1.3998	-52.7452
61.750	-54.2105	-1.4118	-52.7987
61.775	-54.2757	-1.4238	-52.8519
61.800	-54.3407	-1.4359	-52.9049
61.825	-54.4055	-1.4479	-52.9576
61.850	-54.4700	-1.4599	-53.0101
61.875	-54.5342	-1.4719	-53.0623
61.900	-54.5982	-1.4839	-53.1143
61.925	-54.6618	-1.4959	-53.1660
61.950	-54.7253	-1.5079	-53.2174
61.975	-54.7884	-1.5199	-53.2685
62.000	-54.8512	-1.5319	-53.3193
62.025	-54.9137	-1.5438	-53.3698
62.050	-54.9758	-1.5558	-53.4200
62.075	-55.0377	-1.5678	-53.4698
62.100	-55.0992	-1.5799	-53.5194
62.125	-55.1605	-1.5919	-53.5687
62.150	-55.2216	-1.6039	-53.6177
62.175	-55.2824	-1.6159	-53.6665
62.200	-55.3431	-1.6280	-53.7151
62.225	-55.4035	-1.6401	-53.7634
62.250	-55.4637	-1.6521	-53.8116
62.275	-55.5237	-1.6642	-53.8595
62.300	-55.5836	-1.6763	-53.9073
62.325	-55.6432	-1.6884	-53.9548
62.350	-55.7026	-1.7004	-54.0022
62.375	-55.7619	-1.7125	-54.0494
62.400	-55.8210	-1.7246	-54.0964
62.425	-55.8800	-1.7367	-54.1433
62.450	-55.9388	-1.7487	-54.1900
62.475	-55.9974	-1.7608	-54.2366
62.500	-56.0559	-1.7729	-54.2830
62.525	-56.1143	-1.7849	-54.3294
62.550	-56.1726	-1.7970	-54.3756
62.575	-56.2307	-1.8091	-54.4216
62.600	-56.2887	-1.8211	-54.4676
62.625	-56.3466	-1.8332	-54.5134
62.650	-56.4043	-1.8452	-54.5592
62.675	-56.4620	-1.8572	-54.6048
62.700	-56.5195	-1.8692	-54.6502
62.725	-56.5768	-1.8813	-54.6955
62.750	-56.6340	-1.8933	-54.7407
62.775	-56.6910	-1.9053	-54.7857
62.800	-56.7478	-1.9173	-54.8305
62.825	-56.8044	-1.9292	-54.8751
62.850	-56.8608	-1.9412	-54.9195
62.875	-56.9169	-1.9532	-54.9637
62.900	-56.9729	-1.9651	-55.0077
62.925	-57.0285	-1.9771	-55.0514
62.950	-57.0840	-1.9890	-55.0949
62.975	-57.1391	-2.0010	-55.1382
63.000	-57.1940	-2.0129	-55.1811
63.025	-57.2486	-2.0248	-55.2238
63.050	-57.3030	-2.0367	-55.2663
63.075	-57.3570	-2.0486	-55.3084
63.100	-57.4107	-2.0605	-55.3503
63.125	-57.4642	-2.0723	-55.3919
63.150	-57.5174	-2.0842	-55.4332
63.175	-57.5702	-2.0960	-55.4742
63.200	-57.6228	-2.1079	-55.5149
63.225	-57.6750	-2.1197	-55.5553
63.250	-57.7269	-2.1315	-55.5954
63.275	-57.7785	-2.1433	-55.6352
63.300	-57.8298	-2.1551	-55.6746
63.325	-57.8807	-2.1669	-55.7138
63.350	-57.9313	-2.1787	-55.7526
63.375	-57.9815	-2.1905	-55.7910
63.400	-58.0313	-2.2022	-55.8291
63.425	-58.0808	-2.2140	-55.8668
63.450	-58.1298	-2.2257	-55.9041
63.475	-58.1785	-2.2374	-55.9410
63.500	-58.2267	-2.2492	-55.9776
63.525	-58.2746	-2.2609	-56.0138
63.550	-58.3221	-2.2725	-56.0495
63.575	-58.3691	-2.2842	-56.0849
63.600	-58.4158	-2.2959	-56.1199
63.625	-58.4620	-2.3075	-56.1545
63.650	-58.5079	-2.3192	-56.1888
63.675	-58.5534	-2.3308	-56.2227
63.700	-58.5986	-2.3424	-56.2562
63.725	-58.6434	-2.3540	-56.2895
63.750	-58.6879	-2.3655	-56.3224
63.775	-58.7321	-2.3771	-56.3550
63.800	-58.7760	-2.3886	-56.3873
63.825	-58.8196	-2.4002	-56.4194
63.850	-58.8629	-2.4117	-56.4512
63.875	-58.9060	-2.4232	-56.4828
63.900	-58.9488	-2.4346	-56.5142
63.925	-58.9914	-2.4461	-56.5453
63.950	-59.0338	-2.4575	-56.5763
63.975	-59.0760	-2.4690	-56.6070
64.000	-59.1179	-2.4804	-56.6375
64.025	-59.1596	-2.4918	-56.6679
64.050	-59.2011	-2.5031	-56.6979
64.075	-59.2423	-2.5145	-56.7278
64.100	-59.2832	-2.5258	-56.7574
64.125	-59.3239	-2.5371	-56.7869
64.150	-59.3644	-2.5483	-56.8161
64.175	-59.4048	-2.5595	-56.8452
64.200	-59.4450	-2.5707	-56.8743
64.225	-59.4851	-2.5819	-56.9032
64.250	-59.5252	-2.5930	-56.9321
64.275	-59.5651	-2.6041	-56.9610
64.300	-59.6050	-2.6152	-56.9898
64.325	-59.6448	-2.6262	-57.0186
64.350	-59.6846	-2.6371	-57.0474
64.375	-59.7243	-2.6481	-57.0762
64.400	-59.7639	-2.6590	-57.1049
64.425	-59.8035	-2.6699	-57.1336
64.450	-59.8431	-2.6807	-57.1624
64.475	-59.8826	-2.6915	-57.1910
64.500	-59.9220	-2.7024	-57.2197
64.525	-59.9614	-2.7131	-57.2483
64.550	-60.0008	-2.7239	-57.2768
64.575	-60.0401	-2.7347	-57.3054
64.600	-60.0793	-2.7454	-57.3338
64.625	-60.1184	-2.7562	-57.3623
64.650	-60.1575	-2.7669	-57.3906
64.675	-60.1965	-2.7776	-57.4189
64.700	-60.2354	-2.7882	-57.4472
64.725	-60.2743	-2.7989	-57.4754
64.750	-60.3131	-2.8096	-57.5035
64.775	-60.3518	-2.8202	-57.5316
64.800	-60.3904	-2.8308	-57.5596
64.825	-60.4289	-2.8414	-57.5875
64.850	-60.4674	-2.8520	-57.6154
64.875	-60.5058	-2.8625	-57.6433
64.900	-60.5441	-2.8731	-57.6710
64.925	-60.5823	-2.8836	-57.6987
64.950	-60.6204	-2.8941	-57.7263
64.975	-60.6585	-2.9046	-57.7539
65.000	-60.6965	-2.9150	-57.7814
65.025	-60.7343	-2.9255	-57.8089
65.050	-60.7722	-2.9359	-57.8362
65.075	-60.8099	-2.9463	-57.8636
65.100	-60.8476	-2.9567	-57.8909
65.125	-60.8852	-2.9671	-57.9181
65.150	-60.9227	-2.9775	-57.9452
65.175	-60.9602	-2.9878	-57.9724
65.200	-60.9976	-2.9982	-57.9994
65.225	-61.0349	-3.0085	-58.0264
65.250	-61.0721	-3.0188	-58.0534
65.275	-61.1092	-3.0290	-58.0802
65.300	-61.1463	-3.0393	-58.1070
65.325	-61.1831	-3.0495	-58.1336
65.350	-61.2199	-3.0597	-58.1602
65.375	-61.2565	-3.0699	-58.1866
65.400	-61.2929	-3.0801	-58.2129
65.425	-61.3292	-3.0902	-58.2390
65.450	-61.3653	-3.1003	-58.2649
65.475	-61.4011	-3.1105	-58.2906
65.500	-61.4367	-3.1205	-58.3162
65.525	-61.4721	-3.1306	-58.3415
65.550	-61.5071	-3.1406	-58.3665
65.575	-61.5419	-3.1507	-58.3913
65.600	-61.5764	-3.1607	-58.4158
65.625	-61.6106	-3.1706	-58.4399
65.650	-61.6443	-3.1806	-58.4637
65.675	-61.6777	-3.1905	-58.4872
65.700	-61.7107	-3.2004	-58.5102
65.725	-61.7432	-3.2103	-58.5329
65.750	-61.7752	-3.2202	-58.5550
65.775	-61.8067	-3.2300	-58.5767
65.800	-61.8377	-3.2398	-58.5979
65.825	-61.8682	-3.2496	-58.6186
65.850	-61.8981	-3.2594	-58.6387
65.875	-61.9274	-3.2691	-58.6583
65.900	-61.9561	-3.2788	-58.6773
65.925	-61.9842	-3.2885	-58.6957
65.950	-62.0116	-3.2982	-58.7134
65.975	-62.0384	-3.3078	-58.7306
66.000	-62.0645	-3.3174	-58.7470
66.025	-62.0899	-3.3270	-58.7629
66.050	-62.1148	-3.3366	-58.7783
66.075	-62.1392	-3.3461	-58.7931
66.100	-62.1631	-3.3556	-58.8074
66.125	-62.1864	-3.3651	-58.8213
66.150	-62.2094	-3.3746	-58.8348
66.175	-62.2319	-3.3840	-58.8479
66.200	-62.2541	-3.3934	-58.8607
66.225	-62.2759	-3.4028	-58.8731
66.250	-62.2974	-3.4122	-58.8853
66.275	-62.3186	-3.4215	-58.8971
66.300	-62.3395	-3.4308	-58.9087
66.325	-62.3601	-3.4401	-58.9200
66.350	-62.3803	-3.4493	-58.9310
66.375	-62.4002	-3.4585	-58.9417
66.400	-62.4198	-3.4677	-58.9520
66.425	-62.4389	-3.4769	-58.9620
66.450	-62.4576	-3.4860	-58.9716
66.475	-62.4760	-3.4951	-58.9809
66.500	-62.4941	-3.5042	-58.9899
66.525	-62.5121	-3.5133	-58.9988
66.550	-62.5299	-3.5223	-59.0076
66.575	-62.5475	-3.5313	-59.0162
66.600	-62.5650	-3.5402	-59.0247
66.625	-62.5824	-3.5492	-59.0332
66.650	-62.5996	-3.5581	-59.0415
66.675	-62.6168	-3.5670	-59.0498
66.700	-62.6338	-3.5758	-59.0579
66.725	-62.6506	-3.5847	-59.0660
66.750	-62.6674	-3.5935	-59.0739
66.775	-62.6840	-3.6023	-59.0817
66.800	-62.7005	-3.6110	-59.0895
66.825	-62.7168	-3.6197	-59.0971
66.850	-62.7330	-3.6284	-59.1046
66.875	-62.7490	-3.6371	-59.1120
66.900	-62.7649	-3.6457	-59.1192
66.925	-62.7806	-3.6543	-59.1263
66.950	-62.7962	-3.6629	-59.1333
66.975	-62.8116	-3.6714	-59.1402
67.000	-62.8269	-3.6799	-59.1469
67.025	-62.8419	-3.6884	-59.1535
67.050	-62.8568	-3.6969	-59.1599
67.075	-62.8714	-3.7053	-59.1661
67.100	-62.8859	-3.7137	-59.1721
67.125	-62.9000	-3.7221	-59.1779
67.150	-62.9139	-3.7305	-59.1834
67.175	-62.9275	-3.7388	-59.1887
67.200	-62.9406	-3.7471	-59.1936
67.225	-62.9534	-3.7553	-59.1981
67.250	-62.9657	-3.7636	-59.2022
67.275	-62.9776	-3.7718	-59.2058
67.300	-62.9890	-3.7799	-59.2091
67.325	-63.0000	-3.7881	-59.2120
67.350	-63.0107	-3.7962	-59.2145
67.375	-63.0209	-3.8043	-59.2166
67.400	-63.0308	-3.8123	-59.2185
67.425	-63.0404	-3.8204	-59.2200
67.450	-63.0496	-3.8284	-59.2212
67.475	-63.0585	-3.8363	-59.2222
67.500	-63.0672	-3.8443	-59.2229
67.525	-63.0756	-3.8522	-59.2234
67.550	-63.0838	-3.8601	-59.2237
67.575	-63.0918	-3.8679	-59.2239
67.600	-63.0997	-3.8758	-59.2239
67.625	-63.1073	-3.8835	-59.2238
67.650	-63.1149	-3.8913	-59.2236
67.675	-63.1224	-3.8990	-59.2233
67.700	-63.1297	-3.9067	-59.2230
67.725	-63.1370	-3.9144	-59.2225
67.750	-63.1441	-3.9221	-59.2221
67.775	-63.1512	-3.9297	-59.2215
67.800	-63.1581	-3.9372	-59.2208
67.825	-63.1649	-3.9448	-59.2201
67.850	-63.1716	-3.9523	-59.2193
67.875	-63.1782	-3.9598	-59.2184
67.900	-63.1847	-3.9672	-59.2174
67.925	-63.1910	-3.9747	-59.2164
67.950	-63.1972	-3.9821	-59.2152
67.975	-63.2033	-3.9894	-59.2139
68.000	-63.2093	-3.9968	-59.2125
68.025	-63.2151	-4.0041	-59.2110
68.050	-63.2207	-4.0113	-59.2094
68.075	-63.2262	-4.0186	-59.2076
68.100	-63.2315	-4.0258	-59.2057
68.125	-63.2366	-4.0329	-59.2037
68.150	-63.2415	-4.0401	-59.2015
68.175	-63.2463	-4.0472	-59.1991
68.200	-63.2508	-4.0543	-59.1965
68.225	-63.2552	-4.0613	-59.1939
68.250	-63.2593	-4.0683	-59.1910
68.275	-63.2633	-4.0753	-59.1880
68.300	-63.2671	-4.0822	-59.1848
68.325	-63.2706	-4.0892	-59.1815
68.350	-63.2740	-4.0961	-59.1779
68.375	-63.2771	-4.1029	-59.1742
68.400	-63.2801	-4.1097	-59.1704
68.425	-63.2829	-4.1165	-59.1664
68.450	-63.2856	-4.1233	-59.1623
68.475	-63.2883	-4.1300	-59.1583
68.500	-63.2909	-4.1367	-59.1542
68.525	-63.2935	-4.1433	-59.1501
68.550	-63.2960	-4.1499	-59.1461
68.575	-63.2986	-4.1565	-59.1420
68.600	-63.3011	-4.1631	-59.1380
68.625	-63.3036	-4.1696	-59.1340
68.650	-63.3060	-4.1761	-59.1300
68.675	-63.3084	-4.1825	-59.1259
68.700	-63.3108	-4.1889	-59.1219
68.725	-63.3131	-4.1953	-59.1178
68.750	-63.3153	-4.2016	-59.1137
68.775	-63.3175	-4.2080	-59.1095
68.800	-63.3195	-4.2142	-59.1053
68.825	-63.3215	-4.2205	-59.1010
68.850	-63.3234	-4.2267	-59.0967
68.875	-63.3251	-4.2328	-59.0923
68.900	-63.3268	-4.2389	-59.0879
68.925	-63.3284	-4.2450	-59.0833
68.950	-63.3298	-4.2511	-59.0787
68.975	-63.3312	-4.2571	-59.0741
69.000	-63.3325	-4.2631	-59.0694
69.025	-63.3337	-4.2690	-59.0647
69.050	-63.3348	-4.2749	-59.0599
69.075	-63.3359	-4.2808	-59.0551
69.100	-63.3369	-4.2867	-59.0502
69.125	-63.3378	-4.2925	-59.0453
69.150	-63.3387	-4.2982	-59.0404
69.175	-63.3395	-4.3040	-59.0355
69.200	-63.3403	-4.3096	-59.0306
69.225	-63.3410	-4.3153	-59.0257
69.250	-63.3417	-4.3209	-59.0208
69.275	-63.3424	-4.3265	-59.0159
69.300	-63.3431	-4.3321	-59.0111
69.325	-63.3439	-4.3376	-59.0063
69.350	-63.3446	-4.3430	-59.0015
69.375	-63.3453	-4.3485	-58.9968
69.400	-63.3460	-4.3539	-58.9922
69.425	-63.3468	-4.3592	-58.9876
69.450	-63.3476	-4.3646	-58.9830
69.475	-63.3484	-4.3699	-58.9786
69.500	-63.3493	-4.3751	-58.9741
69.525	-63.3501	-4.3803	-58.9698
69.550	-63.3510	-4.3855	-58.9655
69.575	-63.3519	-4.3907	-58.9613
69.600	-63.3529	-4.3958	-58.9571
69.625	-63.3539	-4.4008	-58.9530
69.650	-63.3549	-4.4059	-58.9490
69.675	-63.3559	-4.4109	-58.9450
69.700	-63.3570	-4.4158	-58.9412
69.725	-63.3581	-4.4207	-58.9373
69.750	-63.3593	-4.4256	-58.9336
69.775	-63.3605	-4.4305	-58.9300
69.800	-63.3617	-4.4353	-58.9264
69.825	-63.3631	-4.4401	-58.9230
69.850	-63.3644	-4.4448	-58.9196
69.875	-63.3659	-4.4495	-58.9164
69.900	-63.3673	-4.4542	-58.9132
69.925	-63.3689	-4.4588	-58.9101
69.950	-63.3704	-4.4634	-58.9070
69.975	-63.3720	-4.4680	-58.9040
70.000	-63.3736	-4.4725	-58.9011
70.025	-63.3751	-4.4770	-58.8982
70.050	-63.3767	-4.4814	-58.8953
70.075	-63.3782	-4.4858	-58.8924
70.100	-63.3797	-4.4902	-58.8896
70.125	-63.3812	-4.4945	-58.8867
70.150	-63.3826	-4.4988	-58.8838
70.175	-63.3839	-4.5031	-58.8809
70.200	-63.3852	-4.5073	-58.8779
70.225	-63.3864	-4.5115	-58.8750
70.250	-63.3876	-4.5156	-58.8720
70.275	-63.3887	-4.5197	-58.8689
70.300	-63.3896	-4.5238	-58.8658
70.325	-63.3905	-4.5278	-58.8627
70.350	-63.3913	-4.5318	-58.8594
70.375	-63.3919	-4.5358	-58.8561
70.400	-63.3925	-4.5397	-58.8527
70.425	-63.3929	-4.5436	-58.8492
70.450	-63.3931	-4.5475	-58.8456
70.475	-63.3931	-4.5513	-58.8418
70.500	-63.3930	-4.5551	-58.8379
70.525	-63.3927	-4.5588	-58.8339
70.550	-63.3922	-4.5625	-58.8297
70.575	-63.3915	-4.5662	-58.8253
70.600	-63.3906	-4.5698	-58.8207
70.625	-63.3894	-4.5734	-58.8160
70.650	-63.3881	-4.5770	-58.8111
70.675	-63.3865	-4.5805	-58.8060
70.700	-63.3847	-4.5840	-58.8007
70.725	-63.3827	-4.5874	-58.7953
70.750	-63.3805	-4.5909	-58.7897
70.775	-63.3781	-4.5942	-58.7839
70.800	-63.3755	-4.5976	-58.7779
70.825	-63.3726	-4.6009	-58.7718
70.850	-63.3696	-4.6041	-58.7654
70.875	-63.3663	-4.6074	-58.7589
70.900	-63.3628	-4.6106	-58.7522
70.925	-63.3591	-4.6137	-58.7453
70.950	-63.3551	-4.6169	-58.7383
70.975	-63.3509	-4.6199	-58.7310
71.000	-63.3465	-4.6230	-58.7235
71.025	-63.3417	-4.6260	-58.7157
71.050	-63.3367	-4.6290	-58.7077
71.075	-63.3314	-4.6320	-58.6995
71.100	-63.3258	-4.6349	-58.6910
71.125	-63.3199	-4.6377	-58.6822
71.150	-63.3137	-4.6406	-58.6731
71.175	-63.3072	-4.6434	-58.6638
71.200	-63.3003	-4.6462	-58.6541
71.225	-63.2931	-4.6489	-58.6442
71.250	-63.2855	-4.6516	-58.6339
71.275	-63.2775	-4.6543	-58.6232
71.300	-63.2691	-4.6569	-58.6122
71.325	-63.2603	-4.6595	-58.6008
71.350	-63.2510	-4.6620	-58.5890
71.375	-63.2413	-4.6645	-58.5768
71.400	-63.2312	-4.6670	-58.5642
71.425	-63.2207	-4.6695	-58.5512
71.450	-63.2097	-4.6719	-58.5379
71.475	-63.1985	-4.6743	-58.5242
71.500	-63.1868	-4.6766	-58.5102
71.525	-63.1749	-4.6789	-58.4960
71.550	-63.1626	-4.6812	-58.4814
71.575	-63.1501	-4.6834	-58.4667
71.600	-63.1373	-4.6856	-58.4517
71.625	-63.1243	-4.6878	-58.4365
71.650	-63.1110	-4.6899	-58.4211
71.675	-63.0976	-4.6920	-58.4056
71.700	-63.0840	-4.6941	-58.3900
71.725	-63.0703	-4.6961	-58.3742
71.750	-63.0565	-4.6981	-58.3584
71.775	-63.0425	-4.7000	-58.3425
71.800	-63.0285	-4.7019	-58.3265
71.825	-63.0143	-4.7038	-58.3105
71.850	-63.0001	-4.7056	-58.2944
71.875	-62.9858	-4.7075	-58.2783
71.900	-62.9714	-4.7092	-58.2621
71.925	-62.9569	-4.7110	-58.2459
71.950	-62.9423	-4.7127	-58.2296
71.975	-62.9276	-4.7143	-58.2132
72.000	-62.9128	-4.7160	-58.1968
72.025	-62.8978	-4.7176	-58.1803
72.050	-62.8828	-4.7191	-58.1637
72.075	-62.8677	-4.7206	-58.1471
72.100	-62.8525	-4.7221	-58.1304
72.125	-62.8372	-4.7236	-58.1136
72.150	-62.8218	-4.7250	-58.0968
72.175	-62.8062	-4.7264	-58.0798
72.200	-62.7906	-4.7278	-58.0628
72.225	-62.7748	-4.7291	-58.0457
72.250	-62.7588	-4.7304	-58.0284
72.275	-62.7427	-4.7316	-58.0111
72.300	-62.7263	-4.7328	-57.9935
72.325	-62.7098	-4.7340	-57.9758
72.350	-62.6930	-4.7351	-57.9579
72.375	-62.6761	-4.7363	-57.9398
72.400	-62.6589	-4.7373	-57.9215
72.425	-62.6415	-4.7384	-57.9031
72.450	-62.6239	-4.7394	-57.8845
72.475	-62.6062	-4.7404	-57.8658
72.500	-62.5883	-4.7413	-57.8470
72.525	-62.5703	-4.7422	-57.8281
72.550	-62.5521	-4.7431	-57.8091
72.575	-62.5339	-4.7439	-57.7900
72.600	-62.5156	-4.7447	-57.7709
72.625	-62.4973	-4.7455	-57.7517
72.650	-62.4788	-4.7462	-57.7326
72.675	-62.4604	-4.7470	-57.7134
72.700	-62.4419	-4.7476	-57.6943
72.725	-62.4234	-4.7483	-57.6752
72.750	-62.4050	-4.7489	-57.6561
72.775	-62.3865	-4.7494	-57.6370
72.800	-62.3680	-4.7500	-57.6180
72.825	-62.3495	-4.7505	-57.5990
72.850	-62.3310	-4.7510	-57.5801
72.875	-62.3126	-4.7514	-57.5612
72.900	-62.2941	-4.7518	-57.5423
72.925	-62.2757	-4.7522	-57.5235
72.950	-62.2573	-4.7525	-57.5048
72.975	-62.2389	-4.7529	-57.4860
73.000	-62.2205	-4.7531	-57.4673
73.025	-62.2020	-4.7534	-57.4486
73.050	-62.1836	-4.7536	-57.4300
73.075	-62.1651	-4.7538	-57.4113
73.100	-62.1465	-4.7539	-57.3926
73.125	-62.1279	-4.7540	-57.3739
73.150	-62.1093	-4.7541	-57.3551
73.175	-62.0906	-4.7542	-57.3364
73.200	-62.0718	-4.7542	-57.3176
73.225	-62.0529	-4.7542	-57.2987
73.250	-62.0340	-4.7541	-57.2799
73.275	-62.0151	-4.7541	-57.2610
73.300	-61.9961	-4.7540	-57.2421
73.325	-61.9770	-4.7538	-57.2232
73.350	-61.9580	-4.7537	-57.2043
73.375	-61.9389	-4.7535	-57.1854
73.400	-61.9198	-4.7532	-57.1665
73.425	-61.9007	-4.7530	-57.1477
73.450	-61.8816	-4.7527	-57.1289
73.475	-61.8625	-4.7523	-57.1101
73.500	-61.8434	-4.7520	-57.0914
73.525	-61.8243	-4.7516	-57.0727
73.550	-61.8053	-4.7512	-57.0541
73.575	-61.7863	-4.7507	-57.0356
73.600	-61.7673	-4.7503	-57.0170
73.625	-61.7483	-4.7498	-56.9986
73.650	-61.7293	-4.7492	-56.9801
73.675	-61.7103	-4.7486	-56.9617
73.700	-61.6913	-4.7480	-56.9432
73.725	-61.6722	-4.7474	-56.9248
73.750	-61.6530	-4.7467	-56.9063
73.775	-61.6338	-4.7460	-56.8878
73.800	-61.6145	-4.7453	-56.8692
73.825	-61.5952	-4.7446	-56.8506
73.850	-61.5758	-4.7438	-56.8320
73.875	-61.5563	-4.7430	-56.8133
73.900	-61.5366	-4.7421	-56.7945
73.925	-61.5169	-4.7412	-56.7757
73.950	-61.4970	-4.7403	-56.7567
73.975	-61.4770	-4.7394	-56.7376
74.000	-61.4568	-4.7384	-56.7184
74.025	-61.4364	-4.7374	-56.6990
74.050	-61.4158	-4.7364	-56.6795
74.075	-61.3950	-4.7353	-56.6597
74.100	-61.3739	-4.7342	-56.6397
74.125	-61.3525	-4.7331	-56.6194
74.150	-61.3309	-4.7319	-56.5989
74.175	-61.3088	-4.7308	-56.5781
74.200	-61.2865	-4.7296	-56.5569
74.225	-61.2637	-4.7283	-56.5354
74.250	-61.2405	-4.7271	-56.5135
74.275	-61.2169	-4.7258	-56.4912
74.300	-61.1929	-4.7244	-56.4685
74.325	-61.1685	-4.7231	-56.4454
74.350	-61.1437	-4.7217	-56.4220
74.375	-61.1184	-4.7203	-56.3981
74.400	-61.0928	-4.7189	-56.3740
74.425	-61.0669	-4.7174	-56.3495
74.450	-61.0407	-4.7159	-56.3248
74.475	-61.0141	-4.7144	-56.2998
74.500	-60.9873	-4.7128	-56.2745
74.525	-60.9602	-4.7112	-56.2490
74.550	-60.9329	-4.7096	-56.2232
74.575	-60.9052	-4.7080	-56.1972
74.600	-60.8773	-4.7064	-56.1710
74.625	-60.8492	-4.7047	-56.1445
74.650	-60.8207	-4.7030	-56.1178
74.675	-60.7920	-4.7012	-56.0908
74.700	-60.7631	-4.6995	-56.0636
74.725	-60.7339	-4.6977	-56.0362
74.750	-60.7045	-4.6959	-56.0086
74.775	-60.6749	-4.6940	-55.9809
74.800	-60.6451	-4.6921	-55.9529
74.825	-60.6152	-4.6903	-55.9249
74.850	-60.5851	-4.6883	-55.8968
74.875	-60.5548	-4.6864	-55.8685
74.900	-60.5244	-4.6844	-55.8400
74.925	-60.4937	-4.6824	-55.8113
74.950	-60.4629	-4.6804	-55.7824
74.975	-60.4317	-4.6784	-55.7534
75.000	-60.4003	-4.6763	-55.7240
75.025	-60.3687	-4.6742	-55.6945
75.050	-60.3368	-4.6721	-55.6647
75.075	-60.3046	-4.6699	-55.6347
75.100	-60.2721	-4.6678	-55.6044
75.125	-60.2394	-4.6656	-55.5739
75.150	-60.2065	-4.6633	-55.5431
75.175	-60.1733	-4.6611	-55.5122
75.200	-60.1398	-4.6588	-55.4810
75.225	-60.1061	-4.6565	-55.4496
75.250	-60.0723	-4.6542	-55.4180
75.275	-60.0382	-4.6519	-55.3863
75.300	-60.0039	-4.6495	-55.3543
75.325	-59.9694	-4.6472	-55.3223
75.350	-59.9347	-4.6447	-55.2900
75.375	-59.8999	-4.6423	-55.2576
75.400	-59.8648	-4.6399	-55.2249
75.425	-59.8294	-4.6374	-55.1921
75.450	-59.7939	-4.6349	-55.1590
75.475	-59.7580	-4.6324	-55.1257
75.500	-59.7219	-4.6298	-55.0921
75.525	-59.6855	-4.6272	-55.0583
75.550	-59.6490	-4.6246	-55.0243
75.575	-59.6122	-4.6220	-54.9902
75.600	-59.5753	-4.6194	-54.9559
75.625	-59.5382	-4.6167	-54.9215
75.650	-59.5012	-4.6140	-54.8871
75.675	-59.4641	-4.6113	-54.8528
75.700	-59.4272	-4.6086	-54.8185
75.725	-59.3903	-4.6059	-54.7844
75.750	-59.3535	-4.6031	-54.7504
75.775	-59.3167	-4.6003	-54.7164
75.800	-59.2800	-4.5975	-54.6825
75.825	-59.2433	-4.5947	-54.6486
75.850	-59.2066	-4.5918	-54.6148
75.875	-59.1698	-4.5889	-54.5809
75.900	-59.1330	-4.5860	-54.5470
75.925	-59.0963	-4.5831	-54.5131
75.950	-59.0595	-4.5802	-54.4793
75.975	-59.0227	-4.5772	-54.4455
76.000	-58.9860	-4.5742	-54.4117
76.025	-58.9492	-4.5712	-54.3779
76.050	-58.9123	-4.5682	-54.3441
76.075	-58.8753	-4.5652	-54.3102
76.100	-58.8383	-4.5621	-54.2762
76.125	-58.8012	-4.5590	-54.2422
76.150	-58.7640	-4.5559	-54.2081
76.175	-58.7267	-4.5528	-54.1738
76.200	-58.6891	-4.5497	-54.1395
76.225	-58.6514	-4.5465	-54.1049
76.250	-58.6134	-4.5433	-54.0701
76.275	-58.5752	-4.5401	-54.0350
76.300	-58.5366	-4.5369	-53.9997
76.325	-58.4978	-4.5337	-53.9641
76.350	-58.4587	-4.5304	-53.9283
76.375	-58.4193	-4.5272	-53.8921
76.400	-58.3796	-4.5239	-53.8557
76.425	-58.3395	-4.5206	-53.8190
76.450	-58.2992	-4.5172	-53.7819
76.475	-58.2585	-4.5139	-53.7446
76.500	-58.2176	-4.5105	-53.7070
76.525	-58.1763	-4.5072	-53.6691
76.550	-58.1347	-4.5038	-53.6309
76.575	-58.0927	-4.5003	-53.5923
76.600	-58.0504	-4.4969	-53.5534
76.625	-58.0077	-4.4935	-53.5142
76.650	-57.9646	-4.4900	-53.4746
76.675	-57.9212	-4.4865	-53.4347
76.700	-57.8775	-4.4830	-53.3945
76.725	-57.8334	-4.4795	-53.3539
76.750	-57.7890	-4.4760	-53.3130
76.775	-57.7443	-4.4724	-53.2719
76.800	-57.6993	-4.4689	-53.2304
76.825	-57.6541	-4.4653	-53.1888
76.850	-57.6086	-4.4617	-53.1469
76.875	-57.5629	-4.4581	-53.1048
76.900	-57.5169	-4.4545	-53.0624
76.925	-57.4707	-4.4509	-53.0198
76.950	-57.4241	-4.4472	-52.9769
76.975	-57.3771	-4.4435	-52.9336
77.000	-57.3298	-4.4399	-52.8900
77.025	-57.2822	-4.4362	-52.8460
77.050	-57.2342	-4.4325	-52.8018
77.075	-57.1859	-4.4287	-52.7572
77.100	-57.1372	-4.4250	-52.7122
77.125	-57.0882	-4.4212	-52.6670
77.150	-57.0389	-4.4175	-52.6214
77.175	-56.9892	-4.4137	-52.5755
77.200	-56.9392	-4.4099	-52.5293
77.225	-56.8890	-4.4061	-52.4828
77.250	-56.8384	-4.4023	-52.4361
77.275	-56.7877	-4.3985	-52.3892
77.300	-56.7367	-4.3946	-52.3420
77.325	-56.6855	-4.3908	-52.2947
77.350	-56.6341	-4.3869	-52.2472
77.375	-56.5826	-4.3830	-52.1996
77.400	-56.5309	-4.3791	-52.1518
77.425	-56.4790	-4.3752	-52.1038
77.450	-56.4270	-4.3713	-52.0557
77.475	-56.3748	-4.3674	-52.0075
77.500	-56.3225	-4.3634	-51.9591
77.525	-56.2701	-4.3595	-51.9106
77.550	-56.2175	-4.3555	-51.8620
77.575	-56.1649	-4.3516	-51.8134
77.600	-56.1122	-4.3476	-51.7647
77.625	-56.0595	-4.3436	-51.7159
77.650	-56.0067	-4.3396	-51.6671
77.675	-55.9537	-4.3355	-51.6182
77.700	-55.9007	-4.3315	-51.5691
77.725	-55.8474	-4.3275	-51.5199
77.750	-55.7939	-4.3234	-51.4704
77.775	-55.7402	-4.3194	-51.4208
77.800	-55.6863	-4.3153	-51.3710
77.825	-55.6321	-4.3112	-51.3209
77.850	-55.5778	-4.3071	-51.2707
77.875	-55.5234	-4.3030	-51.2203
77.900	-55.4687	-4.2989	-51.1698
77.925	-55.4140	-4.2948	-51.1192
77.950	-55.3591	-4.2907	-51.0684
77.975	-55.3042	-4.2866	-51.0176
78.000	-55.2491	-4.2824	-50.9666
78.025	-55.1938	-4.2783	-50.9155
78.050	-55.1383	-4.2741	-50.8642
78.075	-55.0826	-4.2699	-50.8127
78.100	-55.0267	-4.2658	-50.7609
78.125	-54.9706	-4.2616	-50.7090
78.150	-54.9144	-4.2574	-50.6570
78.175	-54.8580	-4.2532	-50.6048
78.200	-54.8016	-4.2490	-50.5526
78.225	-54.7450	-4.2448	-50.5003
78.250	-54.6884	-4.2405	-50.4478
78.275	-54.6316	-4.2363	-50.3953
78.300	-54.5747	-4.2321	-50.3426
78.325	-54.5176	-4.2278	-50.2898
78.350	-54.4604	-4.2236	-50.2368
78.375	-54.4030	-4.2193	-50.1837
78.400	-54.3454	-4.2151	-50.1303
78.425	-54.2877	-4.2108	-50.0769
78.450	-54.2298	-4.2065	-50.0233
78.475	-54.1719	-4.2022	-49.9697
78.500	-54.1139	-4.1979	-49.9159
78.525	-54.0557	-4.1936	-49.8621
78.550	-53.9975	-4.1893	-49.8082
78.575	-53.9391	-4.1850	-49.7541
78.600	-53.8807	-4.1807	-49.7000
78.625	-53.8221	-4.1764	-49.6457
78.650	-53.7634	-4.1721	-49.5913
78.675	-53.7044	-4.1678	-49.5367
78.700	-53.6453	-4.1634	-49.4819
78.725	-53.5860	-4.1591	-49.4269
78.750	-53.5265	-4.1547	-49.3718
78.775	-53.4668	-4.1504	-49.3164
78.800	-53.4068	-4.1460	-49.2607
78.825	-53.3465	-4.1417	-49.2049
78.850	-53.2861	-4.1373	-49.1488
78.875	-53.2254	-4.1330	-49.0924
78.900	-53.1644	-4.1286	-49.0358
78.925	-53.1032	-4.1242	-48.9790
78.950	-53.0417	-4.1198	-48.9219
78.975	-52.9799	-4.1155	-48.8645
79.000	-52.9179	-4.1111	-48.8068
79.025	-52.8556	-4.1067	-48.7489
79.050	-52.7931	-4.1023	-48.6908
79.075	-52.7302	-4.0979	-48.6323
79.100	-52.6671	-4.0935	-48.5736
79.125	-52.6038	-4.0891	-48.5147
79.150	-52.5401	-4.0847	-48.4554
79.175	-52.4763	-4.0803	-48.3960
79.200	-52.4121	-4.0759	-48.3363
79.225	-52.3478	-4.0715	-48.2763
79.250	-52.2832	-4.0671	-48.2161
79.275	-52.2184	-4.0626	-48.1558
79.300	-52.1534	-4.0582	-48.0952
79.325	-52.0883	-4.0538	-48.0345
79.350	-52.0230	-4.0494	-47.9736
79.375	-51.9577	-4.0449	-47.9128
79.400	-51.8924	-4.0405	-47.8519
79.425	-51.8272	-4.0361	-47.7911
79.450	-51.7622	-4.0316	-47.7306
79.475	-51.6974	-4.0272	-47.6702
79.500	-51.6329	-4.0228	-47.6102
79.525	-51.5687	-4.0183	-47.5504
79.550	-51.5046	-4.0139	-47.4907
79.575	-51.4406	-4.0094	-47.4312
79.600	-51.3767	-4.0050	-47.3717
79.625	-51.3128	-4.0005	-47.3123
79.650	-51.2490	-3.9961	-47.2529
79.675	-51.1852	-3.9916	-47.1936
79.700	-51.1215	-3.9871	-47.1344
79.725	-51.0580	-3.9827	-47.0753
79.750	-50.9945	-3.9782	-47.0163
79.775	-50.9312	-3.9737	-46.9575
79.800	-50.8680	-3.9693	-46.8988
79.825	-50.8050	-3.9648	-46.8402
79.850	-50.7420	-3.9603	-46.7817
79.875	-50.6792	-3.9558	-46.7234
79.900	-50.6167	-3.9513	-46.6654
79.925	-50.5542	-3.9468	-46.6074
79.950	-50.4918	-3.9422	-46.5496
79.975	-50.4292	-3.9377	-46.4915
80.000	-50.3664	-3.9331	-46.4333
80.025	-50.3033	-3.9286	-46.3748
80.050	-50.2399	-3.9240	-46.3159
80.075	-50.1761	-3.9194	-46.2568
80.100	-50.1121	-3.9147	-46.1973
80.125	-50.0477	-3.9101	-46.1376
80.150	-49.9831	-3.9055	-46.0776
80.175	-49.9182	-3.9008	-46.0174
80.200	-49.8532	-3.8961	-45.9570
80.225	-49.7878	-3.8915	-45.8964
80.250	-49.7223	-3.8868	-45.8355
80.275	-49.6565	-3.8821	-45.7744
80.300	-49.5904	-3.8774	-45.7130
80.325	-49.5241	-3.8727	-45.6514
80.350	-49.4576	-3.8681	-45.5895
80.375	-49.3908	-3.8634	-45.5274
80.400	-49.3238	-3.8587	-45.4652
80.425	-49.2566	-3.8540	-45.4027
80.450	-49.1893	-3.8492	-45.3400
80.475	-49.1218	-3.8445	-45.2773
80.500	-49.0543	-3.8398	-45.2145
80.525	-48.9867	-3.8351	-45.1516
80.550	-48.9191	-3.8304	-45.0887
80.575	-48.8515	-3.8257	-45.0257
80.600	-48.7837	-3.8210	-44.9627
80.625	-48.7158	-3.8163	-44.8995
80.650	-48.6478	-3.8116	-44.8362
80.675	-48.5795	-3.8069	-44.7726
80.700	-48.5110	-3.8022	-44.7088
80.725	-48.4422	-3.7975	-44.6448
80.750	-48.3733	-3.7928	-44.5805
80.775	-48.3041	-3.7881	-44.5160
80.800	-48.2347	-3.7834	-44.4513
80.825	-48.1651	-3.7787	-44.3865
80.850	-48.0954	-3.7740	-44.3214
80.875	-48.0255	-3.7693	-44.2562
80.900	-47.9554	-3.7646	-44.1908
80.925	-47.8851	-3.7599	-44.1252
80.950	-47.8146	-3.7552	-44.0594
80.975	-47.7438	-3.7505	-43.9934
81.000	-47.6727	-3.7458	-43.9269
81.025	-47.6012	-3.7411	-43.8601
81.050	-47.5293	-3.7364	-43.7929
81.075	-47.4570	-3.7317	-43.7253
81.100	-47.3843	-3.7270	-43.6572
81.125	-47.3111	-3.7223	-43.5888
81.150	-47.2376	-3.7177	-43.5199
81.175	-47.1637	-3.7130	-43.4508
81.200	-47.0896	-3.7083	-43.3813
81.225	-47.0153	-3.7036	-43.3116
81.250	-46.9408	-3.6990	-43.2418
81.275	-46.8663	-3.6943	-43.1720
81.300	-46.7919	-3.6896	-43.1023
81.325	-46.7176	-3.6850	-43.0326
81.350	-46.6433	-3.6803	-42.9630
81.375	-46.5690	-3.6757	-42.8934
81.400	-46.4947	-3.6710	-42.8237
81.425	-46.4202	-3.6664	-42.7538
81.450	-46.3456	-3.6617	-42.6838
81.475	-46.2709	-3.6571	-42.6137
81.500	-46.1960	-3.6525	-42.5435
81.525	-46.1212	-3.6479	-42.4732
81.550	-46.0463	-3.6433	-42.4029
81.575	-45.9714	-3.6387	-42.3327
81.600	-45.8966	-3.6342	-42.2625
81.625	-45.8220	-3.6296	-42.1924
81.650	-45.7476	-3.6251	-42.1226
81.675	-45.6734	-3.6205	-42.0529
81.700	-45.5994	-3.6160	-41.9834
81.725	-45.5254	-3.6115	-41.9139
81.750	-45.4513	-3.6071	-41.8443
81.775	-45.3771	-3.6026	-41.7745
81.800	-45.3025	-3.5982	-41.7043
81.825	-45.2277	-3.5938	-41.6339
81.850	-45.1524	-3.5894	-41.5630
81.875	-45.0768	-3.5851	-41.4917
81.900	-45.0007	-3.5807	-41.4200
81.925	-44.9243	-3.5764	-41.3479
81.950	-44.8475	-3.5721	-41.2754
81.975	-44.7704	-3.5678	-41.2025
82.000	-44.6929	-3.5636	-41.1293
82.025	-44.6150	-3.5594	-41.0556
82.050	-44.5368	-3.5552	-40.9816
82.075	-44.4582	-3.5510	-40.9072
82.100	-44.3791	-3.5468	-40.8322
82.125	-44.2995	-3.5427	-40.7568
82.150	-44.2193	-3.5385	-40.6808
82.175	-44.1387	-3.5344	-40.6043
82.200	-44.0576	-3.5303	-40.5273
82.225	-43.9760	-3.5262	-40.4498
82.250	-43.8939	-3.5220	-40.3719
82.275	-43.8114	-3.5179	-40.2935
82.300	-43.7284	-3.5138	-40.2146
82.325	-43.6449	-3.5097	-40.1352
82.350	-43.5610	-3.5056	-40.0554
82.375	-43.4767	-3.5015	-39.9751
82.400	-43.3918	-3.4975	-39.8943
82.425	-43.3065	-3.4934	-39.8131
82.450	-43.2207	-3.4893	-39.7313
82.475	-43.1343	-3.4853	-39.6490
82.500	-43.0473	-3.4812	-39.5661
82.525	-42.9598	-3.4772	-39.4826
82.550	-42.8718	-3.4731	-39.3986
82.575	-42.7832	-3.4691	-39.3140
82.600	-42.6940	-3.4651	-39.2289
82.625	-42.6043	-3.4611	-39.1433
82.650	-42.5143	-3.4571	-39.0572
82.675	-42.4238	-3.4531	-38.9707
82.700	-42.3330	-3.4491	-38.8840
82.725	-42.2420	-3.4451	-38.7969
82.750	-42.1506	-3.4411	-38.7095
82.775	-42.0590	-3.4371	-38.6219
82.800	-41.9670	-3.4332	-38.5339
82.825	-41.8748	-3.4292	-38.4455
82.850	-41.7822	-3.4253	-38.3569
82.875	-41.6893	-3.4213	-38.2679
82.900	-41.5962	-3.4174	-38.1788
82.925	-41.5029	-3.4135	-38.0894
82.950	-41.4096	-3.4096	-38.0000
82.975	-41.3162	-3.4056	-37.9106
83.000	-41.2229	-3.4017	-37.8212
83.025	-41.1296	-3.3978	-37.7318
83.050	-41.0362	-3.3940	-37.6423
83.075	-40.9428	-3.3901	-37.5527
83.100	-40.8491	-3.3862	-37.4629
83.125	-40.7552	-3.3824	-37.3728
83.150	-40.6610	-3.3785	-37.2825
83.175	-40.5666	-3.3747	-37.1919
83.200	-40.4719	-3.3708	-37.1011
83.225	-40.3770	-3.3670	-37.0100
83.250	-40.2820	-3.3632	-36.9188
83.275	-40.1869	-3.3594	-36.8275
83.300	-40.0918	-3.3556	-36.7362
83.325	-39.9965	-3.3518	-36.6447
83.350	-39.9012	-3.3480	-36.5532
83.375	-39.8057	-3.3443	-36.4615
83.400	-39.7100	-3.3405	-36.3695
83.425	-39.6139	-3.3368	-36.2772
83.450	-39.5176	-3.3330	-36.1845
83.475	-39.4209	-3.3293	-36.0916
83.500	-39.3239	-3.3256	-35.9983
83.525	-39.2266	-3.3219	-35.9047
83.550	-39.1290	-3.3182	-35.8108
83.575	-39.0310	-3.3145	-35.7166
83.600	-38.9327	-3.3108	-35.6219
83.625	-38.8341	-3.3071	-35.5269
83.650	-38.7351	-3.3035	-35.4316
83.675	-38.6358	-3.2998	-35.3360
83.700	-38.5365	-3.2962	-35.2402
83.725	-38.4370	-3.2926	-35.1444
83.750	-38.3376	-3.2890	-35.0486
83.775	-38.2381	-3.2854	-34.9528
83.800	-38.1388	-3.2818	-34.8570
83.825	-38.0394	-3.2782	-34.7612
83.850	-37.9399	-3.2747	-34.6653
83.875	-37.8404	-3.2711	-34.5693
83.900	-37.7407	-3.2676	-34.4732
83.925	-37.6410	-3.2640	-34.3769
83.950	-37.5411	-3.2605	-34.2806
83.975	-37.4413	-3.2570	-34.1843
84.000	-37.3415	-3.2535	-34.0880
84.025	-37.2420	-3.2501	-33.9920
84.050	-37.1428	-3.2466	-33.8962
84.075	-37.0441	-3.2431	-33.8010
84.100	-36.9460	-3.2397	-33.7063
84.125	-36.8485	-3.2363	-33.6122
84.150	-36.7515	-3.2329	-33.5187
84.175	-36.6551	-3.2295	-33.4256
84.200	-36.5591	-3.2261	-33.3330
84.225	-36.4635	-3.2227	-33.2408
84.250	-36.3682	-3.2194	-33.1489
84.275	-36.2733	-3.2160	-33.0572
84.300	-36.1785	-3.2127	-32.9659
84.325	-36.0841	-3.2094	-32.8747
84.350	-35.9899	-3.2061	-32.7838
84.375	-35.8960	-3.2028	-32.6932
84.400	-35.8023	-3.1995	-32.6028
84.425	-35.7089	-3.1962	-32.5127
84.450	-35.6156	-3.1930	-32.4227
84.475	-35.5225	-3.1897	-32.3327
84.500	-35.4293	-3.1865	-32.2428
84.525	-35.3361	-3.1833	-32.1529
84.550	-35.2430	-3.1801	-32.0629
84.575	-35.1499	-3.1769	-31.9730
84.600	-35.0567	-3.1737	-31.8829
84.625	-34.9634	-3.1706	-31.7928
84.650	-34.8699	-3.1674	-31.7025
84.675	-34.7762	-3.1643	-31.6119
84.700	-34.6822	-3.1611	-31.5211
84.725	-34.5880	-3.1580	-31.4300
84.750	-34.4936	-3.1549	-31.3386
84.775	-34.3989	-3.1518	-31.2470
84.800	-34.3040	-3.1488	-31.1553
84.825	-34.2091	-3.1457	-31.0634
84.850	-34.1142	-3.1426	-30.9716
84.875	-34.0194	-3.1396	-30.8798
84.900	-33.9246	-3.1366	-30.7880
84.925	-33.8299	-3.1335	-30.6963
84.950	-33.7352	-3.1305	-30.6047
84.975	-33.6405	-3.1275	-30.5130
85.000	-33.5458	-3.1246	-30.4212
85.025	-33.4510	-3.1216	-30.3294
85.050	-33.3561	-3.1186	-30.2375
85.075	-33.2613	-3.1157	-30.1456
85.100	-33.1664	-3.1127	-30.0537
85.125	-33.0718	-3.1098	-29.9619
85.150	-32.9774	-3.1069	-29.8705
85.175	-32.8834	-3.1040	-29.7794
85.200	-32.7899	-3.1011	-29.6887
85.225	-32.6968	-3.0983	-29.5985
85.250	-32.6040	-3.0954	-29.5087
85.275	-32.5116	-3.0925	-29.4191
85.300	-32.4194	-3.0897	-29.3297
85.325	-32.3273	-3.0869	-29.2404
85.350	-32.2353	-3.0841	-29.1512
85.375	-32.1433	-3.0813	-29.0620
85.400	-32.0513	-3.0785	-28.9728
85.425	-31.9594	-3.0757	-28.8837
85.450	-31.8677	-3.0730	-28.7948
85.475	-31.7763	-3.0702	-28.7061
85.500	-31.6852	-3.0675	-28.6177
85.525	-31.5945	-3.0647	-28.5297
85.550	-31.5041	-3.0620	-28.4421
85.575	-31.4142	-3.0593	-28.3549
85.600	-31.3246	-3.0566	-28.2679
85.625	-31.2352	-3.0540	-28.1812
85.650	-31.1459	-3.0513	-28.0946
85.675	-31.0566	-3.0486	-28.0079
85.700	-30.9671	-3.0460	-27.9212
85.725	-30.8776	-3.0434	-27.8342
85.750	-30.7879	-3.0407	-27.7472
85.775	-30.6982	-3.0381	-27.6600
85.800	-30.6083	-3.0355	-27.5728
85.825	-30.5184	-3.0330	-27.4854
85.850	-30.4284	-3.0304	-27.3980
85.875	-30.3383	-3.0278	-27.3105
85.900	-30.2481	-3.0253	-27.2228
85.925	-30.1578	-3.0227	-27.1351
85.950	-30.0674	-3.0202	-27.0472
85.975	-29.9769	-3.0177	-26.9592
86.000	-29.8862	-3.0152	-26.8711
86.025	-29.7956	-3.0127	-26.7829
86.050	-29.7048	-3.0102	-26.6946
86.075	-29.6141	-3.0077	-26.6063
86.100	-29.5233	-3.0053	-26.5180
86.125	-29.4325	-3.0029	-26.4296
86.150	-29.3417	-3.0004	-26.3412
86.175	-29.2509	-2.9980	-26.2529
86.200	-29.1602	-2.9956	-26.1646
86.225	-29.0697	-2.9932	-26.0765
86.250	-28.9793	-2.9909	-25.9884
86.275	-28.8891	-2.9885	-25.9006
86.300	-28.7991	-2.9862	-25.8130
86.325	-28.7094	-2.9838	-25.7256
86.350	-28.6200	-2.9815	-25.6385
86.375	-28.5307	-2.9792	-25.5515
86.400	-28.4416	-2.9769	-25.4647
86.425	-28.3526	-2.9746	-25.3780
86.450	-28.2637	-2.9724	-25.2913
86.475	-28.1750	-2.9701	-25.2048
86.500	-28.0864	-2.9679	-25.1185
86.525	-27.9980	-2.9657	-25.0323
86.550	-27.9100	-2.9635	-24.9465
86.575	-27.8222	-2.9613	-24.8609
86.600	-27.7346	-2.9591	-24.7755
86.625	-27.6471	-2.9570	-24.6902
86.650	-27.5598	-2.9548	-24.6050
86.675	-27.4725	-2.9527	-24.5198
86.700	-27.3852	-2.9506	-24.4347
86.725	-27.2981	-2.9485	-24.3496
86.750	-27.2110	-2.9464	-24.2646
86.775	-27.1240	-2.9443	-24.1797
86.800	-27.0370	-2.9422	-24.0948
86.825	-26.9502	-2.9402	-24.0100
86.850	-26.8634	-2.9382	-23.9252
86.875	-26.7767	-2.9361	-23.8406
86.900	-26.6902	-2.9341	-23.7561
86.925	-26.6038	-2.9321	-23.6717
86.950	-26.5175	-2.9302	-23.5874
86.975	-26.4314	-2.9282	-23.5032
87.000	-26.3453	-2.9262	-23.4190
87.025	-26.2592	-2.9243	-23.3349
87.050	-26.1732	-2.9224	-23.2508
87.075	-26.0871	-2.9205	-23.1667
87.100	-26.0011	-2.9186	-23.0825
87.125	-25.9152	-2.9167	-22.9985
87.150	-25.8294	-2.9148	-22.9145
87.175	-25.7437	-2.9130	-22.8307
87.200	-25.6582	-2.9112	-22.7470
87.225	-25.5728	-2.9093	-22.6634
87.250	-25.4875	-2.9075	-22.5799
87.275	-25.4022	-2.9057	-22.4965
87.300	-25.3170	-2.9039	-22.4130
87.325	-25.2319	-2.9022	-22.3297
87.350	-25.1469	-2.9004	-22.2465
87.375	-25.0622	-2.8987	-22.1635
87.400	-24.9776	-2.8970	-22.0807
87.425	-24.8932	-2.8952	-21.9980
87.450	-24.8089	-2.8935	-21.9154
87.475	-24.7248	-2.8919	-21.8329
87.500	-24.6406	-2.8902	-21.7504
87.525	-24.5565	-2.8885	-21.6680
87.550	-24.4724	-2.8869	-21.5855
87.575	-24.3883	-2.8852	-21.5030
87.600	-24.3043	-2.8836	-21.4207
87.625	-24.2204	-2.8820	-21.3384
87.650	-24.1367	-2.8804	-21.2562
87.675	-24.0531	-2.8789	-21.1742
87.700	-23.9696	-2.8773	-21.0923
87.725	-23.8863	-2.8757	-21.0105
87.750	-23.8030	-2.8742	-20.9288
87.775	-23.7196	-2.8727	-20.8469
87.800	-23.6361	-2.8712	-20.7649
87.825	-23.5525	-2.8697	-20.6828
87.850	-23.4688	-2.8682	-20.6006
87.875	-23.3849	-2.8667	-20.5182
87.900	-23.3011	-2.8652	-20.4358
87.925	-23.2171	-2.8638	-20.3533
87.950	-23.1332	-2.8624	-20.2708
87.975	-23.0493	-2.8609	-20.1883
88.000	-22.9654	-2.8595	-20.1058
88.025	-22.8816	-2.8581	-20.0234
88.050	-22.7978	-2.8568	-19.9411
88.075	-22.7142	-2.8554	-19.8588
88.100	-22.6305	-2.8540	-19.7765
88.125	-22.5469	-2.8527	-19.6942
88.150	-22.4632	-2.8514	-19.6119
88.175	-22.3796	-2.8500	-19.5295
88.200	-22.2959	-2.8487	-19.4472
88.225	-22.2122	-2.8475	-19.3647
88.250	-22.1284	-2.8462	-19.2822
88.275	-22.0446	-2.8449	-19.1997
88.300	-21.9607	-2.8437	-19.1170
88.325	-21.8768	-2.8424	-19.0344
88.350	-21.7928	-2.8412	-18.9516
88.375	-21.7088	-2.8400	-18.8689
88.400	-21.6248	-2.8388	-18.7860
88.425	-21.5407	-2.8376	-18.7032
88.450	-21.4567	-2.8364	-18.6203
88.475	-21.3726	-2.8352	-18.5374
88.500	-21.2887	-2.8340	-18.4547
88.525	-21.2049	-2.8329	-18.3720
88.550	-21.1211	-2.8318	-18.2894
88.575	-21.0375	-2.8306	-18.2068
88.600	-20.9539	-2.8295	-18.1243
88.625	-20.8703	-2.8284	-18.0418
88.650	-20.7867	-2.8273	-17.9593
88.675	-20.7031	-2.8263	-17.8768
88.700	-20.6195	-2.8252	-17.7943
88.725	-20.5358	-2.8241	-17.7117
88.750	-20.4522	-2.8231	-17.6291
88.775	-20.3686	-2.8220	-17.5465
88.800	-20.2850	-2.8210	-17.4640
88.825	-20.2014	-2.8200	-17.3814
88.850	-20.1178	-2.8190	-17.2989
88.875	-20.0343	-2.8179	-17.2164
88.900	-19.9509	-2.8169	-17.1340
88.925	-19.8675	-2.8159	-17.0516
88.950	-19.7843	-2.8149	-16.9694
88.975	-19.7012	-2.8139	-16.8873
89.000	-19.6182	-2.8128	-16.8054
89.025	-19.5354	-2.8118	-16.7236
89.050	-19.4529	-2.8108	-16.6421
89.075	-19.3706	-2.8097	-16.5608
89.100	-19.2886	-2.8087	-16.4798
89.125	-19.2069	-2.8077	-16.3992
89.150	-19.1255	-2.8067	-16.3189
89.175	-19.0445	-2.8056	-16.2389
89.200	-18.9639	-2.8046	-16.1592
89.225	-18.8834	-2.8036	-16.0798
89.250	-18.8031	-2.8026	-16.0005
89.275	-18.7230	-2.8016	-15.9214
89.300	-18.6430	-2.8006	-15.8423
89.325	-18.5630	-2.7996	-15.7634
89.350	-18.4832	-2.7987	-15.6845
89.375	-18.4035	-2.7977	-15.6058
89.400	-18.3239	-2.7967	-15.5272
89.425	-18.2445	-2.7958	-15.4488
89.450	-18.1653	-2.7948	-15.3705
89.475	-18.0863	-2.7939	-15.2924
89.500	-18.0075	-2.7930	-15.2145
89.525	-17.9288	-2.7921	-15.1368
89.550	-17.8505	-2.7912	-15.0593
89.575	-17.7723	-2.7903	-14.9821
89.600	-17.6945	-2.7894	-14.9051
89.625	-17.6170	-2.7885	-14.8285
89.650	-17.5398	-2.7876	-14.7521
89.675	-17.4628	-2.7868	-14.6760
89.700	-17.3861	-2.7859	-14.6002
89.725	-17.3097	-2.7851	-14.5246
89.750	-17.2335	-2.7842	-14.4493
89.775	-17.1575	-2.7834	-14.3741
89.800	-17.0817	-2.7826	-14.2991
89.825	-17.0061	-2.7818	-14.2243
89.850	-16.9307	-2.7810	-14.1496
89.875	-16.8555	-2.7802	-14.0752
89.900	-16.7805	-2.7795	-14.0010
89.925	-16.7057	-2.7787	-13.9270
89.950	-16.6312	-2.7779	-13.8532
89.975	-16.5569	-2.7772	-13.7797
90.000	-16.4828	-2.7764	-13.7064
90.025	-16.4091	-2.7757	-13.6334
90.050	-16.3356	-2.7750	-13.5607
90.075	-16.2625	-2.7742	-13.4883
90.100	-16.1897	-2.7735	-13.4162
90.125	-16.1174	-2.7728	-13.3445
90.150	-16.0454	-2.7721	-13.2733
90.175	-15.9738	-2.7714	-13.2024
90.200	-15.9027	-2.7707	-13.1320
90.225	-15.8321	-2.7701	-13.0620
90.250	-15.7618	-2.7694	-12.9924
90.275	-15.6920	-2.7687	-12.9233
90.300	-15.6226	-2.7681	-12.8545
90.325	-15.5536	-2.7674	-12.7862
90.350	-15.4851	-2.7668	-12.7183
90.375	-15.4169	-2.7662	-12.6507
90.400	-15.3490	-2.7656	-12.5834
90.425	-15.2814	-2.7650	-12.5165
90.450	-15.2142	-2.7643	-12.4499
90.475	-15.1473	-2.7638	-12.3835
90.500	-15.0806	-2.7632	-12.3174
90.525	-15.0143	-2.7626	-12.2517
90.550	-14.9482	-2.7620	-12.1862
90.575	-14.8825	-2.7615	-12.1210
90.600	-14.8170	-2.7609	-12.0561
90.625	-14.7519	-2.7604	-11.9915
90.650	-14.6870	-2.7599	-11.9272
90.675	-14.6225	-2.7594	-11.8632
90.700	-14.5584	-2.7589	-11.7995
90.725	-14.4946	-2.7584	-11.7362
90.750	-14.4311	-2.7579	-11.6732
90.775	-14.3680	-2.7574	-11.6106
90.800	-14.3054	-2.7570	-11.5484
90.825	-14.2432	-2.7565	-11.4867
90.850	-14.1814	-2.7561	-11.4253
90.875	-14.1200	-2.7557	-11.3643
90.900	-14.0590	-2.7553	-11.3037
90.925	-13.9982	-2.7549	-11.2433
90.950	-13.9377	-2.7545	-11.1832
90.975	-13.8775	-2.7542	-11.1233
91.000	-13.8174	-2.7539	-11.0636
91.025	-13.7576	-2.7536	-11.0040
91.050	-13.6980	-2.7533	-10.9447
91.075	-13.6385	-2.7530	-10.8855
91.100	-13.5793	-2.7528	-10.8265
91.125	-13.5202	-2.7526	-10.7676
91.150	-13.4613	-2.7524	-10.7088
91.175	-13.4025	-2.7523	-10.6502
91.200	-13.3438	-2.7522	-10.5916
91.225	-13.2853	-2.7521	-10.5332
91.250	-13.2270	-2.7520	-10.4750
91.275	-13.1688	-2.7520	-10.4168
91.300	-13.1107	-2.7520	-10.3588
91.325	-13.0528	-2.7520	-10.3009
91.350	-12.9950	-2.7519	-10.2431
91.375	-12.9374	-2.7519	-10.1855
91.400	-12.8799	-2.7520	-10.1280
91.425	-12.8226	-2.7520	-10.0706
91.450	-12.7654	-2.7520	-10.0134
91.475	-12.7083	-2.7520	-9.9562
91.500	-12.6513	-2.7520	-9.8992
91.525	-12.5944	-2.7521	-9.8423
91.550	-12.5377	-2.7521	-9.7856
91.575	-12.4810	-2.7522	-9.7289
91.600	-12.4245	-2.7522	-9.6723
91.625	-12.3681	-2.7523	-9.6158
91.650	-12.3118	-2.7523	-9.5595
91.675	-12.2556	-2.7524	-9.5032
91.700	-12.1995	-2.7524	-9.4471
91.725	-12.1435	-2.7525	-9.3910
91.750	-12.0876	-2.7526	-9.3351
91.775	-12.0318	-2.7527	-9.2792
91.800	-11.9761	-2.7527	-9.2234
91.825	-11.9205	-2.7528	-9.1677
91.850	-11.8650	-2.7529	-9.1121
91.875	-11.8095	-2.7530	-9.0566
91.900	-11.7542	-2.7531	-9.0012
91.925	-11.6990	-2.7532	-8.9459
91.950	-11.6439	-2.7532	-8.8907
91.975	-11.5890	-2.7533	-8.8356
92.000	-11.5342	-2.7534	-8.7807
92.025	-11.4795	-2.7535	-8.7260
92.050	-11.4250	-2.7536	-8.6714
92.075	-11.3706	-2.7537	-8.6170
92.100	-11.3164	-2.7537	-8.5626
92.125	-11.2622	-2.7538	-8.5084
92.150	-11.2081	-2.7538	-8.4543
92.175	-11.1540	-2.7539	-8.4002
92.200	-11.1000	-2.7539	-8.3461
92.225	-11.0460	-2.7539	-8.2921
92.250	-10.9920	-2.7539	-8.2381
92.275	-10.9380	-2.7538	-8.1841
92.300	-10.8839	-2.7538	-8.1301
92.325	-10.8300	-2.7538	-8.0762
92.350	-10.7760	-2.7538	-8.0222
92.375	-10.7220	-2.7537	-7.9683
92.400	-10.6681	-2.7537	-7.9144
92.425	-10.6143	-2.7536	-7.8606
92.450	-10.5605	-2.7536	-7.8069
92.475	-10.5068	-2.7535	-7.7532
92.500	-10.4531	-2.7535	-7.6996
92.525	-10.3995	-2.7534	-7.6461
92.550	-10.3460	-2.7534	-7.5926
92.575	-10.2925	-2.7533	-7.5392
92.600	-10.2391	-2.7533	-7.4858
92.625	-10.1856	-2.7532	-7.4324
92.650	-10.1322	-2.7532	-7.3791
92.675	-10.0789	-2.7531	-7.3257
92.700	-10.0255	-2.7531	-7.2724
92.725	-9.9722	-2.7530	-7.2191
92.750	-9.9189	-2.7530	-7.1659
92.775	-9.8656	-2.7530	-7.1127
92.800	-9.8124	-2.7529	-7.0595
92.825	-9.7592	-2.7529	-7.0064
92.850	-9.7061	-2.7528	-6.9533
92.875	-9.6531	-2.7528	-6.9002
92.900	-9.6001	-2.7528	-6.8473
92.925	-9.5471	-2.7527	-6.7944
92.950	-9.4943	-2.7527	-6.7416
92.975	-9.4415	-2.7527	-6.6889
93.000	-9.3889	-2.7526	-6.6362
93.025	-9.3363	-2.7526	-6.5837
93.050	-9.2838	-2.7526	-6.5312
93.075	-9.2314	-2.7526	-6.4789
93.100	-9.1792	-2.7525	-6.4266
93.125	-9.1270	-2.7525	-6.3745
93.150	-9.0749	-2.7525	-6.3224
93.175	-9.0230	-2.7525	-6.2705
93.200	-8.9711	-2.7525	-6.2186
93.225	-8.9193	-2.7525	-6.1668
93.250	-8.8675	-2.7524	-6.1151
93.275	-8.8159	-2.7524	-6.0635
93.300	-8.7643	-2.7524	-6.0119
93.325	-8.7128	-2.7524	-5.9604
93.350	-8.6614	-2.7524	-5.9090
93.375	-8.6100	-2.7524	-5.8577
93.400	-8.5587	-2.7523	-5.8064
93.425	-8.5075	-2.7523	-5.7552
93.450	-8.4564	-2.7523	-5.7041
93.475	-8.4053	-2.7523	-5.6530
93.500	-8.3544	-2.7523	-5.6021
93.525	-8.3036	-2.7523	-5.5513
93.550	-8.2528	-2.7523	-5.5005
93.575	-8.2022	-2.7523	-5.4499
93.600	-8.1516	-2.7523	-5.3994
93.625	-8.1012	-2.7522	-5.3489
93.650	-8.0508	-2.7522	-5.2986
93.675	-8.0006	-2.7522	-5.2483
93.700	-7.9505	-2.7522	-5.1982
93.725	-7.9005	-2.7522	-5.1482
93.750	-7.8506	-2.7522	-5.0984
93.775	-7.8009	-2.7523	-5.0487
93.800	-7.7514	-2.7523	-4.9991
93.825	-7.7019	-2.7523	-4.9496
93.850	-7.6526	-2.7523	-4.9003
93.875	-7.6034	-2.7523	-4.8511
93.900	-7.5543	-2.7523	-4.8019
93.925	-7.5053	-2.7524	-4.7529
93.950	-7.4563	-2.7524	-4.7040
93.975	-7.4075	-2.7524	-4.6551
94.000	-7.3588	-2.7525	-4.6064
94.025	-7.3102	-2.7525	-4.5577
94.050	-7.2617	-2.7525	-4.5092
94.075	-7.2134	-2.7526	-4.4608
94.100	-7.1652	-2.7527	-4.4126
94.125	-7.1172	-2.7528	-4.3644
94.150	-7.0692	-2.7529	-4.3163
94.175	-7.0212	-2.7530	-4.2682
94.200	-6.9732	-2.7531	-4.2201
94.225	-6.9253	-2.7532	-4.1720
94.250	-6.8773	-2.7534	-4.1238
94.275	-6.8292	-2.7536	-4.0756
94.300	-6.7810	-2.7538	-4.0272
94.325	-6.7328	-2.7540	-3.9788
94.350	-6.6845	-2.7543	-3.9302
94.375	-6.6361	-2.7546	-3.8815
94.400	-6.5875	-2.7548	-3.8327
94.425	-6.5388	-2.7551	-3.7837
94.450	-6.4900	-2.7555	-3.7346
94.475	-6.4411	-2.7558	-3.6853
94.500	-6.3920	-2.7561	-3.6359
94.525	-6.3428	-2.7564	-3.5864
94.550	-6.2935	-2.7567	-3.5368
94.575	-6.2441	-2.7570	-3.4871
94.600	-6.1946	-2.7573	-3.4373
94.625	-6.1450	-2.7576	-3.3873
94.650	-6.0952	-2.7579	-3.3373
94.675	-6.0454	-2.7582	-3.2872
94.700	-5.9955	-2.7585	-3.2370
94.725	-5.9455	-2.7588	-3.1867
94.750	-5.8955	-2.7591	-3.1363
94.775	-5.8453	-2.7594	-3.0859
94.800	-5.7950	-2.7597	-3.0353
94.825	-5.7447	-2.7600	-2.9848
94.850	-5.6944	-2.7603	-2.9341
94.875	-5.6440	-2.7606	-2.8835
94.900	-5.5936	-2.7609	-2.8328
94.925	-5.5432	-2.7611	-2.7821
94.950	-5.4928	-2.7614	-2.7314
94.975	-5.4423	-2.7617	-2.6806
95.000	-5.3919	-2.7620	-2.6299
95.025	-5.3414	-2.7622	-2.5792
95.050	-5.2909	-2.7625	-2.5284
95.075	-5.2404	-2.7628	-2.4777
95.100	-5.1899	-2.7630	-2.4269
95.125	-5.1394	-2.7633	-2.3761
95.150	-5.0888	-2.7635	-2.3253
95.175	-5.0382	-2.7638	-2.2744
95.200	-4.9876	-2.7640	-2.2235
95.225	-4.9369	-2.7643	-2.1727
95.250	-4.8863	-2.7645	-2.1217
95.275	-4.8356	-2.7648	-2.0708
95.300	-4.7849	-2.7650	-2.0199
95.325	-4.7342	-2.7652	-1.9690
95.350	-4.6836	-2.7655	-1.9181
95.375	-4.6330	-2.7657	-1.8672
95.400	-4.5824	-2.7659	-1.8164
95.425	-4.5318	-2.7662	-1.7656
95.450	-4.4813	-2.7664	-1.7149
95.475	-4.4309	-2.7666	-1.6643
95.500	-4.3806	-2.7668	-1.6137
95.525	-4.3303	-2.7671	-1.5632
95.550	-4.2802	-2.7673	-1.5129
95.575	-4.2301	-2.7675	-1.4626
95.600	-4.1803	-2.7677	-1.4125
95.625	-4.1305	-2.7679	-1.3626
95.650	-4.0810	-2.7681	-1.3128
95.675	-4.0316	-2.7683	-1.2633
95.700	-3.9825	-2.7686	-1.2140
95.725	-3.9336	-2.7688	-1.1649
95.750	-3.8850	-2.7690	-1.1161
95.775	-3.8367	-2.7692	-1.0675
95.800	-3.7887	-2.7694	-1.0193
95.825	-3.7410	-2.7696	-0.9714
95.850	-3.6936	-2.7698	-0.9239
95.875	-3.6466	-2.7700	-0.8766
95.900	-3.6000	-2.7702	-0.8298
95.925	-3.5537	-2.7704	-0.7833
95.950	-3.5078	-2.7706	-0.7372
95.975	-3.4624	-2.7708	-0.6916
96.000	-3.4173	-2.7710	-0.6463
96.025	-3.3726	-2.7712	-0.6014
96.050	-3.3282	-2.7714	-0.5568
96.075	-3.2840	-2.7716	-0.5124
96.100	-3.2401	-2.7718	-0.4683
96.125	-3.1964	-2.7720	-0.4244
96.150	-3.1529	-2.7722	-0.3807
96.175	-3.1095	-2.7724	-0.3372
96.200	-3.0663	-2.7725	-0.2937
96.225	-3.0231	-2.7727	-0.2504
96.250	-2.9801	-2.7729	-0.2072
96.275	-2.9372	-2.7731	-0.1640
96.300	-2.8943	-2.7733	-0.1210
96.325	-2.8515	-2.7735	-0.0780
96.350	-2.8089	-2.7737	-0.0352
96.375	-2.7664	-2.7739	0.0075
96.400	-2.7241	-2.7741	0.0499
96.425	-2.6821	-2.7743	0.0922
96.450	-2.6403	-2.7745	0.1342
96.475	-2.5986	-2.7746	0.1761
96.500	-2.5570	-2.7748	0.2179
96.525	-2.5154	-2.7750	0.2596
96.550	-2.4738	-2.7752	0.3014
96.575	-2.4322	-2.7754	0.3432
96.600	-2.3906	-2.7756	0.3850
96.625	-2.3489	-2.7758	0.4269
96.650	-2.3071	-2.7759	0.4688
96.675	-2.2653	-2.7761	0.5108
96.700	-2.2234	-2.7763	0.5529
96.725	-2.1815	-2.7765	0.5950
96.750	-2.1395	-2.7767	0.6372
96.775	-2.0974	-2.7768	0.6794
96.800	-2.0553	-2.7770	0.7217
96.825	-2.0131	-2.7772	0.7640
96.850	-1.9709	-2.7774	0.8064
96.875	-1.9287	-2.7775	0.8489
96.900	-1.8863	-2.7777	0.8913
96.925	-1.8440	-2.7779	0.9339
96.950	-1.8016	-2.7780	0.9765
96.975	-1.7591	-2.7782	1.0191
97.000	-1.7166	-2.7783	1.0618
97.025	-1.6740	-2.7785	1.1045
97.050	-1.6315	-2.7787	1.1472
97.075	-1.5889	-2.7788	1.1899
97.100	-1.5463	-2.7790	1.2327
97.125	-1.5037	-2.7791	1.2754
97.150	-1.4612	-2.7793	1.3181
97.175	-1.4188	-2.7794	1.3606
97.200	-1.3764	-2.7795	1.4031
97.225	-1.3343	-2.7797	1.4454
97.250	-1.2924	-2.7798	1.4874
97.275	-1.2507	-2.7799	1.5293
97.300	-1.2091	-2.7801	1.5709
97.325	-1.1678	-2.7802	1.6124
97.350	-1.1265	-2.7803	1.6538
97.375	-1.0854	-2.7804	1.6950
97.400	-1.0444	-2.7806	1.7362
97.425	-1.0034	-2.7807	1.7773
97.450	-0.9625	-2.7808	1.8183
97.475	-0.9216	-2.7809	1.8593
97.500	-0.8808	-2.7810	1.9002
97.525	-0.8398	-2.7811	1.9412
97.550	-0.7989	-2.7812	1.9823
97.575	-0.7578	-2.7813	2.0235
97.600	-0.7167	-2.7814	2.0647
97.625	-0.6754	-2.7815	2.1061
97.650	-0.6339	-2.7816	2.1476
97.675	-0.5923	-2.7816	2.1893
97.700	-0.5506	-2.7817	2.2311
97.725	-0.5087	-2.7818	2.2731
97.750	-0.4667	-2.7819	2.3152
97.775	-0.4245	-2.7820	2.3574
97.800	-0.3823	-2.7820	2.3998
97.825	-0.3399	-2.7821	2.4422
97.850	-0.2974	-2.7822	2.4848
97.875	-0.2548	-2.7822	2.5274
97.900	-0.2121	-2.7823	2.5701
97.925	-0.1694	-2.7823	2.6130
97.950	-0.1265	-2.7824	2.6559
97.975	-0.0836	-2.7824	2.6988
98.000	-0.0406	-2.7825	2.7419
98.025	0.0025	-2.7825	2.7850
98.050	0.0456	-2.7826	2.8282
98.075	0.0888	-2.7826	2.8714
98.100	0.1320	-2.7827	2.9147
98.125	0.1753	-2.7827	2.9580
98.150	0.2186	-2.7827	3.0014
98.175	0.2620	-2.7827	3.0448
98.200	0.3055	-2.7828	3.0882
98.225	0.3490	-2.7828	3.1318
98.250	0.3925	-2.7828	3.1753
98.275	0.4362	-2.7828	3.2190
98.300	0.4799	-2.7828	3.2627
98.325	0.5236	-2.7828	3.3065
98.350	0.5674	-2.7829	3.3503
98.375	0.6113	-2.7829	3.3942
98.400	0.6553	-2.7829	3.4381
98.425	0.6993	-2.7829	3.4822
98.450	0.7436	-2.7828	3.5265
98.475	0.7881	-2.7828	3.5709
98.500	0.8328	-2.7828	3.6156
98.525	0.8778	-2.7828	3.6606
98.550	0.9230	-2.7828	3.7058
98.575	0.9686	-2.7828	3.7513
98.600	1.0144	-2.7827	3.7971
98.625	1.0605	-2.7826	3.8432
98.650	1.1069	-2.7826	3.8895
98.675	1.1536	-2.7825	3.9361
98.700	1.2006	-2.7824	3.9830
98.725	1.2479	-2.7823	4.0302
98.750	1.2954	-2.7821	4.0775
98.775	1.3432	-2.7820	4.1251
98.800	1.3911	-2.7818	4.1729
98.825	1.4393	-2.7817	4.2209
98.850	1.4876	-2.7815	4.2691
98.875	1.5361	-2.7813	4.3174
98.900	1.5848	-2.7810	4.3658
98.925	1.6336	-2.7808	4.4144
98.950	1.6826	-2.7805	4.4632
98.975	1.7318	-2.7803	4.5120
99.000	1.7811	-2.7800	4.5611
99.025	1.8306	-2.7797	4.6103
99.050	1.8802	-2.7794	4.6596
99.075	1.9300	-2.7791	4.7091
99.100	1.9799	-2.7788	4.7587
99.125	2.0300	-2.7785	4.8085
99.150	2.0803	-2.7782	4.8585
99.175	2.1308	-2.7778	4.9086
99.200	2.1815	-2.7775	4.9590
99.225	2.2323	-2.7772	5.0095
99.250	2.2833	-2.7769	5.0602
99.275	2.3346	-2.7765	5.1111
99.300	2.3860	-2.7762	5.1622
99.325	2.4377	-2.7759	5.2135
99.350	2.4896	-2.7755	5.2651
99.375	2.5417	-2.7752	5.3169
99.400	2.5940	-2.7749	5.3689
99.425	2.6465	-2.7745	5.4211
99.450	2.6993	-2.7742	5.4735
99.475	2.7523	-2.7739	5.5262
99.500	2.8055	-2.7736	5.5791
99.525	2.8590	-2.7733	5.6323
99.550	2.9127	-2.7730	5.6857
99.575	2.9666	-2.7727	5.7393
99.600	3.0208	-2.7724	5.7933
99.625	3.0753	-2.7722	5.8474
99.650	3.1300	-2.7719	5.9019
99.675	3.1850	-2.7716	5.9566
99.700	3.2402	-2.7714	6.0116
99.725	3.2958	-2.7712	6.0669
99.750	3.3516	-2.7709	6.1225
99.775	3.4078	-2.7707	6.1785
99.800	3.4642	-2.7705	6.2347
99.825	3.5210	-2.7703	6.2913
99.850	3.5780	-2.7702	6.3482
99.875	3.6354	-2.7700	6.4054
99.900	3.6931	-2.7699	6.4630
99.925	3.7511	-2.7698	6.5208
99.950	3.8093	-2.7697	6.5790
99.975	3.8679	-2.7696	6.6375
100.000	3.9267	-2.7695	6.6962
100.025	3.9858	-2.7694	6.7552
100.050	4.0452	-2.7694	6.8145
100.075	4.1048	-2.7693	6.8741
100.100	4.1648	-2.7692	6.9340
100.125	4.2249	-2.7691	6.9941
100.150	4.2854	-2.7690	7.0544
100.175	4.3460	-2.7689	7.1150
100.200	4.4069	-2.7689	7.1758
100.225	4.4680	-2.7688	7.2368
100.250	4.5293	-2.7687	7.2979
100.275	4.5907	-2.7686	7.3593
100.300	4.6523	-2.7685	7.4207
100.325	4.7140	-2.7684	7.4824
100.350	4.7758	-2.7683	7.5441
100.375	4.8377	-2.7682	7.6059
100.400	4.8997	-2.7681	7.6678
100.425	4.9618	-2.7680	7.7298
100.450	5.0239	-2.7679	7.7918
100.475	5.0861	-2.7678	7.8539
100.500	5.1483	-2.7677	7.9160
100.525	5.2105	-2.7676	7.9781
100.550	5.2728	-2.7675	8.0403
100.575	5.3350	-2.7674	8.1024
100.600	5.3973	-2.7673	8.1645
100.625	5.4595	-2.7672	8.2267
100.650	5.5217	-2.7671	8.2887
100.675	5.5839	-2.7669	8.3508
100.700	5.6461	-2.7668	8.4129
100.725	5.7082	-2.7667	8.4749
100.750	5.7704	-2.7666	8.5370
100.775	5.8325	-2.7665	8.5990
100.800	5.8946	-2.7664	8.6609
100.825	5.9567	-2.7662	8.7229
100.850	6.0187	-2.7661	8.7848
100.875	6.0807	-2.7660	8.8467
100.900	6.1427	-2.7658	8.9086
100.925	6.2047	-2.7657	8.9704
100.950	6.2666	-2.7656	9.0321
100.975	6.3284	-2.7654	9.0938
101.000	6.3902	-2.7653	9.1555
101.025	6.4519	-2.7651	9.2170
101.050	6.5135	-2.7650	9.2785
101.075	6.5751	-2.7648	9.3399
101.100	6.6365	-2.7646	9.4011
101.125	6.6978	-2.7645	9.4622
101.150	6.7590	-2.7643	9.5233
101.175	6.8200	-2.7641	9.5842
101.200	6.8810	-2.7640	9.6449
101.225	6.9417	-2.7638	9.7055
101.250	7.0023	-2.7636	9.7659
101.275	7.0628	-2.7634	9.8262
101.300	7.1230	-2.7632	9.8862
101.325	7.1830	-2.7630	9.9460
101.350	7.2428	-2.7628	10.0056
101.375	7.3024	-2.7626	10.0650
101.400	7.3617	-2.7624	10.1241
101.425	7.4209	-2.7622	10.1831
101.450	7.4799	-2.7620	10.2418
101.475	7.5387	-2.7618	10.3004
101.500	7.5974	-2.7615	10.3589
101.525	7.6560	-2.7613	10.4173
101.550	7.7145	-2.7611	10.4756
101.575	7.7729	-2.7608	10.5337
101.600	7.8312	-2.7606	10.5919
101.625	7.8896	-2.7604	10.6499
101.650	7.9479	-2.7601	10.7080
101.675	8.0061	-2.7599	10.7660
101.700	8.0645	-2.7596	10.8241
101.725	8.1228	-2.7594	10.8822
101.750	8.1812	-2.7591	10.9403
101.775	8.2397	-2.7588	10.9986
101.800	8.2983	-2.7586	11.0568
101.825	8.3569	-2.7583	11.1152
101.850	8.4157	-2.7580	11.1737
101.875	8.4745	-2.7577	11.2322
101.900	8.5333	-2.7574	11.2908
101.925	8.5923	-2.7572	11.3494
101.950	8.6513	-2.7569	11.4081
101.975	8.7103	-2.7566	11.4669
102.000	8.7694	-2.7563	11.5257
102.025	8.8285	-2.7560	11.5845
102.050	8.8877	-2.7556	11.6434
102.075	8.9470	-2.7553	11.7023
102.100	9.0062	-2.7550	11.7612
102.125	9.0655	-2.7547	11.8202
102.150	9.1249	-2.7544	11.8793
102.175	9.1843	-2.7540	11.9383
102.200	9.2437	-2.7537	11.9974
102.225	9.3031	-2.7534	12.0565
102.250	9.3626	-2.7530	12.1156
102.275	9.4220	-2.7527	12.1747
102.300	9.4814	-2.7524	12.2337
102.325	9.5407	-2.7520	12.2927
102.350	9.6000	-2.7516	12.3516
102.375	9.6593	-2.7513	12.4105
102.400	9.7185	-2.7509	12.4694
102.425	9.7776	-2.7506	12.5282
102.450	9.8368	-2.7502	12.5870
102.475	9.8959	-2.7498	12.6458
102.500	9.9551	-2.7494	12.7046
102.525	10.0143	-2.7490	12.7634
102.550	10.0736	-2.7487	12.8223
102.575	10.1330	-2.7483	12.8813
102.600	10.1925	-2.7479	12.9404
102.625	10.2521	-2.7475	12.9996
102.650	10.3118	-2.7471	13.0589
102.675	10.3717	-2.7467	13.1184
102.700	10.4318	-2.7463	13.1780
102.725	10.4920	-2.7458	13.2378
102.750	10.5524	-2.7454	13.2978
102.775	10.6131	-2.7450	13.3580
102.800	10.6739	-2.7446	13.4185
102.825	10.7350	-2.7441	13.4791
102.850	10.7963	-2.7437	13.5400
102.875	10.8578	-2.7433	13.6011
102.900	10.9196	-2.7428	13.6624
102.925	10.9816	-2.7424	13.7239
102.950	11.0438	-2.7419	13.7857
102.975	11.1062	-2.7415	13.8477
103.000	11.1689	-2.7410	13.9099
103.025	11.2318	-2.7405	13.9723
103.050	11.2949	-2.7401	14.0350
103.075	11.3582	-2.7396	14.0978
103.100	11.4217	-2.7391	14.1609
103.125	11.4854	-2.7387	14.2241
103.150	11.5493	-2.7382	14.2875
103.175	11.6134	-2.7377	14.3510
103.200	11.6776	-2.7372	14.4148
103.225	11.7420	-2.7367	14.4787
103.250	11.8067	-2.7362	14.5429
103.275	11.8715	-2.7357	14.6072
103.300	11.9366	-2.7352	14.6717
103.325	12.0018	-2.7347	14.7365
103.350	12.0673	-2.7342	14.8015
103.375	12.1331	-2.7336	14.8667
103.400	12.1990	-2.7331	14.9322
103.425	12.2652	-2.7326	14.9978
103.450	12.3317	-2.7321	15.0637
103.475	12.3984	-2.7315	15.1299
103.500	12.4653	-2.7310	15.1963
103.525	12.5324	-2.7304	15.2629
103.550	12.5998	-2.7299	15.3297
103.575	12.6674	-2.7293	15.3967
103.600	12.7352	-2.7288	15.4640
103.625	12.8031	-2.7282	15.5314
103.650	12.8713	-2.7276	15.5989
103.675	12.9395	-2.7271	15.6666
103.700	13.0079	-2.7265	15.7344
103.725	13.0764	-2.7259	15.8023
103.750	13.1450	-2.7253	15.8703
103.775	13.2137	-2.7247	15.9384
103.800	13.2825	-2.7241	16.0066
103.825	13.3514	-2.7235	16.0749
103.850	13.4204	-2.7229	16.1433
103.875	13.4895	-2.7223	16.2117
103.900	13.5586	-2.7216	16.2803
103.925	13.6278	-2.7210	16.3488
103.950	13.6971	-2.7204	16.4175
103.975	13.7664	-2.7197	16.4862
104.000	13.8358	-2.7191	16.5549
104.025	13.9052	-2.7184	16.6236
104.050	13.9745	-2.7178	16.6923
104.075	14.0438	-2.7171	16.7609
104.100	14.1131	-2.7164	16.8295
104.125	14.1823	-2.7157	16.8980
104.150	14.2513	-2.7151	16.9664
104.175	14.3203	-2.7144	17.0347
104.200	14.3891	-2.7137	17.1028
104.225	14.4578	-2.7130	17.1708
104.250	14.5263	-2.7123	17.2386
104.275	14.5946	-2.7116	17.3062
104.300	14.6627	-2.7109	17.3736
104.325	14.7307	-2.7102	17.4408
104.350	14.7984	-2.7095	17.5079
104.375	14.8660	-2.7087	17.5747
104.400	14.9334	-2.7080	17.6414
104.425	15.0006	-2.7073	17.7079
104.450	15.0677	-2.7066	17.7743
104.475	15.1348	-2.7058	17.8406
104.500	15.2017	-2.7051	17.9068
104.525	15.2685	-2.7044	17.9729
104.550	15.3354	-2.7036	18.0390
104.575	15.4021	-2.7029	18.1050
104.600	15.4689	-2.7021	18.1710
104.625	15.5356	-2.7014	18.2370
104.650	15.6023	-2.7006	18.3029
104.675	15.6690	-2.6999	18.3688
104.700	15.7356	-2.6991	18.4347
104.725	15.8021	-2.6984	18.5005
104.750	15.8686	-2.6976	18.5662
104.775	15.9350	-2.6968	18.6318
104.800	16.0014	-2.6960	18.6974
104.825	16.0676	-2.6953	18.7629
104.850	16.1338	-2.6945	18.8283
104.875	16.1998	-2.6937	18.8935
104.900	16.2658	-2.6929	18.9587
104.925	16.3318	-2.6921	19.0239
104.950	16.3976	-2.6913	19.0889
104.975	16.4634	-2.6905	19.1539
105.000	16.5291	-2.6897	19.2188
105.025	16.5948	-2.6889	19.2837
105.050	16.6604	-2.6881	19.3485
105.075	16.7259	-2.6873	19.4132
105.100	16.7914	-2.6865	19.4779
105.125	16.8568	-2.6857	19.5425
105.150	16.9222	-2.6848	19.6071
105.175	16.9876	-2.6840	19.6716
105.200	17.0529	-2.6832	19.7360
105.225	17.1181	-2.6824	19.8005
105.250	17.1833	-2.6815	19.8648
105.275	17.2485	-2.6807	19.9292
105.300	17.3136	-2.6798	19.9934
105.325	17.3786	-2.6790	20.0575
105.350	17.4434	-2.6781	20.1216
105.375	17.5082	-2.6773	20.1854
105.400	17.5728	-2.6764	20.2492
105.425	17.6372	-2.6755	20.3127
105.450	17.7014	-2.6747	20.3761
105.475	17.7654	-2.6738	20.4392
105.500	17.8292	-2.6729	20.5021
105.525	17.8927	-2.6720	20.5648
105.550	17.9561	-2.6712	20.6273
105.575	18.0193	-2.6703	20.6895
105.600	18.0823	-2.6694	20.7517
105.625	18.1452	-2.6685	20.8137
105.650	18.2080	-2.6676	20.8755
105.675	18.2707	-2.6667	20.9373
105.700	18.3333	-2.6658	20.9991
105.725	18.3959	-2.6648	21.0607
105.750	18.4585	-2.6639	21.1224
105.775	18.5210	-2.6630	21.1840
105.800	18.5835	-2.6621	21.2456
105.825	18.6460	-2.6611	21.3072
105.850	18.7085	-2.6602	21.3687
105.875	18.7710	-2.6593	21.4303
105.900	18.8334	-2.6583	21.4917
105.925	18.8958	-2.6574	21.5532
105.950	18.9582	-2.6564	21.6146
105.975	19.0204	-2.6555	21.6759
106.000	19.0826	-2.6545	21.7371
106.025	19.1448	-2.6535	21.7983
106.050	19.2068	-2.6526	21.8594
106.075	19.2688	-2.6516	21.9204
106.100	19.3307	-2.6506	21.9813
106.125	19.3924	-2.6496	22.0420
106.150	19.4541	-2.6486	22.1027
106.175	19.5157	-2.6476	22.1633
106.200	19.5771	-2.6466	22.2238
106.225	19.6385	-2.6456	22.2841
106.250	19.6997	-2.6446	22.3443
106.275	19.7608	-2.6436	22.4044
106.300	19.8217	-2.6426	22.4643
106.325	19.8825	-2.6415	22.5240
106.350	19.9431	-2.6405	22.5836
106.375	20.0036	-2.6395	22.6431
106.400	20.0639	-2.6384	22.7023
106.425	20.1240	-2.6374	22.7614
106.450	20.1840	-2.6363	22.8203
106.475	20.2437	-2.6353	22.8790
106.500	20.3033	-2.6342	22.9375
106.525	20.3627	-2.6331	22.9957
106.550	20.4218	-2.6319	23.0538
106.575	20.4808	-2.6308	23.1116
106.600	20.5394	-2.6297	23.1691
106.625	20.5979	-2.6285	23.2264
106.650	20.6560	-2.6273	23.2833
106.675	20.7139	-2.6261	23.3400
106.700	20.7715	-2.6249	23.3964
106.725	20.8289	-2.6237	23.4526
106.750	20.8860	-2.6225	23.5084
106.775	20.9428	-2.6212	23.5640
106.800	20.9994	-2.6199	23.6194
106.825	21.0558	-2.6186	23.6744
106.850	21.1119	-2.6173	23.7292
106.875	21.1678	-2.6159	23.7837
106.900	21.2233	-2.6146	23.8379
106.925	21.2787	-2.6132	23.8919
106.950	21.3338	-2.6118	23.9456
106.975	21.3887	-2.6104	23.9990
107.000	21.4433	-2.6089	24.0522
107.025	21.4977	-2.6075	24.1052
107.050	21.5519	-2.6060	24.1578
107.075	21.6058	-2.6045	24.2102
107.100	21.6594	-2.6030	24.2624
107.125	21.7128	-2.6014	24.3143
107.150	21.7660	-2.5999	24.3659
107.175	21.8189	-2.5983	24.4173
107.200	21.8716	-2.5967	24.4684
107.225	21.9241	-2.5951	24.5192
107.250	21.9764	-2.5935	24.5699
107.275	22.0285	-2.5918	24.6203
107.300	22.0805	-2.5902	24.6706
107.325	22.1323	-2.5885	24.7208
107.350	22.1840	-2.5868	24.7708
107.375	22.2357	-2.5851	24.8207
107.400	22.2872	-2.5833	24.8706
107.425	22.3387	-2.5816	24.9203
107.450	22.3901	-2.5799	24.9700
107.475	22.4415	-2.5781	25.0197
107.500	22.4929	-2.5764	25.0692
107.525	22.5441	-2.5746	25.1187
107.550	22.5953	-2.5729	25.1682
107.575	22.6465	-2.5711	25.2175
107.600	22.6975	-2.5693	25.2668
107.625	22.7485	-2.5675	25.3161
107.650	22.7994	-2.5658	25.3652
107.675	22.8503	-2.5640	25.4143
107.700	22.9010	-2.5622	25.4632
107.725	22.9516	-2.5604	25.5121
107.750	23.0022	-2.5587	25.5609
107.775	23.0526	-2.5569	25.6095
107.800	23.1030	-2.5552	25.6581
107.825	23.1532	-2.5534	25.7066
107.850	23.2033	-2.5516	25.7550
107.875	23.2534	-2.5499	25.8033
107.900	23.3034	-2.5481	25.8515
107.925	23.3533	-2.5463	25.8996
107.950	23.4032	-2.5445	25.9477
107.975	23.4531	-2.5426	25.9957
108.000	23.5029	-2.5407	26.0436
108.025	23.5526	-2.5388	26.0914
108.050	23.6023	-2.5369	26.1392
108.075	23.6519	-2.5350	26.1869
108.100	23.7015	-2.5330	26.2345
108.125	23.7510	-2.5311	26.2821
108.150	23.8004	-2.5291	26.3296
108.175	23.8499	-2.5271	26.3770
108.200	23.8993	-2.5251	26.4244
108.225	23.9487	-2.5231	26.4718
108.250	23.9980	-2.5211	26.5191
108.275	24.0474	-2.5191	26.5665
108.300	24.0968	-2.5170	26.6138
108.325	24.1462	-2.5150	26.6612
108.350	24.1956	-2.5129	26.7085
108.375	24.2450	-2.5108	26.7559
108.400	24.2945	-2.5087	26.8032
108.425	24.3440	-2.5066	26.8506
108.450	24.3936	-2.5045	26.8981
108.475	24.4433	-2.5024	26.9456
108.500	24.4930	-2.5002	26.9932
108.525	24.5428	-2.4980	27.0408
108.550	24.5927	-2.4958	27.0886
108.575	24.6427	-2.4936	27.1363
108.600	24.6928	-2.4914	27.1842
108.625	24.7429	-2.4892	27.2321
108.650	24.7932	-2.4869	27.2801
108.675	24.8435	-2.4846	27.3281
108.700	24.8939	-2.4822	27.3762
108.725	24.9444	-2.4799	27.4243
108.750	24.9950	-2.4775	27.4725
108.775	25.0456	-2.4751	27.5207
108.800	25.0962	-2.4727	27.5689
108.825	25.1469	-2.4703	27.6172
108.850	25.1976	-2.4679	27.6655
108.875	25.2484	-2.4655	27.7139
108.900	25.2993	-2.4630	27.7623
108.925	25.3501	-2.4606	27.8107
108.950	25.4010	-2.4582	27.8592
108.975	25.4519	-2.4557	27.9076
109.000	25.5028	-2.4533	27.9561
109.025	25.5537	-2.4509	28.0046
109.050	25.6045	-2.4485	28.0530
109.075	25.6554	-2.4460	28.1014
109.100	25.7062	-2.4436	28.1498
109.125	25.7569	-2.4411	28.1981
109.150	25.8077	-2.4387	28.2463
109.175	25.8583	-2.4361	28.2945
109.200	25.9090	-2.4336	28.3426
109.225	25.9596	-2.4311	28.3906
109.250	26.0101	-2.4285	28.4386
109.275	26.0605	-2.4259	28.4864
109.300	26.1109	-2.4233	28.5342
109.325	26.1612	-2.4207	28.5819
109.350	26.2114	-2.4181	28.6295
109.375	26.2616	-2.4155	28.6771
109.400	26.3117	-2.4128	28.7245
109.425	26.3618	-2.4101	28.7719
109.450	26.4119	-2.4073	28.8192
109.475	26.4619	-2.4045	28.8665
109.500	26.5120	-2.4017	28.9137
109.525	26.5619	-2.3989	28.9608
109.550	26.6119	-2.3960	29.0079
109.575	26.6618	-2.3931	29.0549
109.600	26.7117	-2.3901	29.1018
109.625	26.7616	-2.3872	29.1487
109.650	26.8114	-2.3842	29.1956
109.675	26.8612	-2.3812	29.2424
109.700	26.9109	-2.3783	29.2891
109.725	26.9606	-2.3753	29.3358
109.750	27.0102	-2.3723	29.3825
109.775	27.0597	-2.3693	29.4290
109.800	27.1093	-2.3663	29.4756
109.825	27.1587	-2.3633	29.5220
109.850	27.2081	-2.3603	29.5685
109.875	27.2575	-2.3573	29.6148
109.900	27.3068	-2.3543	29.6611
109.925	27.3561	-2.3512	29.7073
109.950	27.4053	-2.3482	29.7535
109.975	27.4545	-2.3451	29.7996
110.000	27.5036	-2.3420	29.8456
110.025	27.5527	-2.3389	29.8916
110.050	27.6017	-2.3358	29.9375
110.075	27.6506	-2.3327	29.9833
110.100	27.6995	-2.3295	30.0290
110.125	27.7483	-2.3264	30.0747
110.150	27.7971	-2.3232	30.1203
110.175	27.8458	-2.3200	30.1658
110.200	27.8945	-2.3168	30.2112
110.225	27.9431	-2.3135	30.2566
110.250	27.9916	-2.3103	30.3019
110.275	28.0401	-2.3070	30.3471
110.300	28.0885	-2.3037	30.3922
110.325	28.1369	-2.3004	30.4373
110.350	28.1853	-2.2971	30.4824
110.375	28.2336	-2.2938	30.5273
110.400	28.2818	-2.2904	30.5722
110.425	28.3300	-2.2871	30.6171
110.450	28.3781	-2.2837	30.6619
110.475	28.4263	-2.2804	30.7067
110.500	28.4743	-2.2771	30.7514
110.525	28.5224	-2.2737	30.7961
110.550	28.5704	-2.2704	30.8408
110.575	28.6184	-2.2671	30.8855
110.600	28.6664	-2.2638	30.9302
110.625	28.7144	-2.2605	30.9749
110.650	28.7624	-2.2572	31.0196
110.675	28.8104	-2.2539	31.0643
110.700	28.8584	-2.2506	31.1090
110.725	28.9063	-2.2474	31.1536
110.750	28.9540	-2.2441	31.1982
110.775	29.0017	-2.2409	31.2426
110.800	29.0493	-2.2376	31.2869
110.825	29.0967	-2.2344	31.3312
110.850	29.1441	-2.2312	31.3753
110.875	29.1913	-2.2280	31.4193
110.900	29.2383	-2.2248	31.4632
110.925	29.2853	-2.2216	31.5069
110.950	29.3321	-2.2184	31.5505
110.975	29.3788	-2.2151	31.5939
111.000	29.4253	-2.2119	31.6372
111.025	29.4716	-2.2087	31.6803
111.050	29.5178	-2.2055	31.7233
111.075	29.5639	-2.2022	31.7662
111.100	29.6099	-2.1990	31.8089
111.125	29.6557	-2.1958	31.8515
111.150	29.7015	-2.1926	31.8940
111.175	29.7471	-2.1894	31.9365
111.200	29.7927	-2.1862	31.9789
111.225	29.8382	-2.1830	32.0211
111.250	29.8835	-2.1798	32.0633
111.275	29.9288	-2.1766	32.1054
111.300	29.9739	-2.1735	32.1474
111.325	30.0188	-2.1704	32.1892
111.350	30.0636	-2.1672	32.2308
111.375	30.1083	-2.1641	32.2724
111.400	30.1528	-2.1609	32.3137
111.425	30.1972	-2.1577	32.3550
111.450	30.2415	-2.1545	32.3960
111.475	30.2857	-2.1512	32.4369
111.500	30.3298	-2.1479	32.4777
111.525	30.3737	-2.1446	32.5182
111.550	30.4175	-2.1412	32.5586
111.575	30.4611	-2.1378	32.5989
111.600	30.5046	-2.1343	32.6389
111.625	30.5479	-2.1308	32.6787
111.650	30.5911	-2.1272	32.7183
111.675	30.6341	-2.1237	32.7578
111.700	30.6769	-2.1201	32.7970
111.725	30.7196	-2.1164	32.8360
111.750	30.7621	-2.1128	32.8748
111.775	30.8044	-2.1091	32.9134
111.800	30.8464	-2.1053	32.9518
111.825	30.8883	-2.1016	32.9899
111.850	30.9300	-2.0978	33.0278
111.875	30.9714	-2.0940	33.0654
111.900	31.0126	-2.0902	33.1028
111.925	31.0535	-2.0863	33.1398
111.950	31.0943	-2.0824	33.1767
111.975	31.1347	-2.0785	33.2132
112.000	31.1749	-2.0745	33.2495
112.025	31.2149	-2.0705	33.2855
112.050	31.2547	-2.0665	33.3212
112.075	31.2941	-2.0624	33.3566
112.100	31.3333	-2.0583	33.3917
112.125	31.3723	-2.0542	33.4265
112.150	31.4110	-2.0500	33.4610
112.175	31.4493	-2.0458	33.4952
112.200	31.4874	-2.0416	33.5291
112.225	31.5252	-2.0374	33.5626
112.250	31.5627	-2.0331	33.5958
112.275	31.5999	-2.0288	33.6287
112.300	31.6368	-2.0244	33.6612
112.325	31.6734	-2.0200	33.6934
112.350	31.7096	-2.0156	33.7252
112.375	31.7456	-2.0111	33.7567
112.400	31.7812	-2.0066	33.7878
112.425	31.8164	-2.0021	33.8185
112.450	31.8513	-1.9976	33.8489
112.475	31.8859	-1.9930	33.8789
112.500	31.9201	-1.9884	33.9085
112.525	31.9540	-1.9838	33.9378
112.550	31.9875	-1.9792	33.9667
112.575	32.0208	-1.9745	33.9953
112.600	32.0537	-1.9699	34.0235
112.625	32.0863	-1.9652	34.0515
112.650	32.1186	-1.9605	34.0791
112.675	32.1507	-1.9558	34.1065
112.700	32.1825	-1.9511	34.1336
112.725	32.2141	-1.9464	34.1605
112.750	32.2455	-1.9417	34.1872
112.775	32.2767	-1.9370	34.2137
112.800	32.3077	-1.9322	34.2400
112.825	32.3386	-1.9275	34.2661
112.850	32.3693	-1.9227	34.2921
112.875	32.4000	-1.9179	34.3179
112.900	32.4305	-1.9131	34.3436
112.925	32.4608	-1.9083	34.3691
112.950	32.4911	-1.9034	34.3945
112.975	32.5213	-1.8985	34.4198
113.000	32.5515	-1.8936	34.4450
113.025	32.5815	-1.8886	34.4701
113.050	32.6114	-1.8837	34.4951
113.075	32.6413	-1.8787	34.5200
113.100	32.6711	-1.8736	34.5448
113.125	32.7009	-1.8686	34.5694
113.150	32.7305	-1.8635	34.5940
113.175	32.7601	-1.8584	34.6185
113.200	32.7897	-1.8532	34.6429
113.225	32.8191	-1.8480	34.6672
113.250	32.8486	-1.8428	34.6914
113.275	32.8780	-1.8375	34.7155
113.300	32.9073	-1.8322	34.7394
113.325	32.9366	-1.8268	34.7633
113.350	32.9658	-1.8214	34.7872
113.375	32.9949	-1.8160	34.8109
113.400	33.0240	-1.8105	34.8346
113.425	33.0531	-1.8051	34.8582
113.450	33.0822	-1.7995	34.8818
113.475	33.1114	-1.7940	34.9054
113.500	33.1406	-1.7884	34.9290
113.525	33.1699	-1.7827	34.9526
113.550	33.1992	-1.7770	34.9762
113.575	33.2286	-1.7712	34.9998
113.600	33.2581	-1.7654	35.0235
113.625	33.2876	-1.7596	35.0473
113.650	33.3173	-1.7538	35.0710
113.675	33.3469	-1.7479	35.0948
113.700	33.3766	-1.7420	35.1186
113.725	33.4064	-1.7360	35.1424
113.750	33.4363	-1.7300	35.1663
113.775	33.4661	-1.7240	35.1902
113.800	33.4961	-1.7180	35.2141
113.825	33.5261	-1.7119	35.2381
113.850	33.5563	-1.7059	35.2621
113.875	33.5865	-1.6998	35.2862
113.900	33.6168	-1.6936	35.3104
113.925	33.6471	-1.6875	35.3346
113.950	33.6776	-1.6813	35.3589
113.975	33.7081	-1.6751	35.3832
114.000	33.7386	-1.6689	35.4075
114.025	33.7691	-1.6627	35.4318
114.050	33.7996	-1.6565	35.4561
114.075	33.8301	-1.6502	35.4803
114.100	33.8605	-1.6440	35.5045
114.125	33.8909	-1.6377	35.5286
114.150	33.9213	-1.6314	35.5527
114.175	33.9517	-1.6251	35.5768
114.200	33.9820	-1.6188	35.6008
114.225	34.0123	-1.6124	35.6247
114.250	34.0426	-1.6061	35.6487
114.275	34.0729	-1.5997	35.6726
114.300	34.1031	-1.5934	35.6965
114.325	34.1334	-1.5871	35.7205
114.350	34.1637	-1.5807	35.7444
114.375	34.1940	-1.5744	35.7684
114.400	34.2243	-1.5680	35.7924
114.425	34.2547	-1.5617	35.8164
114.450	34.2851	-1.5553	35.8404
114.475	34.3155	-1.5489	35.8644
114.500	34.3460	-1.5424	35.8884
114.525	34.3765	-1.5359	35.9124
114.550	34.4070	-1.5295	35.9365
114.575	34.4376	-1.5229	35.9605
114.600	34.4683	-1.5163	35.9846
114.625	34.4990	-1.5097	36.0087
114.650	34.5298	-1.5030	36.0328
114.675	34.5607	-1.4962	36.0570
114.700	34.5918	-1.4894	36.0812
114.725	34.6229	-1.4826	36.1055
114.750	34.6541	-1.4757	36.1298
114.775	34.6855	-1.4687	36.1542
114.800	34.7169	-1.4617	36.1786
114.825	34.7483	-1.4547	36.2030
114.850	34.7798	-1.4476	36.2273
114.875	34.8112	-1.4404	36.2516
114.900	34.8426	-1.4332	36.2758
114.925	34.8740	-1.4259	36.2999
114.950	34.9054	-1.4186	36.3240
114.975	34.9367	-1.4112	36.3479
115.000	34.9680	-1.4038	36.3718
115.025	34.9992	-1.3964	36.3955
115.050	35.0303	-1.3889	36.4192
115.075	35.0614	-1.3814	36.4427
115.100	35.0923	-1.3738	36.4660
115.125	35.1230	-1.3662	36.4892
115.150	35.1536	-1.3586	36.5121
115.175	35.1840	-1.3509	36.5349
115.200	35.2142	-1.3432	36.5574
115.225	35.2443	-1.3355	36.5798
115.250	35.2743	-1.3277	36.6020
115.275	35.3041	-1.3200	36.6241
115.300	35.3338	-1.3122	36.6459
115.325	35.3633	-1.3044	36.6676
115.350	35.3927	-1.2965	36.6892
115.375	35.4219	-1.2886	36.7106
115.400	35.4511	-1.2808	36.7318
115.425	35.4801	-1.2729	36.7530
115.450	35.5090	-1.2649	36.7739
115.475	35.5378	-1.2570	36.7948
115.500	35.5665	-1.2490	36.8155
115.525	35.5951	-1.2410	36.8362
115.550	35.6237	-1.2331	36.8567
115.575	35.6521	-1.2251	36.8772
115.600	35.6805	-1.2170	36.8976
115.625	35.7089	-1.2090	36.9179
115.650	35.7372	-1.2010	36.9381
115.675	35.7654	-1.1929	36.9583
115.700	35.7935	-1.1849	36.9784
115.725	35.8216	-1.1768	36.9985
115.750	35.8496	-1.1688	37.0184
115.775	35.8776	-1.1607	37.0383
115.800	35.9054	-1.1527	37.0581
115.825	35.9332	-1.1446	37.0778
115.850	35.9609	-1.1365	37.0974
115.875	35.9885	-1.1284	37.1169
115.900	36.0161	-1.1202	37.1363
115.925	36.0436	-1.1120	37.1556
115.950	36.0711	-1.1038	37.1748
115.975	36.0985	-1.0955	37.1939
116.000	36.1258	-1.0871	37.2129
116.025	36.1531	-1.0788	37.2318
116.050	36.1803	-1.0703	37.2506
116.075	36.2075	-1.0618	37.2693
116.100	36.2346	-1.0533	37.2879
116.125	36.2617	-1.0446	37.3064
116.150	36.2888	-1.0359	37.3247
116.175	36.3158	-1.0271	37.3430
116.200	36.3428	-1.0183	37.3610
116.225	36.3697	-1.0093	37.3790
116.250	36.3966	-1.0002	37.3968
116.275	36.4234	-0.9911	37.4145
116.300	36.4502	-0.9818	37.4321
116.325	36.4770	-0.9725	37.4495
116.350	36.5038	-0.9630	37.4668
116.375	36.5305	-0.9535	37.4840
116.400	36.5572	-0.9438	37.5010
116.425	36.5839	-0.9340	37.5179
116.450	36.6106	-0.9241	37.5347
116.475	36.6372	-0.9141	37.5514
116.500	36.6639	-0.9040	37.5679
116.525	36.6905	-0.8939	37.5844
116.550	36.7171	-0.8836	37.6007
116.575	36.7437	-0.8732	37.6169
116.600	36.7703	-0.8627	37.6331
116.625	36.7969	-0.8522	37.6491
116.650	36.8235	-0.8415	37.6650
116.675	36.8500	-0.8308	37.6808
116.700	36.8765	-0.8200	37.6965
116.725	36.9030	-0.8091	37.7121
116.750	36.9294	-0.7982	37.7276
116.775	36.9559	-0.7871	37.7430
116.800	36.9823	-0.7760	37.7583
116.825	37.0087	-0.7649	37.7736
116.850	37.0351	-0.7537	37.7888
116.875	37.0614	-0.7424	37.8039
116.900	37.0878	-0.7311	37.8189
116.925	37.1140	-0.7198	37.8338
116.950	37.1403	-0.7084	37.8487
116.975	37.1665	-0.6970	37.8635
117.000	37.1926	-0.6856	37.8781
117.025	37.2186	-0.6741	37.8927
117.050	37.2445	-0.6626	37.9070
117.075	37.2702	-0.6510	37.9213
117.100	37.2959	-0.6394	37.9353
117.125	37.3213	-0.6278	37.9492
117.150	37.3467	-0.6162	37.9629
117.175	37.3718	-0.6046	37.9765
117.200	37.3969	-0.5930	37.9899
117.225	37.4218	-0.5814	38.0032
117.250	37.4466	-0.5698	38.0164
117.275	37.4714	-0.5582	38.0295
117.300	37.4960	-0.5466	38.0426
117.325	37.5207	-0.5350	38.0557
117.350	37.5453	-0.5234	38.0687
117.375	37.5699	-0.5119	38.0817
117.400	37.5945	-0.5003	38.0948
117.425	37.6190	-0.4888	38.1078
117.450	37.6436	-0.4773	38.1209
117.475	37.6682	-0.4658	38.1340
117.500	37.6928	-0.4544	38.1472
117.525	37.7175	-0.4429	38.1604
117.550	37.7422	-0.4315	38.1737
117.575	37.7670	-0.4200	38.1871
117.600	37.7919	-0.4086	38.2004
117.625	37.8168	-0.3971	38.2138
117.650	37.8418	-0.3855	38.2273
117.675	37.8668	-0.3739	38.2407
117.700	37.8918	-0.3623	38.2541
117.725	37.9168	-0.3507	38.2675
117.750	37.9418	-0.3390	38.2808
117.775	37.9667	-0.3274	38.2940
117.800	37.9915	-0.3157	38.3072
117.825	38.0163	-0.3040	38.3202
117.850	38.0410	-0.2922	38.3332
117.875	38.0657	-0.2804	38.3461
117.900	38.0904	-0.2686	38.3590
117.925	38.1151	-0.2568	38.3719
117.950	38.1399	-0.2449	38.3848
117.975	38.1648	-0.2330	38.3978
118.000	38.1897	-0.2211	38.4108
118.025	38.2147	-0.2091	38.4239
118.050	38.2398	-0.1971	38.4370
118.075	38.2650	-0.1851	38.4501
118.100	38.2902	-0.1731	38.4633
118.125	38.3155	-0.1610	38.4765
118.150	38.3409	-0.1489	38.4898
118.175	38.3663	-0.1368	38.5031
118.200	38.3919	-0.1246	38.5165
118.225	38.4175	-0.1124	38.5299
118.250	38.4433	-0.1001	38.5434
118.275	38.4691	-0.0878	38.5569
118.300	38.4950	-0.0755	38.5705
118.325	38.5210	-0.0630	38.5840
118.350	38.5471	-0.0505	38.5976
118.375	38.5732	-0.0380	38.6112
118.400	38.5995	-0.0253	38.6248
118.425	38.6257	-0.0126	38.6383
118.450	38.6521	0.0002	38.6519
118.475	38.6785	0.0131	38.6654
118.500	38.7049	0.0260	38.6789
118.525	38.7315	0.0390	38.6924
118.550	38.7581	0.0522	38.7059
118.575	38.7847	0.0654	38.7194
118.600	38.8115	0.0787	38.7328
118.625	38.8384	0.0921	38.7463
118.650	38.8654	0.1056	38.7598
118.675	38.8924	0.1192	38.7733
118.700	38.9196	0.1328	38.7868
118.725	38.9468	0.1466	38.8002
118.750	38.9741	0.1604	38.8136
118.775	39.0014	0.1744	38.8270
118.800	39.0287	0.1884	38.8403
118.825	39.0560	0.2025	38.8535
118.850	39.0833	0.2167	38.8666
118.875	39.1106	0.2310	38.8796
118.900	39.1379	0.2453	38.8926
118.925	39.1652	0.2598	38.9055
118.950	39.1925	0.2743	38.9183
118.975	39.2199	0.2889	38.9310
119.000	39.2473	0.3036	38.9438
119.025	39.2748	0.3183	38.9565
119.050	39.3024	0.3332	38.9692
119.075	39.3300	0.3482	38.9819
119.100	39.3578	0.3632	38.9945
119.125	39.3855	0.3783	39.0072
119.150	39.4134	0.3935	39.0198
119.175	39.4413	0.4088	39.0325
119.200	39.4692	0.4242	39.0451
119.225	39.4972	0.4396	39.0577
119.250	39.5253	0.4550	39.0702
119.275	39.5534	0.4706	39.0828
119.300	39.5816	0.4862	39.0954
119.325	39.6098	0.5018	39.1080
119.350	39.6383	0.5175	39.1208
119.375	39.6668	0.5332	39.1336
119.400	39.6956	0.5490	39.1466
119.425	39.7245	0.5649	39.1597
119.450	39.7536	0.5808	39.1729
119.475	39.7829	0.5968	39.1862
119.500	39.8123	0.6128	39.1995
119.525	39.8418	0.6288	39.2130
119.550	39.8715	0.6449	39.2266
119.575	39.9013	0.6611	39.2402
119.600	39.9312	0.6773	39.2540
119.625	39.9613	0.6935	39.2679
119.650	39.9916	0.7098	39.2819
119.675	40.0221	0.7261	39.2961
119.700	40.0528	0.7424	39.3104
119.725	40.0838	0.7588	39.3250
119.750	40.1149	0.7752	39.3397
119.775	40.1463	0.7918	39.3546
119.800	40.1779	0.8083	39.3696
119.825	40.2097	0.8250	39.3848
119.850	40.2417	0.8416	39.4001
119.875	40.2738	0.8584	39.4155
119.900	40.3061	0.8751	39.4310
119.925	40.3385	0.8919	39.4466
119.950	40.3710	0.9088	39.4623
119.975	40.4036	0.9256	39.4780
120.000	40.4363	0.9425	39.4939
120.025	40.4691	0.9593	39.5098
120.050	40.5020	0.9762	39.5258
120.075	40.5349	0.9930	39.5419
120.100	40.5679	1.0099	39.5581
120.125	40.6011	1.0267	39.5743
120.150	40.6342	1.0436	39.5907
120.175	40.6675	1.0604	39.6071
120.200	40.7009	1.0773	39.6235
120.225	40.7343	1.0943	39.6400
120.250	40.7678	1.1113	39.6566
120.275	40.8014	1.1283	39.6731
120.300	40.8352	1.1454	39.6897
120.325	40.8690	1.1626	39.7063
120.350	40.9029	1.1799	39.7230
120.375	40.9369	1.1973	39.7396
120.400	40.9710	1.2147	39.7563
120.425	41.0052	1.2322	39.7731
120.450	41.0395	1.2497	39.7898
120.475	41.0738	1.2672	39.8066
120.500	41.1082	1.2848	39.8235
120.525	41.1427	1.3023	39.8404
120.550	41.1772	1.3199	39.8573
120.575	41.2118	1.3376	39.8742
120.600	41.2463	1.3552	39.8911
120.625	41.2808	1.3729	39.9080
120.650	41.3153	1.3905	39.9248
120.675	41.3498	1.4082	39.9416
120.700	41.3842	1.4258	39.9583
120.725	41.4185	1.4435	39.9750
120.750	41.4528	1.4611	39.9917
120.775	41.4871	1.4787	40.0084
120.800	41.5213	1.4963	40.0250
120.825	41.5555	1.5139	40.0416
120.850	41.5898	1.5315	40.0582
120.875	41.6241	1.5492	40.0749
120.900	41.6584	1.5669	40.0915
120.925	41.6928	1.5846	40.1082
120.950	41.7273	1.6024	40.1249
120.975	41.7618	1.6202	40.1416
121.000	41.7963	1.6380	40.1583
121.025	41.8308	1.6559	40.1750
121.050	41.8653	1.6737	40.1916
121.075	41.8997	1.6916	40.2081
121.100	41.9341	1.7095	40.2246
121.125	41.9683	1.7274	40.2409
121.150	42.0025	1.7453	40.2572
121.175	42.0366	1.7633	40.2733
121.200	42.0705	1.7813	40.2893
121.225	42.1044	1.7993	40.3051
121.250	42.1382	1.8174	40.3209
121.275	42.1720	1.8355	40.3365
121.300	42.2058	1.8537	40.3521
121.325	42.2395	1.8719	40.3676
121.350	42.2734	1.8903	40.3830
121.375	42.3073	1.9089	40.3984
121.400	42.3412	1.9275	40.4137
121.425	42.3753	1.9463	40.4291
121.450	42.4096	1.9652	40.4444
121.475	42.4440	1.9842	40.4598
121.500	42.4786	2.0034	40.4752
121.525	42.5133	2.0227	40.4906
121.550	42.5483	2.0422	40.5061
121.575	42.5834	2.0618	40.5216
121.600	42.6187	2.0815	40.5372
121.625	42.6540	2.1013	40.5527
121.650	42.6895	2.1212	40.5682
121.675	42.7250	2.1413	40.5837
121.700	42.7605	2.1614	40.5991
121.725	42.7961	2.1816	40.6145
121.750	42.8317	2.2019	40.6298
121.775	42.8674	2.2222	40.6451
121.800	42.9031	2.2427	40.6604
121.825	42.9389	2.2632	40.6757
121.850	42.9747	2.2837	40.6910
121.875	43.0106	2.3044	40.7063
121.900	43.0467	2.3251	40.7216
121.925	43.0828	2.3458	40.7369
121.950	43.1190	2.3666	40.7523
121.975	43.1553	2.3875	40.7678
122.000	43.1917	2.4084	40.7833
122.025	43.2281	2.4293	40.7988
122.050	43.2647	2.4503	40.8144
122.075	43.3013	2.4714	40.8299
122.100	43.3379	2.4924	40.8455
122.125	43.3747	2.5136	40.8611
122.150	43.4115	2.5348	40.8767
122.175	43.4484	2.5560	40.8924
122.200	43.4854	2.5774	40.9080
122.225	43.5224	2.5988	40.9236
122.250	43.5594	2.6203	40.9392
122.275	43.5965	2.6418	40.9547
122.300	43.6336	2.6634	40.9702
122.325	43.6707	2.6850	40.9857
122.350	43.7077	2.7066	41.0011
122.375	43.7449	2.7283	41.0166
122.400	43.7820	2.7500	41.0320
122.425	43.8192	2.7717	41.0475
122.450	43.8565	2.7934	41.0631
122.475	43.8939	2.8152	41.0787
122.500	43.9314	2.8370	41.0944
122.525	43.9689	2.8588	41.1101
122.550	44.0066	2.8807	41.1259
122.575	44.0444	2.9026	41.1418
122.600	44.0822	2.9245	41.1577
122.625	44.1201	2.9465	41.1736
122.650	44.1581	2.9685	41.1896
122.675	44.1962	2.9906	41.2056
122.700	44.2343	3.0128	41.2215
122.725	44.2725	3.0350	41.2375
122.750	44.3107	3.0573	41.2534
122.775	44.3490	3.0797	41.2692
122.800	44.3873	3.1022	41.2851
122.825	44.4257	3.1248	41.3009
122.850	44.4642	3.1475	41.3166
122.875	44.5027	3.1703	41.3324
122.900	44.5414	3.1933	41.3481
122.925	44.5802	3.2163	41.3639
122.950	44.6192	3.2395	41.3797
122.975	44.6584	3.2627	41.3956
123.000	44.6977	3.2862	41.4115
123.025	44.7372	3.3097	41.4275
123.050	44.7768	3.3334	41.4434
123.075	44.8166	3.3572	41.4594
123.100	44.8565	3.3812	41.4753
123.125	44.8964	3.4053	41.4911
123.150	44.9364	3.4295	41.5068
123.175	44.9764	3.4539	41.5224
123.200	45.0163	3.4784	41.5379
123.225	45.0563	3.5031	41.5532
123.250	45.0963	3.5279	41.5684
123.275	45.1362	3.5528	41.5834
123.300	45.1761	3.5779	41.5982
123.325	45.2159	3.6030	41.6129
123.350	45.2557	3.6283	41.6275
123.375	45.2955	3.6536	41.6419
123.400	45.3353	3.6791	41.6562
123.425	45.3750	3.7047	41.6704
123.450	45.4148	3.7304	41.6844
123.475	45.4544	3.7562	41.6982
123.500	45.4940	3.7821	41.7118
123.525	45.5334	3.8081	41.7253
123.550	45.5728	3.8343	41.7386
123.575	45.6121	3.8605	41.7517
123.600	45.6513	3.8867	41.7646
123.625	45.6904	3.9131	41.7773
123.650	45.7295	3.9396	41.7899
123.675	45.7686	3.9662	41.8024
123.700	45.8077	3.9929	41.8148
123.725	45.8468	4.0196	41.8272
123.750	45.8861	4.0465	41.8397
123.775	45.9256	4.0734	41.8522
123.800	45.9652	4.1004	41.8648
123.825	46.0051	4.1276	41.8775
123.850	46.0453	4.1549	41.8904
123.875	46.0857	4.1822	41.9034
123.900	46.1263	4.2097	41.9166
123.925	46.1672	4.2373	41.9299
123.950	46.2083	4.2650	41.9433
123.975	46.2496	4.2928	41.9568
124.000	46.2911	4.3207	41.9704
124.025	46.3328	4.3487	41.9841
124.050	46.3747	4.3768	41.9979
124.075	46.4167	4.4049	42.0118
124.100	46.4590	4.4332	42.0258
124.125	46.5014	4.4615	42.0399
124.150	46.5439	4.4899	42.0540
124.175	46.5865	4.5183	42.0682
124.200	46.6292	4.5468	42.0824
124.225	46.6719	4.5753	42.0966
124.250	46.7148	4.6039	42.1108
124.275	46.7577	4.6326	42.1251
124.300	46.8008	4.6613	42.1395
124.325	46.8439	4.6901	42.1539
124.350	46.8872	4.7189	42.1683
124.375	46.9305	4.7478	42.1828
124.400	46.9739	4.7767	42.1973
124.425	47.0174	4.8056	42.2118
124.450	47.0608	4.8345	42.2263
124.475	47.1041	4.8634	42.2407
124.500	47.1474	4.8924	42.2550
124.525	47.1906	4.9214	42.2693
124.550	47.2338	4.9503	42.2835
124.575	47.2770	4.9794	42.2976
124.600	47.3201	5.0084	42.3117
124.625	47.3633	5.0375	42.3258
124.650	47.4065	5.0666	42.3398
124.675	47.4496	5.0958	42.3539
124.700	47.4928	5.1250	42.3679
124.725	47.5360	5.1542	42.3819
124.750	47.5793	5.1834	42.3959
124.775	47.6226	5.2127	42.4099
124.800	47.6660	5.2420	42.4240
124.825	47.7095	5.2713	42.4381
124.850	47.7531	5.3007	42.4524
124.875	47.7969	5.3302	42.4667
124.900	47.8408	5.3597	42.4812
124.925	47.8849	5.3892	42.4957
124.950	47.9292	5.4188	42.5104
124.975	47.9737	5.4484	42.5252
125.000	48.0183	5.4781	42.5402
125.025	48.0630	5.5079	42.5552
125.050	48.1079	5.5376	42.5702
125.075	48.1529	5.5674	42.5854
125.100	48.1980	5.5973	42.6007
125.125	48.2433	5.6272	42.6161
125.150	48.2887	5.6571	42.6316
125.175	48.3342	5.6871	42.6471
125.200	48.3797	5.7170	42.6627
125.225	48.4253	5.7470	42.6783
125.250	48.4709	5.7771	42.6939
125.275	48.5166	5.8071	42.7095
125.300	48.5623	5.8372	42.7251
125.325	48.6080	5.8672	42.7408
125.350	48.6538	5.8973	42.7565
125.375	48.6997	5.9274	42.7722
125.400	48.7455	5.9575	42.7880
125.425	48.7914	5.9876	42.8038
125.450	48.8374	6.0177	42.8197
125.475	48.8834	6.0478	42.8356
125.500	48.9294	6.0779	42.8515
125.525	48.9754	6.1079	42.8674
125.550	49.0214	6.1380	42.8834
125.575	49.0675	6.1681	42.8995
125.600	49.1137	6.1981	42.9156
125.625	49.1598	6.2281	42.9317
125.650	49.2059	6.2581	42.9478
125.675	49.2521	6.2881	42.9640
125.700	49.2982	6.3180	42.9802
125.725	49.3443	6.3479	42.9964
125.750	49.3905	6.3778	43.0126
125.775	49.4366	6.4077	43.0289
125.800	49.4826	6.4375	43.0451
125.825	49.5287	6.4674	43.0613
125.850	49.5747	6.4972	43.0775
125.875	49.6207	6.5269	43.0937
125.900	49.6666	6.5567	43.1099
125.925	49.7125	6.5864	43.1261
125.950	49.7583	6.6161	43.1422
125.975	49.8040	6.6458	43.1583
126.000	49.8497	6.6754	43.1743
126.025	49.8952	6.7049	43.1903
126.050	49.9406	6.7344	43.2062
126.075	49.9859	6.7639	43.2220
126.100	50.0311	6.7933	43.2378
126.125	50.0761	6.8227	43.2535
126.150	50.1211	6.8520	43.2691
126.175	50.1659	6.8812	43.2847
126.200	50.2106	6.9105	43.3002
126.225	50.2552	6.9396	43.3156
126.250	50.2997	6.9687	43.3310
126.275	50.3442	6.9979	43.3463
126.300	50.3887	7.0270	43.3617
126.325	50.4332	7.0561	43.3771
126.350	50.4777	7.0853	43.3924
126.375	50.5224	7.1145	43.4079
126.400	50.5671	7.1437	43.4234
126.425	50.6119	7.1730	43.4390
126.450	50.6569	7.2022	43.4547
126.475	50.7021	7.2316	43.4705
126.500	50.7473	7.2609	43.4864
126.525	50.7926	7.2902	43.5024
126.550	50.8380	7.3195	43.5184
126.575	50.8834	7.3489	43.5346
126.600	50.9289	7.3782	43.5507
126.625	50.9744	7.4075	43.5669
126.650	51.0199	7.4368	43.5831
126.675	51.0654	7.4661	43.5993
126.700	51.1110	7.4954	43.6156
126.725	51.1565	7.5247	43.6318
126.750	51.2021	7.5540	43.6481
126.775	51.2477	7.5834	43.6644
126.800	51.2934	7.6127	43.6806
126.825	51.3390	7.6421	43.6969
126.850	51.3848	7.6715	43.7133
126.875	51.4306	7.7009	43.7296
126.900	51.4764	7.7304	43.7460
126.925	51.5223	7.7599	43.7625
126.950	51.5683	7.7893	43.7790
126.975	51.6144	7.8188	43.7956
127.000	51.6605	7.8483	43.8122
127.025	51.7067	7.8779	43.8288
127.050	51.7528	7.9074	43.8454
127.075	51.7990	7.9369	43.8621
127.100	51.8451	7.9664	43.8787
127.125	51.8913	7.9959	43.8954
127.150	51.9374	8.0254	43.9120
127.175	51.9835	8.0549	43.9287
127.200	52.0296	8.0843	43.9453
127.225	52.0756	8.1137	43.9619
127.250	52.1216	8.1431	43.9784
127.275	52.1675	8.1725	43.9950
127.300	52.2133	8.2018	44.0115
127.325	52.2591	8.2311	44.0280
127.350	52.3048	8.2604	44.0444
127.375	52.3504	8.2897	44.0607
127.400	52.3960	8.3190	44.0771
127.425	52.4416	8.3483	44.0933
127.450	52.4871	8.3776	44.1095
127.475	52.5326	8.4069	44.1257
127.500	52.5780	8.4363	44.1418
127.525	52.6234	8.4656	44.1578
127.550	52.6687	8.4949	44.1738
127.575	52.7140	8.5243	44.1898
127.600	52.7593	8.5536	44.2057
127.625	52.8045	8.5829	44.2216
127.650	52.8496	8.6122	44.2374
127.675	52.8947	8.6415	44.2532
127.700	52.9399	8.6708	44.2691
127.725	52.9850	8.7001	44.2849
127.750	53.0302	8.7294	44.3007
127.775	53.0754	8.7588	44.3166
127.800	53.1207	8.7883	44.3325
127.825	53.1662	8.8177	44.3484
127.850	53.2117	8.8473	44.3644
127.875	53.2573	8.8769	44.3804
127.900	53.3030	8.9065	44.3965
127.925	53.3488	8.9362	44.4126
127.950	53.3947	8.9660	44.4287
127.975	53.4407	8.9958	44.4450
128.000	53.4869	9.0257	44.4612
128.025	53.5331	9.0556	44.4775
128.050	53.5795	9.0856	44.4939
128.075	53.6261	9.1157	44.5104
128.100	53.6728	9.1458	44.5270
128.125	53.7196	9.1760	44.5436
128.150	53.7666	9.2062	44.5604
128.175	53.8136	9.2365	44.5771
128.200	53.8608	9.2669	44.5940
128.225	53.9081	9.2973	44.6108
128.250	53.9555	9.3278	44.6277
128.275	54.0030	9.3584	44.6446
128.300	54.0506	9.3890	44.6615
128.325	54.0982	9.4198	44.6785
128.350	54.1460	9.4505	44.6955
128.375	54.1939	9.4813	44.7126
128.400	54.2419	9.5122	44.7297
128.425	54.2900	9.5432	44.7469
128.450	54.3383	9.5741	44.7642
128.475	54.3867	9.6051	44.7815
128.500	54.4352	9.6362	44.7990
128.525	54.4838	9.6673	44.8166
128.550	54.5326	9.6984	44.8342
128.575	54.5814	9.7295	44.8520
128.600	54.6303	9.7606	44.8697
128.625	54.6792	9.7917	44.8875
128.650	54.7281	9.8228	44.9053
128.675	54.7770	9.8540	44.9230
128.700	54.8258	9.8851	44.9407
128.725	54.8746	9.9162	44.9584
128.750	54.9233	9.9474	44.9759
128.775	54.9719	9.9785	44.9934
128.800	55.0204	10.0096	45.0108
128.825	55.0689	10.0407	45.0282
128.850	55.1173	10.0717	45.0456
128.875	55.1656	10.1028	45.0629
128.900	55.2140	10.1338	45.0802
128.925	55.2623	10.1648	45.0975
128.950	55.3106	10.1959	45.1148
128.975	55.3590	10.2269	45.1321
129.000	55.4074	10.2580	45.1494
129.025	55.4558	10.2890	45.1668
129.050	55.5043	10.3201	45.1842
129.075	55.5528	10.3511	45.2017
129.100	55.6015	10.3822	45.2193
129.125	55.6502	10.4132	45.2369
129.150	55.6989	10.4443	45.2547
129.175	55.7478	10.4753	45.2725
129.200	55.7967	10.5063	45.2904
129.225	55.8456	10.5374	45.3083
129.250	55.8946	10.5684	45.3262
129.275	55.9436	10.5994	45.3442
129.300	55.9927	10.6304	45.3623
129.325	56.0419	10.6615	45.3804
129.350	56.0912	10.6925	45.3987
129.375	56.1407	10.7236	45.4170
129.400	56.1903	10.7548	45.4355
129.425	56.2400	10.7859	45.4541
129.450	56.2898	10.8170	45.4728
129.475	56.3398	10.8481	45.4916
129.500	56.3897	10.8793	45.5105
129.525	56.4397	10.9104	45.5293
129.550	56.4897	10.9415	45.5482
129.575	56.5395	10.9726	45.5670
129.600	56.5893	11.0036	45.5857
129.625	56.6390	11.0347	45.6043
129.650	56.6885	11.0657	45.6229
129.675	56.7380	11.0966	45.6413
129.700	56.7872	11.1276	45.6596
129.725	56.8363	11.1585	45.6779
129.750	56.8853	11.1893	45.6960
129.775	56.9340	11.2201	45.7139
129.800	56.9826	11.2508	45.7318
129.825	57.0310	11.2815	45.7495
129.850	57.0793	11.3122	45.7671
129.875	57.1274	11.3428	45.7845
129.900	57.1753	11.3734	45.8019
129.925	57.2232	11.4040	45.8191
129.950	57.2709	11.4346	45.8362
129.975	57.3185	11.4652	45.8533
130.000	57.3660	11.4957	45.8702
130.025	57.4134	11.5263	45.8871
130.050	57.4607	11.5568	45.9039
130.075	57.5079	11.5872	45.9207
130.100	57.5551	11.6177	45.9375
130.125	57.6023	11.6481	45.9542
130.150	57.6494	11.6785	45.9709
130.175	57.6965	11.7089	45.9876
130.200	57.7437	11.7393	46.0043
130.225	57.7908	11.7697	46.0211
130.250	57.8379	11.8001	46.0378
130.275	57.8849	11.8304	46.0545
130.300	57.9318	11.8607	46.0711
130.325	57.9787	11.8910	46.0877
130.350	58.0255	11.9212	46.1043
130.375	58.0722	11.9514	46.1208
130.400	58.1188	11.9816	46.1373
130.425	58.1653	12.0117	46.1537
130.450	58.2117	12.0417	46.1700
130.475	58.2581	12.0717	46.1863
130.500	58.3043	12.1017	46.2026
130.525	58.3505	12.1316	46.2189
130.550	58.3965	12.1614	46.2351
130.575	58.4425	12.1912	46.2513
130.600	58.4884	12.2209	46.2674
130.625	58.5342	12.2506	46.2836
130.650	58.5800	12.2803	46.2997
130.675	58.6257	12.3099	46.3158
130.700	58.6714	12.3394	46.3319
130.725	58.7171	12.3690	46.3481
130.750	58.7628	12.3985	46.3643
130.775	58.8086	12.4279	46.3807
130.800	58.8545	12.4574	46.3971
130.825	58.9005	12.4868	46.4137
130.850	58.9467	12.5162	46.4305
130.875	58.9930	12.5455	46.4475
130.900	59.0396	12.5749	46.4647
130.925	59.0862	12.6042	46.4820
130.950	59.1330	12.6335	46.4996
130.975	59.1799	12.6627	46.5172
131.000	59.2269	12.6919	46.5350
131.025	59.2739	12.7211	46.5528
131.050	59.3210	12.7503	46.5707
131.075	59.3680	12.7794	46.5886
131.100	59.4150	12.8084	46.6066
131.125	59.4620	12.8375	46.6245
131.150	59.5089	12.8664	46.6424
131.175	59.5557	12.8954	46.6603
131.200	59.6025	12.9243	46.6782
131.225	59.6491	12.9531	46.6960
131.250	59.6957	12.9819	46.7138
131.275	59.7421	13.0107	46.7315
131.300	59.7885	13.0394	46.7491
131.325	59.8347	13.0680	46.7667
131.350	59.8808	13.0966	46.7842
131.375	59.9268	13.1252	46.8016
131.400	59.9726	13.1537	46.8189
131.425	60.0183	13.1822	46.8362
131.450	60.0639	13.2106	46.8533
131.475	60.1095	13.2390	46.8705
131.500	60.1549	13.2673	46.8876
131.525	60.2003	13.2956	46.9047
131.550	60.2456	13.3238	46.9218
131.575	60.2909	13.3519	46.9390
131.600	60.3362	13.3800	46.9562
131.625	60.3815	13.4081	46.9735
131.650	60.4269	13.4361	46.9908
131.675	60.4722	13.4640	47.0083
131.700	60.5176	13.4918	47.0258
131.725	60.5629	13.5196	47.0433
131.750	60.6082	13.5474	47.0609
131.775	60.6535	13.5750	47.0785
131.800	60.6988	13.6027	47.0961
131.825	60.7440	13.6303	47.1138
131.850	60.7891	13.6578	47.1314
131.875	60.8342	13.6853	47.1489
131.900	60.8792	13.7127	47.1665
131.925	60.9241	13.7401	47.1840
131.950	60.9689	13.7675	47.2014
131.975	61.0136	13.7948	47.2188
132.000	61.0583	13.8221	47.2362
132.025	61.1028	13.8493	47.2535
132.050	61.1473	13.8765	47.2708
132.075	61.1916	13.9036	47.2880
132.100	61.2358	13.9307	47.3051
132.125	61.2798	13.9577	47.3222
132.150	61.3238	13.9847	47.3391
132.175	61.3675	14.0116	47.3560
132.200	61.4112	14.0384	47.3728
132.225	61.4547	14.0652	47.3895
132.250	61.4981	14.0920	47.4061
132.275	61.5414	14.1187	47.4227
132.300	61.5846	14.1453	47.4393
132.325	61.6277	14.1719	47.4558
132.350	61.6707	14.1984	47.4723
132.375	61.7137	14.2249	47.4887
132.400	61.7566	14.2514	47.5052
132.425	61.7994	14.2777	47.5217
132.450	61.8422	14.3041	47.5381
132.475	61.8849	14.3303	47.5546
132.500	61.9276	14.3565	47.5711
132.525	61.9703	14.3827	47.5876
132.550	62.0129	14.4088	47.6042
132.575	62.0555	14.4348	47.6208
132.600	62.0981	14.4607	47.6375
132.625	62.1407	14.4865	47.6542
132.650	62.1833	14.5123	47.6710
132.675	62.2260	14.5380	47.6880
132.700	62.2686	14.5636	47.7050
132.725	62.3114	14.5892	47.7222
132.750	62.3541	14.6147	47.7395
132.775	62.3970	14.6401	47.7569
132.800	62.4399	14.6654	47.7745
132.825	62.4828	14.6907	47.7921
132.850	62.5258	14.7159	47.8099
132.875	62.5688	14.7411	47.8277
132.900	62.6119	14.7662	47.8457
132.925	62.6549	14.7912	47.8637
132.950	62.6980	14.8162	47.8818
132.975	62.7411	14.8411	47.9000
133.000	62.7842	14.8659	47.9183
133.025	62.8273	14.8907	47.9366
133.050	62.8703	14.9154	47.9549
133.075	62.9133	14.9401	47.9732
133.100	62.9562	14.9646	47.9915
133.125	62.9990	14.9891	48.0098
133.150	63.0417	15.0136	48.0281
133.175	63.0842	15.0379	48.0463
133.200	63.1266	15.0622	48.0644
133.225	63.1687	15.0864	48.0823
133.250	63.2107	15.1106	48.1001
133.275	63.2524	15.1346	48.1178
133.300	63.2939	15.1586	48.1353
133.325	63.3353	15.1825	48.1527
133.350	63.3764	15.2063	48.1701
133.375	63.4175	15.2301	48.1874
133.400	63.4584	15.2537	48.2047
133.425	63.4993	15.2773	48.2220
133.450	63.5401	15.3008	48.2393
133.475	63.5809	15.3242	48.2567
133.500	63.6218	15.3476	48.2742
133.525	63.6626	15.3708	48.2918
133.550	63.7035	15.3940	48.3094
133.575	63.7443	15.4172	48.3272
133.600	63.7851	15.4402	48.3449
133.625	63.8259	15.4632	48.3627
133.650	63.8666	15.4861	48.3805
133.675	63.9073	15.5090	48.3983
133.700	63.9478	15.5317	48.4161
133.725	63.9883	15.5545	48.4338
133.750	64.0287	15.5771	48.4515
133.775	64.0690	15.5998	48.4692
133.800	64.1092	15.6223	48.4869
133.825	64.1493	15.6448	48.5045
133.850	64.1893	15.6673	48.5220
133.875	64.2292	15.6897	48.5395
133.900	64.2689	15.7121	48.5568
133.925	64.3085	15.7344	48.5741
133.950	64.3479	15.7567	48.5912
133.975	64.3870	15.7789	48.6081
134.000	64.4260	15.8011	48.6249
134.025	64.4648	15.8232	48.6416
134.050	64.5034	15.8453	48.6581
134.075	64.5418	15.8673	48.6745
134.100	64.5801	15.8893	48.6908
134.125	64.6183	15.9113	48.7070
134.150	64.6563	15.9332	48.7231
134.175	64.6943	15.9551	48.7392
134.200	64.7321	15.9770	48.7551
134.225	64.7698	15.9988	48.7711
134.250	64.8074	16.0205	48.7869
134.275	64.8449	16.0422	48.8027
134.300	64.8823	16.0639	48.8185
134.325	64.9196	16.0855	48.8342
134.350	64.9569	16.1070	48.8498
134.375	64.9941	16.1286	48.8655
134.400	65.0312	16.1500	48.8811
134.425	65.0682	16.1715	48.8968
134.450	65.1053	16.1929	48.9124
134.475	65.1423	16.2143	48.9280
134.500	65.1793	16.2356	48.9437
134.525	65.2163	16.2569	48.9594
134.550	65.2533	16.2782	48.9751
134.575	65.2904	16.2994	48.9910
134.600	65.3275	16.3206	49.0069
134.625	65.3648	16.3418	49.0230
134.650	65.4022	16.3629	49.0393
134.675	65.4398	16.3840	49.0558
134.700	65.4775	16.4050	49.0725
134.725	65.5152	16.4260	49.0893
134.750	65.5530	16.4469	49.1061
134.775	65.5907	16.4678	49.1229
134.800	65.6284	16.4886	49.1397
134.825	65.6660	16.5094	49.1565
134.850	65.7035	16.5302	49.1733
134.875	65.7410	16.5509	49.1901
134.900	65.7784	16.5716	49.2068
134.925	65.8158	16.5923	49.2235
134.950	65.8530	16.6129	49.2401
134.975	65.8901	16.6335	49.2566
135.000	65.9272	16.6540	49.2731
135.025	65.9641	16.6746	49.2896
135.050	66.0010	16.6950	49.3060
135.075	66.0378	16.7154	49.3223
135.100	66.0745	16.7358	49.3387
135.125	66.1111	16.7561	49.3550
135.150	66.1477	16.7764	49.3713
135.175	66.1842	16.7966	49.3876
135.200	66.2206	16.8167	49.4039
135.225	66.2569	16.8368	49.4201
135.250	66.2931	16.8569	49.4362
135.275	66.3292	16.8769	49.4523
135.300	66.3653	16.8968	49.4685
135.325	66.4012	16.9167	49.4846
135.350	66.4371	16.9365	49.5007
135.375	66.4729	16.9562	49.5168
135.400	66.5087	16.9758	49.5329
135.425	66.5443	16.9954	49.5490
135.450	66.5799	17.0149	49.5651
135.475	66.6155	17.0343	49.5812
135.500	66.6509	17.0536	49.5973
135.525	66.6862	17.0728	49.6134
135.550	66.7215	17.0919	49.6296
135.575	66.7566	17.1109	49.6457
135.600	66.7916	17.1298	49.6618
135.625	66.8265	17.1486	49.6779
135.650	66.8613	17.1674	49.6939
135.675	66.8960	17.1860	49.7100
135.700	66.9305	17.2045	49.7259
135.725	66.9648	17.2230	49.7418
135.750	66.9989	17.2413	49.7576
135.775	67.0329	17.2596	49.7733
135.800	67.0666	17.2778	49.7888
135.825	67.1001	17.2958	49.8043
135.850	67.1334	17.3138	49.8196
135.875	67.1666	17.3317	49.8348
135.900	67.1995	17.3496	49.8500
135.925	67.2324	17.3673	49.8651
135.950	67.2651	17.3850	49.8802
135.975	67.2977	17.4025	49.8952
136.000	67.3303	17.4200	49.9102
136.025	67.3627	17.4374	49.9252
136.050	67.3949	17.4548	49.9402
136.075	67.4271	17.4720	49.9551
136.100	67.4592	17.4893	49.9700
136.125	67.4912	17.5064	49.9848
136.150	67.5231	17.5235	49.9997
136.175	67.5550	17.5404	50.0146
136.200	67.5868	17.5574	50.0294
136.225	67.6186	17.5743	50.0444
136.250	67.6504	17.5911	50.0593
136.275	67.6821	17.6079	50.0742
136.300	67.7138	17.6246	50.0892
136.325	67.7455	17.6413	50.1042
136.350	67.7771	17.6579	50.1192
136.375	67.8087	17.6745	50.1342
136.400	67.8403	17.6910	50.1493
136.425	67.8719	17.7075	50.1644
136.450	67.9034	17.7239	50.1795
136.475	67.9349	17.7403	50.1946
136.500	67.9664	17.7566	50.2098
136.525	67.9978	17.7728	50.2250
136.550	68.0293	17.7890	50.2402
136.575	68.0606	17.8051	50.2555
136.600	68.0920	17.8212	50.2708
136.625	68.1233	17.8372	50.2861
136.650	68.1546	17.8531	50.3015
136.675	68.1858	17.8689	50.3169
136.700	68.2170	17.8847	50.3322
136.725	68.2481	17.9005	50.3477
136.750	68.2792	17.9161	50.3631
136.775	68.3103	17.9317	50.3786
136.800	68.3413	17.9472	50.3940
136.825	68.3722	17.9626	50.4095
136.850	68.4031	17.9780	50.4250
136.875	68.4339	17.9934	50.4406
136.900	68.4647	18.0086	50.4561
136.925	68.4954	18.0238	50.4716
136.950	68.5261	18.0389	50.4872
136.975	68.5567	18.0540	50.5027
137.000	68.5873	18.0690	50.5183
137.025	68.6178	18.0839	50.5339
137.050	68.6483	18.0988	50.5494
137.075	68.6786	18.1137	50.5650
137.100	68.7089	18.1284	50.5805
137.125	68.7390	18.1431	50.5959
137.150	68.7690	18.1578	50.6112
137.175	68.7988	18.1724	50.6264
137.200	68.8286	18.1870	50.6416
137.225	68.8582	18.2015	50.6567
137.250	68.8876	18.2160	50.6717
137.275	68.9170	18.2304	50.6866
137.300	68.9462	18.2447	50.7015
137.325	68.9753	18.2590	50.7163
137.350	69.0043	18.2732	50.7311
137.375	69.0332	18.2874	50.7457
137.400	69.0619	18.3016	50.7603
137.425	69.0905	18.3157	50.7749
137.450	69.1191	18.3297	50.7893
137.475	69.1475	18.3438	50.8037
137.500	69.1758	18.3577	50.8181
137.525	69.2040	18.3717	50.8324
137.550	69.2322	18.3856	50.8466
137.575	69.2602	18.3995	50.8607
137.600	69.2882	18.4134	50.8748
137.625	69.3160	18.4272	50.8888
137.650	69.3438	18.4411	50.9027
137.675	69.3715	18.4549	50.9166
137.700	69.3991	18.4687	50.9304
137.725	69.4266	18.4825	50.9442
137.750	69.4541	18.4962	50.9579
137.775	69.4815	18.5100	50.9715
137.800	69.5089	18.5237	50.9852
137.825	69.5362	18.5374	50.9988
137.850	69.5635	18.5511	51.0123
137.875	69.5907	18.5648	51.0259
137.900	69.6179	18.5784	51.0395
137.925	69.6450	18.5919	51.0531
137.950	69.6721	18.6054	51.0668
137.975	69.6992	18.6188	51.0805
138.000	69.7263	18.6321	51.0942
138.025	69.7535	18.6454	51.1081
138.050	69.7806	18.6586	51.1219
138.075	69.8077	18.6718	51.1359
138.100	69.8347	18.6849	51.1498
138.125	69.8617	18.6980	51.1637
138.150	69.8886	18.7110	51.1776
138.175	69.9154	18.7239	51.1915
138.200	69.9421	18.7368	51.2053
138.225	69.9688	18.7496	51.2192
138.250	69.9954	18.7624	51.2330
138.275	70.0220	18.7751	51.2469
138.300	70.0486	18.7878	51.2609
138.325	70.0752	18.8003	51.2749
138.350	70.1019	18.8129	51.2890
138.375	70.1286	18.8253	51.3033
138.400	70.1553	18.8378	51.3176
138.425	70.1821	18.8501	51.3320
138.450	70.2089	18.8624	51.3465
138.475	70.2357	18.8746	51.3612
138.500	70.2626	18.8867	51.3759
138.525	70.2896	18.8988	51.3908
138.550	70.3167	18.9109	51.4058
138.575	70.3439	18.9229	51.4210
138.600	70.3711	18.9349	51.4362
138.625	70.3984	18.9468	51.4516
138.650	70.4256	18.9587	51.4669
138.675	70.4528	18.9706	51.4822
138.700	70.4799	18.9824	51.4975
138.725	70.5069	18.9943	51.5127
138.750	70.5339	19.0061	51.5278
138.775	70.5608	19.0178	51.5429
138.800	70.5876	19.0296	51.5580
138.825	70.6143	19.0413	51.5730
138.850	70.6409	19.0531	51.5879
138.875	70.6675	19.0648	51.6027
138.900	70.6940	19.0765	51.6175
138.925	70.7203	19.0882	51.6322
138.950	70.7466	19.0998	51.6468
138.975	70.7727	19.1115	51.6612
139.000	70.7988	19.1231	51.6756
139.025	70.8247	19.1347	51.6899
139.050	70.8505	19.1464	51.7041
139.075	70.8762	19.1580	51.7183
139.100	70.9019	19.1695	51.7323
139.125	70.9274	19.1811	51.7463
139.150	70.9528	19.1926	51.7603
139.175	70.9782	19.2040	51.7742
139.200	71.0035	19.2155	51.7880
139.225	71.0287	19.2269	51.8019
139.250	71.0539	19.2382	51.8157
139.275	71.0791	19.2495	51.8295
139.300	71.1042	19.2608	51.8433
139.325	71.1292	19.2721	51.8571
139.350	71.1542	19.2833	51.8709
139.375	71.1792	19.2945	51.8847
139.400	71.2042	19.3057	51.8984
139.425	71.2290	19.3168	51.9122
139.450	71.2539	19.3279	51.9260
139.475	71.2787	19.3389	51.9397
139.500	71.3034	19.3499	51.9535
139.525	71.3280	19.3609	51.9672
139.550	71.3527	19.3717	51.9809
139.575	71.3772	19.3826	51.9946
139.600	71.4018	19.3934	52.0084
139.625	71.4263	19.4042	52.0221
139.650	71.4509	19.4149	52.0359
139.675	71.4754	19.4256	52.0497
139.700	71.4999	19.4363	52.0635
139.725	71.5243	19.4470	52.0773
139.750	71.5487	19.4577	52.0911
139.775	71.5730	19.4683	52.1047
139.800	71.5972	19.4789	52.1184
139.825	71.6213	19.4894	52.1319
139.850	71.6454	19.4999	52.1454
139.875	71.6693	19.5104	52.1589
139.900	71.6931	19.5208	52.1723
139.925	71.7169	19.5312	52.1857
139.950	71.7406	19.5415	52.1990
139.975	71.7642	19.5519	52.2124
140.000	71.7878	19.5621	52.2257
140.025	71.8114	19.5724	52.2390
140.050	71.8349	19.5826	52.2523
140.075	71.8585	19.5928	52.2657
140.100	71.8820	19.6030	52.2790
140.125	71.9055	19.6132	52.2923
140.150	71.9290	19.6233	52.3056
140.175	71.9524	19.6335	52.3189
140.200	71.9756	19.6436	52.3321
140.225	71.9988	19.6536	52.3452
140.250	72.0219	19.6637	52.3582
140.275	72.0449	19.6737	52.3711
140.300	72.0677	19.6837	52.3840
140.325	72.0905	19.6937	52.3968
140.350	72.1132	19.7037	52.4095
140.375	72.1358	19.7137	52.4221
140.400	72.1583	19.7236	52.4347
140.425	72.1808	19.7336	52.4472
140.450	72.2031	19.7436	52.4596
140.475	72.2254	19.7535	52.4719
140.500	72.2476	19.7635	52.4841
140.525	72.2697	19.7735	52.4962
140.550	72.2917	19.7835	52.5082
140.575	72.3137	19.7935	52.5201
140.600	72.3355	19.8036	52.5319
140.625	72.3572	19.8137	52.5435
140.650	72.3788	19.8238	52.5549
140.675	72.4002	19.8340	52.5663
140.700	72.4216	19.8441	52.5775
140.725	72.4430	19.8543	52.5886
140.750	72.4643	19.8646	52.5997
140.775	72.4855	19.8749	52.6107
140.800	72.5068	19.8852	52.6216
140.825	72.5281	19.8956	52.6325
140.850	72.5493	19.9060	52.6434
140.875	72.5705	19.9164	52.6542
140.900	72.5917	19.9268	52.6649
140.925	72.6128	19.9372	52.6756
140.950	72.6338	19.9476	52.6861
140.975	72.6546	19.9581	52.6965
141.000	72.6754	19.9686	52.7068
141.025	72.6960	19.9791	52.7170
141.050	72.7165	19.9896	52.7270
141.075	72.7369	20.0001	52.7368
141.100	72.7571	20.0107	52.7465
141.125	72.7772	20.0212	52.7559
141.150	72.7971	20.0319	52.7652
141.175	72.8168	20.0425	52.7743
141.200	72.8363	20.0532	52.7831
141.225	72.8556	20.0638	52.7917
141.250	72.8747	20.0746	52.8001
141.275	72.8937	20.0853	52.8084
141.300	72.9126	20.0961	52.8166
141.325	72.9314	20.1068	52.8246
141.350	72.9501	20.1176	52.8325
141.375	72.9687	20.1284	52.8403
141.400	72.9871	20.1391	52.8480
141.425	73.0054	20.1498	52.8557
141.450	73.0237	20.1604	52.8632
141.475	73.0418	20.1710	52.8707
141.500	73.0597	20.1816	52.8781
141.525	73.0776	20.1921	52.8855
141.550	73.0953	20.2026	52.8928
141.575	73.1130	20.2130	52.9000
141.600	73.1305	20.2234	52.9071
141.625	73.1480	20.2337	52.9143
141.650	73.1654	20.2440	52.9213
141.675	73.1827	20.2543	52.9284
141.700	73.1999	20.2646	52.9353
141.725	73.2171	20.2748	52.9422
141.750	73.2341	20.2850	52.9491
141.775	73.2511	20.2952	52.9559
141.800	73.2680	20.3054	52.9626
141.825	73.2848	20.3156	52.9692
141.850	73.3015	20.3257	52.9758
141.875	73.3181	20.3358	52.9823
141.900	73.3346	20.3458	52.9887
141.925	73.3509	20.3558	52.9951
141.950	73.3671	20.3658	53.0013
141.975	73.3833	20.3758	53.0075
142.000	73.3993	20.3857	53.0136
142.025	73.4151	20.3955	53.0196
142.050	73.4309	20.4053	53.0256
142.075	73.4466	20.4151	53.0315
142.100	73.4622	20.4249	53.0373
142.125	73.4777	20.4346	53.0432
142.150	73.4932	20.4442	53.0489
142.175	73.5086	20.4539	53.0547
142.200	73.5239	20.4635	53.0604
142.225	73.5391	20.4730	53.0661
142.250	73.5542	20.4825	53.0718
142.275	73.5692	20.4919	53.0773
142.300	73.5841	20.5013	53.0828
142.325	73.5987	20.5106	53.0881
142.350	73.6133	20.5198	53.0934
142.375	73.6277	20.5290	53.0986
142.400	73.6419	20.5382	53.1038
142.425	73.6561	20.5473	53.1088
142.450	73.6701	20.5563	53.1138
142.475	73.6839	20.5653	53.1186
142.500	73.6977	20.5743	53.1234
142.525	73.7113	20.5832	53.1281
142.550	73.7247	20.5921	53.1326
142.575	73.7380	20.6009	53.1371
142.600	73.7512	20.6097	53.1415
142.625	73.7643	20.6185	53.1458
142.650	73.7773	20.6273	53.1500
142.675	73.7903	20.6361	53.1542
142.700	73.8031	20.6448	53.1583
142.725	73.8159	20.6536	53.1623
142.750	73.8286	20.6623	53.1663
142.775	73.8413	20.6711	53.1703
142.800	73.8539	20.6798	53.1741
142.825	73.8664	20.6885	53.1779
142.850	73.8788	20.6972	53.1816
142.875	73.8911	20.7059	53.1852
142.900	73.9033	20.7146	53.1887
142.925	73.9154	20.7232	53.1922
142.950	73.9274	20.7319	53.1955
142.975	73.9393	20.7405	53.1988
143.000	73.9511	20.7491	53.2020
143.025	73.9628	20.7577	53.2051
143.050	73.9744	20.7663	53.2081
143.075	73.9860	20.7749	53.2111
143.100	73.9976	20.7835	53.2141
143.125	74.0091	20.7921	53.2170
143.150	74.0206	20.8008	53.2198
143.175	74.0321	20.8094	53.2227
143.200	74.0435	20.8180	53.2254
143.225	74.0549	20.8267	53.2282
143.250	74.0662	20.8353	53.2309
143.275	74.0775	20.8440	53.2335
143.300	74.0887	20.8526	53.2361
143.325	74.0999	20.8613	53.2386
143.350	74.1111	20.8699	53.2411
143.375	74.1221	20.8786	53.2435
143.400	74.1331	20.8873	53.2458
143.425	74.1440	20.8960	53.2480
143.450	74.1546	20.9046	53.2500
143.475	74.1651	20.9133	53.2518
143.500	74.1754	20.9219	53.2534
143.525	74.1854	20.9306	53.2549
143.550	74.1953	20.9392	53.2561
143.575	74.2049	20.9478	53.2572
143.600	74.2144	20.9564	53.2580
143.625	74.2237	20.9649	53.2587
143.650	74.2327	20.9735	53.2593
143.675	74.2417	20.9820	53.2596
143.700	74.2504	20.9906	53.2598
143.725	74.2590	20.9991	53.2599
143.750	74.2675	21.0076	53.2598
143.775	74.2757	21.0161	53.2596
143.800	74.2838	21.0246	53.2592
143.825	74.2918	21.0331	53.2587
143.850	74.2996	21.0416	53.2580
143.875	74.3073	21.0501	53.2571
143.900	74.3148	21.0587	53.2561
143.925	74.3222	21.0672	53.2550
143.950	74.3294	21.0757	53.2537
143.975	74.3366	21.0842	53.2523
144.000	74.3437	21.0928	53.2509
144.025	74.3507	21.1014	53.2493
144.050	74.3576	21.1099	53.2477
144.075	74.3646	21.1185	53.2460
144.100	74.3715	21.1271	53.2443
144.125	74.3784	21.1358	53.2426
144.150	74.3853	21.1444	53.2409
144.175	74.3921	21.1531	53.2391
144.200	74.3990	21.1617	53.2373
144.225	74.4058	21.1704	53.2354
144.250	74.4125	21.1791	53.2334
144.275	74.4191	21.1878	53.2313
144.300	74.4256	21.1966	53.2290
144.325	74.4319	21.2054	53.2266
144.350	74.4380	21.2142	53.2239
144.375	74.4439	21.2230	53.2209
144.400	74.4496	21.2318	53.2178
144.425	74.4551	21.2407	53.2144
144.450	74.4604	21.2495	53.2108
144.475	74.4654	21.2584	53.2070
144.500	74.4701	21.2673	53.2029
144.525	74.4746	21.2761	53.1985
144.550	74.4789	21.2850	53.1939
144.575	74.4829	21.2938	53.1891
144.600	74.4866	21.3026	53.1840
144.625	74.4900	21.3114	53.1786
144.650	74.4931	21.3202	53.1730
144.675	74.4959	21.3289	53.1670
144.700	74.4984	21.3376	53.1608
144.725	74.5005	21.3463	53.1542
144.750	74.5023	21.3550	53.1473
144.775	74.5038	21.3637	53.1401
144.800	74.5049	21.3723	53.1326
144.825	74.5058	21.3809	53.1249
144.850	74.5064	21.3895	53.1169
144.875	74.5067	21.3980	53.1087
144.900	74.5068	21.4065	53.1003
144.925	74.5067	21.4150	53.0917
144.950	74.5063	21.4235	53.0828
144.975	74.5057	21.4320	53.0737
145.000	74.5049	21.4404	53.0644
145.025	74.5038	21.4488	53.0549
145.050	74.5025	21.4573	53.0452
145.075	74.5010	21.4656	53.0353
145.100	74.4993	21.4740	53.0253
145.125	74.4976	21.4824	53.0152
145.150	74.4957	21.4907	53.0049
145.175	74.4937	21.4991	52.9946
145.200	74.4916	21.5074	52.9842
145.225	74.4895	21.5158	52.9737
145.250	74.4873	21.5242	52.9631
145.275	74.4850	21.5325	52.9525
145.300	74.4827	21.5409	52.9417
145.325	74.4802	21.5493	52.9309
145.350	74.4776	21.5577	52.9199
145.375	74.4750	21.5662	52.9088
145.400	74.4722	21.5746	52.8975
145.425	74.4692	21.5831	52.8862
145.450	74.4662	21.5916	52.8746
145.475	74.4630	21.6001	52.8630
145.500	74.4597	21.6086	52.8511
145.525	74.4563	21.6171	52.8392
145.550	74.4528	21.6257	52.8270
145.575	74.4491	21.6343	52.8148
145.600	74.4452	21.6429	52.8023
145.625	74.4413	21.6515	52.7898
145.650	74.4373	21.6602	52.7770
145.675	74.4331	21.6689	52.7642
145.700	74.4289	21.6776	52.7512
145.725	74.4245	21.6864	52.7381
145.750	74.4201	21.6952	52.7250
145.775	74.4156	21.7040	52.7117
145.800	74.4111	21.7128	52.6983
145.825	74.4065	21.7217	52.6848
145.850	74.4019	21.7306	52.6713
145.875	74.3971	21.7395	52.6576
145.900	74.3923	21.7484	52.6439
145.925	74.3875	21.7573	52.6301
145.950	74.3825	21.7662	52.6163
145.975	74.3775	21.7751	52.6024
146.000	74.3725	21.7841	52.5884
146.025	74.3673	21.7930	52.5744
146.050	74.3621	21.8019	52.5603
146.075	74.3568	21.8107	52.5461
146.100	74.3514	21.8196	52.5318
146.125	74.3459	21.8285	52.5175
146.150	74.3404	21.8373	52.5031
146.175	74.3347	21.8460	52.4887
146.200	74.3289	21.8547	52.4742
146.225	74.3231	21.8634	52.4597
146.250	74.3171	21.8720	52.4451
146.275	74.3111	21.8805	52.4305
146.300	74.3049	21.8891	52.4159
146.325	74.2986	21.8975	52.4011
146.350	74.2923	21.9059	52.3863
146.375	74.2858	21.9143	52.3715
146.400	74.2791	21.9225	52.3566
146.425	74.2724	21.9307	52.3417
146.450	74.2656	21.9389	52.3267
146.475	74.2586	21.9469	52.3117
146.500	74.2516	21.9549	52.2966
146.525	74.2444	21.9629	52.2815
146.550	74.2372	21.9708	52.2664
146.575	74.2298	21.9786	52.2512
146.600	74.2224	21.9864	52.2360
146.625	74.2149	21.9942	52.2207
146.650	74.2072	22.0019	52.2053
146.675	74.1995	22.0096	52.1899
146.700	74.1917	22.0173	52.1745
146.725	74.1838	22.0249	52.1589
146.750	74.1758	22.0325	52.1434
146.775	74.1678	22.0400	52.1278
146.800	74.1596	22.0476	52.1121
146.825	74.1514	22.0551	52.0964
146.850	74.1432	22.0626	52.0806
146.875	74.1348	22.0701	52.0647
146.900	74.1265	22.0776	52.0489
146.925	74.1181	22.0852	52.0330
146.950	74.1097	22.0927	52.0170
146.975	74.1013	22.1002	52.0011
147.000	74.0929	22.1078	51.9851
147.025	74.0844	22.1154	51.9690
147.050	74.0759	22.1230	51.9529
147.075	74.0673	22.1306	51.9367
147.100	74.0587	22.1383	51.9204
147.125	74.0500	22.1459	51.9040
147.150	74.0412	22.1537	51.8875
147.175	74.0323	22.1615	51.8708
147.200	74.0233	22.1693	51.8541
147.225	74.0143	22.1771	51.8372
147.250	74.0052	22.1851	51.8201
147.275	73.9960	22.1930	51.8029
147.300	73.9866	22.2010	51.7856
147.325	73.9772	22.2091	51.7681
147.350	73.9676	22.2172	51.7504
147.375	73.9579	22.2254	51.7325
147.400	73.9481	22.2336	51.7145
147.425	73.9382	22.2419	51.6963
147.450	73.9282	22.2502	51.6780
147.475	73.9180	22.2586	51.6594
147.500	73.9077	22.2671	51.6406
147.525	73.8972	22.2756	51.6216
147.550	73.8866	22.2842	51.6024
147.575	73.8758	22.2927	51.5831
147.600	73.8648	22.3013	51.5635
147.625	73.8536	22.3098	51.5438
147.650	73.8423	22.3184	51.5239
147.675	73.8308	22.3269	51.5038
147.700	73.8192	22.3355	51.4837
147.725	73.8075	22.3441	51.4634
147.750	73.7957	22.3526	51.4431
147.775	73.7839	22.3612	51.4227
147.800	73.7720	22.3698	51.4022
147.825	73.7602	22.3784	51.3818
147.850	73.7483	22.3870	51.3613
147.875	73.7364	22.3956	51.3409
147.900	73.7245	22.4041	51.3204
147.925	73.7126	22.4127	51.2999
147.950	73.7006	22.4212	51.2793
147.975	73.6885	22.4297	51.2587
148.000	73.6762	22.4383	51.2380
148.025	73.6639	22.4467	51.2171
148.050	73.6514	22.4552	51.1962
148.075	73.6388	22.4637	51.1751
148.100	73.6261	22.4721	51.1540
148.125	73.6132	22.4805	51.1327
148.150	73.6003	22.4889	51.1114
148.175	73.5872	22.4972	51.0900
148.200	73.5740	22.5055	51.0685
148.225	73.5607	22.5138	51.0469
148.250	73.5472	22.5220	51.0252
148.275	73.5335	22.5301	51.0034
148.300	73.5196	22.5382	50.9814
148.325	73.5055	22.5462	50.9593
148.350	73.4912	22.5542	50.9370
148.375	73.4767	22.5620	50.9147
148.400	73.4620	22.5698	50.8921
148.425	73.4470	22.5775	50.8695
148.450	73.4319	22.5852	50.8467
148.475	73.4166	22.5928	50.8239
148.500	73.4011	22.6003	50.8009
148.525	73.3855	22.6077	50.7778
148.550	73.3696	22.6151	50.7546
148.575	73.3536	22.6224	50.7313
148.600	73.3375	22.6296	50.7079
148.625	73.3212	22.6367	50.6844
148.650	73.3047	22.6438	50.6609
148.675	73.2880	22.6508	50.6372
148.700	73.2713	22.6577	50.6135
148.725	73.2544	22.6646	50.5897
148.750	73.2373	22.6714	50.5659
148.775	73.2202	22.6781	50.5421
148.800	73.2031	22.6848	50.5183
148.825	73.1858	22.6913	50.4945
148.850	73.1686	22.6979	50.4707
148.875	73.1513	22.7043	50.4470
148.900	73.1340	22.7107	50.4233
148.925	73.1167	22.7170	50.3997
148.950	73.0994	22.7233	50.3761
148.975	73.0822	22.7296	50.3526
149.000	73.0649	22.7357	50.3292
149.025	73.0477	22.7419	50.3059
149.050	73.0305	22.7479	50.2826
149.075	73.0134	22.7539	50.2595
149.100	72.9962	22.7598	50.2364
149.125	72.9790	22.7657	50.2133
149.150	72.9618	22.7716	50.1903
149.175	72.9446	22.7774	50.1672
149.200	72.9273	22.7831	50.1442
149.225	72.9099	22.7888	50.1211
149.250	72.8924	22.7945	50.0979
149.275	72.8748	22.8002	50.0746
149.300	72.8570	22.8058	50.0512
149.325	72.8389	22.8114	50.0275
149.350	72.8207	22.8170	50.0037
149.375	72.8021	22.8226	49.9796
149.400	72.7833	22.8281	49.9552
149.425	72.7642	22.8336	49.9306
149.450	72.7449	22.8391	49.9058
149.475	72.7253	22.8445	49.8808
149.500	72.7056	22.8499	49.8556
149.525	72.6856	22.8553	49.8303
149.550	72.6656	22.8607	49.8048
149.575	72.6453	22.8661	49.7792
149.600	72.6248	22.8715	49.7533
149.625	72.6042	22.8768	49.7273
149.650	72.5833	22.8822	49.7011
149.675	72.5622	22.8875	49.6747
149.700	72.5409	22.8928	49.6480
149.725	72.5193	22.8981	49.6212
149.750	72.4975	22.9034	49.5941
149.775	72.4754	22.9086	49.5668
149.800	72.4531	22.9138	49.5393
149.825	72.4306	22.9190	49.5116
149.850	72.4078	22.9241	49.4837
149.875	72.3849	22.9292	49.4557
149.900	72.3618	22.9343	49.4275
149.925	72.3385	22.9394	49.3991
149.950	72.3151	22.9445	49.3706
149.975	72.2916	22.9496	49.3420
150.000	72.2679	22.9547	49.3132
150.025	72.2440	22.9598	49.2842
150.050	72.2200	22.9650	49.2550
150.075	72.1958	22.9701	49.2257
150.100	72.1715	22.9753	49.1962
150.125	72.1470	22.9806	49.1664
150.150	72.1223	22.9858	49.1365
150.175	72.0975	22.9910	49.1065
150.200	72.0726	22.9963	49.0763
150.225	72.0475	23.0015	49.0460
150.250	72.0222	23.0067	49.0155
150.275	71.9968	23.0118	48.9850
150.300	71.9712	23.0169	48.9543
150.325	71.9454	23.0219	48.9235
150.350	71.9194	23.0269	48.8925
150.375	71.8932	23.0318	48.8615
150.400	71.8669	23.0367	48.8303
150.425	71.8405	23.0415	48.7990
150.450	71.8139	23.0463	48.7675
150.475	71.7871	23.0511	48.7360
150.500	71.7603	23.0559	48.7043
150.525	71.7333	23.0607	48.6725
150.550	71.7062	23.0655	48.6407
150.575	71.6791	23.0703	48.6088
150.600	71.6519	23.0751	48.5768
150.625	71.6247	23.0799	48.5448
150.650	71.5975	23.0847	48.5127
150.675	71.5702	23.0895	48.4807
150.700	71.5430	23.0944	48.4486
150.725	71.5158	23.0993	48.4165
150.750	71.4886	23.1042	48.3844
150.775	71.4613	23.1091	48.3522
150.800	71.4340	23.1141	48.3199
150.825	71.4067	23.1191	48.2876
150.850	71.3793	23.1241	48.2552
150.875	71.3517	23.1290	48.2227
150.900	71.3241	23.1340	48.1901
150.925	71.2963	23.1389	48.1574
150.950	71.2685	23.1438	48.1247
150.975	71.2405	23.1487	48.0918
151.000	71.2125	23.1536	48.0589
151.025	71.1845	23.1585	48.0260
151.050	71.1564	23.1634	47.9931
151.075	71.1284	23.1682	47.9601
151.100	71.1003	23.1731	47.9272
151.125	71.0722	23.1780	47.8942
151.150	71.0441	23.1828	47.8613
151.175	71.0160	23.1877	47.8284
151.200	70.9879	23.1925	47.7954
151.225	70.9598	23.1974	47.7625
151.250	70.9317	23.2022	47.7295
151.275	70.9034	23.2069	47.6965
151.300	70.8751	23.2116	47.6635
151.325	70.8468	23.2162	47.6305
151.350	70.8182	23.2207	47.5975
151.375	70.7896	23.2251	47.5645
151.400	70.7608	23.2294	47.5313
151.425	70.7317	23.2336	47.4981
151.450	70.7025	23.2376	47.4648
151.475	70.6730	23.2416	47.4314
151.500	70.6432	23.2454	47.3979
151.525	70.6132	23.2490	47.3642
151.550	70.5829	23.2526	47.3303
151.575	70.5524	23.2560	47.2964
151.600	70.5216	23.2593	47.2623
151.625	70.4907	23.2625	47.2282
151.650	70.4597	23.2657	47.1940
151.675	70.4285	23.2687	47.1598
151.700	70.3972	23.2716	47.1255
151.725	70.3657	23.2745	47.0912
151.750	70.3342	23.2773	47.0569
151.775	70.3025	23.2800	47.0224
151.800	70.2706	23.2827	46.9879
151.825	70.2386	23.2853	46.9533
151.850	70.2064	23.2878	46.9186
151.875	70.1741	23.2903	46.8837
151.900	70.1415	23.2928	46.8487
151.925	70.1088	23.2952	46.8136
151.950	70.0758	23.2975	46.7783
151.975	70.0426	23.2998	46.7428
152.000	70.0093	23.3021	46.7072
152.025	69.9757	23.3043	46.6713
152.050	69.9419	23.3065	46.6354
152.075	69.9080	23.3087	46.5993
152.100	69.8738	23.3108	46.5630
152.125	69.8394	23.3129	46.5266
152.150	69.8049	23.3149	46.4900
152.175	69.7700	23.3168	46.4532
152.200	69.7350	23.3187	46.4162
152.225	69.6997	23.3206	46.3791
152.250	69.6642	23.3223	46.3419
152.275	69.6286	23.3240	46.3045
152.300	69.5927	23.3257	46.2670
152.325	69.5568	23.3274	46.2294
152.350	69.5206	23.3290	46.1916
152.375	69.4844	23.3306	46.1537
152.400	69.4480	23.3322	46.1157
152.425	69.4115	23.3338	46.0776
152.450	69.3748	23.3354	46.0395
152.475	69.3381	23.3369	46.0012
152.500	69.3012	23.3384	45.9628
152.525	69.2641	23.3399	45.9243
152.550	69.2270	23.3413	45.8857
152.575	69.1897	23.3427	45.8470
152.600	69.1523	23.3441	45.8083
152.625	69.1148	23.3454	45.7694
152.650	69.0772	23.3467	45.7305
152.675	69.0394	23.3479	45.6916
152.700	69.0016	23.3490	45.6525
152.725	68.9636	23.3501	45.6135
152.750	68.9255	23.3511	45.5745
152.775	68.8873	23.3519	45.5354
152.800	68.8491	23.3527	45.4963
152.825	68.8107	23.3534	45.4573
152.850	68.7723	23.3540	45.4183
152.875	68.7337	23.3544	45.3793
152.900	68.6951	23.3548	45.3403
152.925	68.6564	23.3550	45.3014
152.950	68.6175	23.3550	45.2624
152.975	68.5785	23.3550	45.2235
153.000	68.5395	23.3548	45.1847
153.025	68.5004	23.3545	45.1460
153.050	68.4614	23.3540	45.1074
153.075	68.4224	23.3534	45.0690
153.100	68.3835	23.3526	45.0309
153.125	68.3447	23.3516	44.9930
153.150	68.3060	23.3505	44.9554
153.175	68.2674	23.3493	44.9181
153.200	68.2289	23.3479	44.8809
153.225	68.1904	23.3464	44.8440
153.250	68.1520	23.3447	44.8073
153.275	68.1137	23.3429	44.7708
153.300	68.0754	23.3410	44.7345
153.325	68.0372	23.3389	44.6983
153.350	67.9990	23.3367	44.6623
153.375	67.9609	23.3344	44.6265
153.400	67.9227	23.3319	44.5908
153.425	67.8846	23.3294	44.5552
153.450	67.8465	23.3267	44.5198
153.475	67.8085	23.3239	44.4846
153.500	67.7705	23.3210	44.4496
153.525	67.7327	23.3179	44.4148
153.550	67.6949	23.3148	44.3802
153.575	67.6573	23.3115	44.3458
153.600	67.6197	23.3081	44.3116
153.625	67.5822	23.3047	44.2776
153.650	67.5448	23.3011	44.2437
153.675	67.5073	23.2974	44.2099
153.700	67.4697	23.2936	44.1762
153.725	67.4321	23.2897	44.1425
153.750	67.3944	23.2856	44.1087
153.775	67.3565	23.2815	44.0750
153.800	67.3185	23.2773	44.0412
153.825	67.2802	23.2729	44.0073
153.850	67.2418	23.2684	43.9734
153.875	67.2031	23.2638	43.9393
153.900	67.1642	23.2590	43.9053
153.925	67.1252	23.2541	43.8711
153.950	67.0861	23.2491	43.8370
153.975	67.0468	23.2440	43.8028
154.000	67.0074	23.2387	43.7687
154.025	66.9680	23.2334	43.7346
154.050	66.9285	23.2279	43.7005
154.075	66.8889	23.2224	43.6666
154.100	66.8493	23.2167	43.6326
154.125	66.8097	23.2109	43.5987
154.150	66.7700	23.2051	43.5649
154.175	66.7303	23.1992	43.5312
154.200	66.6906	23.1932	43.4974
154.225	66.6509	23.1871	43.4638
154.250	66.6111	23.1810	43.4301
154.275	66.5712	23.1747	43.3965
154.300	66.5313	23.1684	43.3629
154.325	66.4913	23.1620	43.3292
154.350	66.4511	23.1556	43.2956
154.375	66.4109	23.1490	43.2619
154.400	66.3707	23.1425	43.2282
154.425	66.3304	23.1358	43.1946
154.450	66.2901	23.1292	43.1610
154.475	66.2499	23.1225	43.1274
154.500	66.2097	23.1158	43.0939
154.525	66.1695	23.1090	43.0605
154.550	66.1293	23.1022	43.0271
154.575	66.0891	23.0953	42.9938
154.600	66.0489	23.0884	42.9606
154.625	66.0087	23.0814	42.9273
154.650	65.9684	23.0743	42.8941
154.675	65.9282	23.0672	42.8609
154.700	65.8878	23.0601	42.8277
154.725	65.8474	23.0529	42.7946
154.750	65.8070	23.0456	42.7614
154.775	65.7665	23.0383	42.7282
154.800	65.7259	23.0309	42.6950
154.825	65.6853	23.0234	42.6618
154.850	65.6445	23.0159	42.6286
154.875	65.6037	23.0083	42.5954
154.900	65.5627	23.0006	42.5621
154.925	65.5217	22.9929	42.5288
154.950	65.4805	22.9850	42.4955
154.975	65.4393	22.9771	42.4622
155.000	65.3979	22.9691	42.4288
155.025	65.3565	22.9610	42.3955
155.050	65.3069	22.9514	42.3556
155.075	65.2573	22.9416	42.3157
155.100	65.2077	22.9318	42.2759
155.125	65.1582	22.9220	42.2362
155.150	65.1086	22.9121	42.1965
155.175	65.0591	22.9021	42.1570
155.200	65.0097	22.8921	42.1176
155.225	64.9603	22.8820	42.0783
155.250	64.9111	22.8718	42.0392
155.275	64.8619	22.8617	42.0002
155.300	64.8128	22.8514	41.9614
155.325	64.7638	22.8411	41.9227
155.350	64.7149	22.8308	41.8841
155.375	64.6660	22.8205	41.8456
155.400	64.6172	22.8101	41.8072
155.425	64.5685	22.7996	41.7689
155.450	64.5198	22.7892	41.7307
155.475	64.4712	22.7787	41.6925
155.500	64.4227	22.7682	41.6545
155.525	64.3742	22.7576	41.6165
155.550	64.3257	22.7470	41.5786
155.575	64.2773	22.7364	41.5408
155.600	64.2289	22.7258	41.5030
155.625	64.1805	22.7152	41.4653
155.650	64.1322	22.7046	41.4276
155.675	64.0839	22.6939	41.3900
155.700	64.0357	22.6832	41.3524
155.725	63.9875	22.6726	41.3149
155.750	63.9393	22.6618	41.2775
155.775	63.8912	22.6511	41.2401
155.800	63.8431	22.6404	41.2028
155.825	63.7951	22.6297	41.1655
155.850	63.7471	22.6189	41.1282
155.875	63.6991	22.6081	41.0910
155.900	63.6512	22.5973	41.0539
155.925	63.6033	22.5865	41.0168
155.950	63.5555	22.5757	40.9798
155.975	63.5077	22.5648	40.9429
156.000	63.4600	22.5540	40.9060
156.025	63.4123	22.5432	40.8691
156.050	63.3648	22.5324	40.8324
156.075	63.3173	22.5216	40.7957
156.100	63.2699	22.5107	40.7591
156.125	63.2225	22.4999	40.7226
156.150	63.1753	22.4891	40.6862
156.175	63.1282	22.4783	40.6498
156.200	63.0812	22.4676	40.6136
156.225	63.0342	22.4568	40.5775
156.250	62.9874	22.4460	40.5414
156.275	62.9406	22.4351	40.5055
156.300	62.8938	22.4242	40.4696
156.325	62.8470	22.4133	40.4338
156.350	62.8002	22.4022	40.3980
156.375	62.7534	22.3911	40.3623
156.400	62.7065	22.3799	40.3266
156.425	62.6595	22.3686	40.2909
156.450	62.6125	22.3573	40.2552
156.475	62.5654	22.3458	40.2196
156.500	62.5182	22.3343	40.1839
156.525	62.4710	22.3227	40.1483
156.550	62.4238	22.3111	40.1127
156.575	62.3766	22.2995	40.0771
156.600	62.3294	22.2878	40.0416
156.625	62.2822	22.2760	40.0062
156.650	62.2351	22.2642	39.9709
156.675	62.1880	22.2524	39.9356
156.700	62.1409	22.2404	39.9005
156.725	62.0938	22.2285	39.8654
156.750	62.0468	22.2164	39.8304
156.775	61.9998	22.2043	39.7955
156.800	61.9527	22.1921	39.7606
156.825	61.9057	22.1798	39.7259
156.850	61.8586	22.1675	39.6912
156.875	61.8115	22.1550	39.6565
156.900	61.7644	22.1425	39.6219
156.925	61.7172	22.1299	39.5873
156.950	61.6700	22.1173	39.5527
156.975	61.6226	22.1045	39.5181
157.000	61.5753	22.0917	39.4836
157.025	61.5279	22.0788	39.4491
157.050	61.4805	22.0659	39.4147
157.075	61.4332	22.0529	39.3803
157.100	61.3858	22.0398	39.3459
157.125	61.3384	22.0267	39.3117
157.150	61.2910	22.0135	39.2774
157.175	61.2436	22.0003	39.2433
157.200	61.1962	21.9871	39.2091
157.225	61.1489	21.9738	39.1751
157.250	61.1015	21.9605	39.1411
157.275	61.0543	21.9471	39.1071
157.300	61.0070	21.9337	39.0733
157.325	60.9598	21.9203	39.0395
157.350	60.9126	21.9068	39.0057
157.375	60.8654	21.8933	38.9721
157.400	60.8182	21.8797	38.9385
157.425	60.7710	21.8660	38.9050
157.450	60.7238	21.8522	38.8716
157.475	60.6766	21.8383	38.8382
157.500	60.6293	21.8244	38.8049
157.525	60.5821	21.8104	38.7717
157.550	60.5348	21.7963	38.7385
157.575	60.4875	21.7822	38.7053
157.600	60.4402	21.7680	38.6722
157.625	60.3929	21.7538	38.6391
157.650	60.3455	21.7395	38.6061
157.675	60.2982	21.7251	38.5731
157.700	60.2507	21.7107	38.5401
157.725	60.2033	21.6961	38.5072
157.750	60.1557	21.6815	38.4742
157.775	60.1081	21.6668	38.4414
157.800	60.0604	21.6519	38.4085
157.825	60.0126	21.6369	38.3757
157.850	59.9647	21.6218	38.3429
157.875	59.9166	21.6066	38.3101
157.900	59.8684	21.5912	38.2773
157.925	59.8202	21.5757	38.2445
157.950	59.7718	21.5601	38.2117
157.975	59.7233	21.5443	38.1790
158.000	59.6747	21.5284	38.1463
158.025	59.6259	21.5124	38.1135
158.050	59.5770	21.4962	38.0808
158.075	59.5279	21.4799	38.0480
158.100	59.4787	21.4635	38.0152
158.125	59.4292	21.4469	37.9824
158.150	59.3796	21.4302	37.9495
158.175	59.3299	21.4133	37.9166
158.200	59.2799	21.3963	37.8836
158.225	59.2299	21.3792	37.8507
158.250	59.1796	21.3619	37.8178
158.275	59.1293	21.3444	37.7848
158.300	59.0787	21.3268	37.7519
158.325	59.0280	21.3091	37.7189
158.350	58.9771	21.2912	37.6859
158.375	58.9260	21.2732	37.6528
158.400	58.8747	21.2551	37.6196
158.425	58.8232	21.2368	37.5864
158.450	58.7715	21.2184	37.5531
158.475	58.7196	21.1999	37.5197
158.500	58.6675	21.1813	37.4861
158.525	58.6151	21.1626	37.4525
158.550	58.5625	21.1437	37.4188
158.575	58.5097	21.1248	37.3850
158.600	58.4568	21.1057	37.3511
158.625	58.4036	21.0865	37.3171
158.650	58.3503	21.0673	37.2831
158.675	58.2969	21.0479	37.2490
158.700	58.2434	21.0284	37.2150
158.725	58.1898	21.0089	37.1810
158.750	58.1362	20.9892	37.1470
158.775	58.0825	20.9695	37.1130
158.800	58.0288	20.9497	37.0790
158.825	57.9750	20.9298	37.0451
158.850	57.9211	20.9099	37.0113
158.875	57.8672	20.8898	36.9774
158.900	57.8133	20.8697	36.9436
158.925	57.7592	20.8494	36.9098
158.950	57.7051	20.8291	36.8761
158.975	57.6509	20.8086	36.8423
159.000	57.5966	20.7880	36.8086
159.025	57.5422	20.7674	36.7748
159.050	57.4876	20.7466	36.7410
159.075	57.4329	20.7258	36.7071
159.100	57.3781	20.7048	36.6733
159.125	57.3231	20.6838	36.6393
159.150	57.2680	20.6627	36.6053
159.175	57.2128	20.6415	36.5713
159.200	57.1575	20.6202	36.5373
159.225	57.1021	20.5988	36.5032
159.250	57.0466	20.5774	36.4692
159.275	56.9909	20.5558	36.4351
159.300	56.9352	20.5342	36.4010
159.325	56.8793	20.5125	36.3669
159.350	56.8233	20.4906	36.3327
159.375	56.7670	20.4686	36.2984
159.400	56.7106	20.4466	36.2640
159.425	56.6540	20.4244	36.2296
159.450	56.5973	20.4021	36.1951
159.475	56.5404	20.3798	36.1606
159.500	56.4834	20.3574	36.1260
159.525	56.4264	20.3349	36.0915
159.550	56.3693	20.3123	36.0570
159.575	56.3122	20.2897	36.0226
159.600	56.2552	20.2670	35.9882
159.625	56.1982	20.2442	35.9540
159.650	56.1412	20.2214	35.9199
159.675	56.0843	20.1985	35.8858
159.700	56.0275	20.1756	35.8519
159.725	55.9707	20.1527	35.8180
159.750	55.9140	20.1297	35.7842
159.775	55.8573	20.1067	35.7506
159.800	55.8007	20.0837	35.7170
159.825	55.7442	20.0606	35.6836
159.850	55.6877	20.0375	35.6502
159.875	55.6313	20.0144	35.6169
159.900	55.5749	19.9912	35.5837
159.925	55.5186	19.9679	35.5506
159.950	55.4622	19.9446	35.5176
159.975	55.4058	19.9212	35.4846
160.000	55.3494	19.8978	35.4516
160.025	55.2929	19.8743	35.4187
160.050	55.2364	19.8507	35.3857
160.075	55.1798	19.8270	35.3527
160.100	55.1230	19.8033	35.3197
160.125	55.0661	19.7795	35.2867
160.150	55.0091	19.7556	35.2535
160.175	54.9519	19.7316	35.2203
160.200	54.8946	19.7075	35.1871
160.225	54.8372	19.6834	35.1538
160.250	54.7797	19.6592	35.1205
160.275	54.7221	19.6349	35.0872
160.300	54.6644	19.6105	35.0539
160.325	54.6068	19.5861	35.0207
160.350	54.5491	19.5617	34.9875
160.375	54.4915	19.5371	34.9543
160.400	54.4338	19.5126	34.9212
160.425	54.3761	19.4879	34.8882
160.450	54.3185	19.4632	34.8552
160.475	54.2608	19.4385	34.8223
160.500	54.2031	19.4137	34.7894
160.525	54.1455	19.3889	34.7566
160.550	54.0878	19.3641	34.7237
160.575	54.0302	19.3392	34.6910
160.600	53.9725	19.3143	34.6582
160.625	53.9148	19.2893	34.6255
160.650	53.8571	19.2642	34.5928
160.675	53.7993	19.2391	34.5602
160.700	53.7415	19.2140	34.5275
160.725	53.6836	19.1888	34.4948
160.750	53.6255	19.1635	34.4621
160.775	53.5674	19.1381	34.4293
160.800	53.5090	19.1127	34.3963
160.825	53.4505	19.0872	34.3633
160.850	53.3917	19.0616	34.3300
160.875	53.3326	19.0360	34.2966
160.900	53.2733	19.0103	34.2630
160.925	53.2137	18.9845	34.2293
160.950	53.1540	18.9586	34.1953
160.975	53.0940	18.9327	34.1613
161.000	53.0339	18.9067	34.1272
161.025	52.9737	18.8807	34.0930
161.050	52.9133	18.8546	34.0587
161.075	52.8528	18.8284	34.0245
161.100	52.7923	18.8022	33.9902
161.125	52.7317	18.7759	33.9559
161.150	52.6711	18.7495	33.9216
161.175	52.6105	18.7231	33.8873
161.200	52.5498	18.6967	33.8531
161.225	52.4891	18.6702	33.8189
161.250	52.4284	18.6436	33.7848
161.275	52.3676	18.6170	33.7507
161.300	52.3069	18.5903	33.7166
161.325	52.2462	18.5636	33.6826
161.350	52.1855	18.5368	33.6486
161.375	52.1247	18.5100	33.6147
161.400	52.0641	18.4831	33.5809
161.425	52.0034	18.4562	33.5471
161.450	51.9426	18.4292	33.5134
161.475	51.8819	18.4022	33.4797
161.500	51.8212	18.3751	33.4461
161.525	51.7603	18.3480	33.4124
161.550	51.6994	18.3208	33.3787
161.575	51.6385	18.2936	33.3449
161.600	51.5774	18.2663	33.3111
161.625	51.5162	18.2390	33.2772
161.650	51.4548	18.2116	33.2432
161.675	51.3934	18.1843	33.2091
161.700	51.3318	18.1569	33.1750
161.725	51.2702	18.1294	33.1408
161.750	51.2084	18.1019	33.1065
161.775	51.1466	18.0743	33.0723
161.800	51.0847	18.0468	33.0380
161.825	51.0228	18.0191	33.0037
161.850	50.9609	17.9914	32.9695
161.875	50.8989	17.9637	32.9353
161.900	50.8370	17.9358	32.9011
161.925	50.7750	17.9080	32.8670
161.950	50.7130	17.8801	32.8330
161.975	50.6511	17.8521	32.7990
162.000	50.5891	17.8240	32.7651
162.025	50.5272	17.7960	32.7312
162.050	50.4652	17.7678	32.6974
162.075	50.4033	17.7396	32.6637
162.100	50.3415	17.7114	32.6301
162.125	50.2796	17.6831	32.5965
162.150	50.2179	17.6548	32.5631
162.175	50.1562	17.6264	32.5297
162.200	50.0945	17.5980	32.4964
162.225	50.0328	17.5696	32.4632
162.250	49.9712	17.5411	32.4301
162.275	49.9096	17.5125	32.3971
162.300	49.8480	17.4839	32.3640
162.325	49.7864	17.4553	32.3311
162.350	49.7247	17.4266	32.2981
162.375	49.6630	17.3979	32.2652
162.400	49.6013	17.3691	32.2322
162.425	49.5395	17.3403	32.1993
162.450	49.4777	17.3114	32.1663
162.475	49.4159	17.2825	32.1334
162.500	49.3539	17.2536	32.1004
162.525	49.2919	17.2246	32.0673
162.550	49.2298	17.1956	32.0343
162.575	49.1677	17.1666	32.0011
162.600	49.1054	17.1375	31.9679
162.625	49.0431	17.1084	31.9346
162.650	48.9806	17.0794	31.9012
162.675	48.9180	17.0502	31.8677
162.700	48.8552	17.0211	31.8341
162.725	48.7922	16.9919	31.8003
162.750	48.7290	16.9628	31.7663
162.775	48.6657	16.9335	31.7322
162.800	48.6022	16.9043	31.6979
162.825	48.5385	16.8750	31.6635
162.850	48.4746	16.8457	31.6289
162.875	48.4105	16.8163	31.5941
162.900	48.3462	16.7870	31.5593
162.925	48.2818	16.7576	31.5243
162.950	48.2172	16.7281	31.4891
162.975	48.1524	16.6987	31.4538
163.000	48.0875	16.6692	31.4183
163.025	48.0224	16.6396	31.3828
163.050	47.9571	16.6101	31.3471
163.075	47.8918	16.5805	31.3113
163.100	47.8263	16.5509	31.2755
163.125	47.7608	16.5212	31.2396
163.150	47.6951	16.4916	31.2036
163.175	47.6295	16.4619	31.1676
163.200	47.5638	16.4322	31.1316
163.225	47.4980	16.4025	31.0956
163.250	47.4323	16.3727	31.0596
163.275	47.3665	16.3430	31.0235
163.300	47.3008	16.3132	30.9875
163.325	47.2349	16.2834	30.9515
163.350	47.1690	16.2537	30.9153
163.375	47.1030	16.2239	30.8791
163.400	47.0368	16.1940	30.8428
163.425	46.9705	16.1642	30.8063
163.450	46.9041	16.1344	30.7696
163.475	46.8374	16.1046	30.7328
163.500	46.7706	16.0747	30.6958
163.525	46.7035	16.0448	30.6587
163.550	46.6363	16.0149	30.6213
163.575	46.5689	15.9850	30.5838
163.600	46.5013	15.9551	30.5463
163.625	46.4337	15.9251	30.5086
163.650	46.3660	15.8951	30.4709
163.675	46.2982	15.8651	30.4331
163.700	46.2304	15.8351	30.3953
163.725	46.1626	15.8051	30.3575
163.750	46.0947	15.7750	30.3197
163.775	46.0268	15.7448	30.2819
163.800	45.9588	15.7147	30.2441
163.825	45.8908	15.6844	30.2064
163.850	45.8228	15.6542	30.1686
163.875	45.7549	15.6239	30.1310
163.900	45.6869	15.5936	30.0933
163.925	45.6190	15.5632	30.0558
163.950	45.5511	15.5328	30.0183
163.975	45.4833	15.5024	29.9810
164.000	45.4156	15.4719	29.9437
164.025	45.3479	15.4413	29.9066
164.050	45.2803	15.4108	29.8696
164.075	45.2127	15.3801	29.8326
164.100	45.1451	15.3495	29.7956
164.125	45.0775	15.3188	29.7587
164.150	45.0099	15.2880	29.7218
164.175	44.9422	15.2572	29.6850
164.200	44.8744	15.2264	29.6481
164.225	44.8066	15.1955	29.6111
164.250	44.7388	15.1646	29.5742
164.275	44.6709	15.1336	29.5373
164.300	44.6029	15.1026	29.5003
164.325	44.5348	15.0716	29.4632
164.350	44.4666	15.0406	29.4261
164.375	44.3983	15.0095	29.3889
164.400	44.3299	14.9783	29.3516
164.425	44.2613	14.9471	29.3142
164.450	44.1925	14.9159	29.2766
164.475	44.1236	14.8847	29.2389
164.500	44.0544	14.8534	29.2011
164.525	43.9850	14.8220	29.1630
164.550	43.9153	14.7906	29.1247
164.575	43.8453	14.7591	29.0862
164.600	43.7750	14.7276	29.0473
164.625	43.7042	14.6961	29.0081
164.650	43.6331	14.6645	28.9686
164.675	43.5616	14.6329	28.9287
164.700	43.4898	14.6013	28.8885
164.725	43.4176	14.5696	28.8480
164.750	43.3453	14.5380	28.8073
164.775	43.2728	14.5063	28.7665
164.800	43.2002	14.4745	28.7256
164.825	43.1275	14.4428	28.6847
164.850	43.0546	14.4109	28.6437
164.875	42.9816	14.3791	28.6026
164.900	42.9086	14.3472	28.5614
164.925	42.8355	14.3152	28.5202
164.950	42.7623	14.2833	28.4790
164.975	42.6890	14.2512	28.4378
165.000	42.6157	14.2192	28.3965
165.025	42.5423	14.1871	28.3552
165.050	42.4689	14.1550	28.3139
165.075	42.3954	14.1229	28.2725
165.100	42.3217	14.0908	28.2310
165.125	42.2480	14.0586	28.1894
165.150	42.1741	14.0264	28.1477
165.175	42.1002	13.9942	28.1060
165.200	42.0261	13.9620	28.0642
165.225	41.9520	13.9297	28.0223
165.250	41.8778	13.8975	27.9804
165.275	41.8035	13.8652	27.9383
165.300	41.7292	13.8329	27.8963
165.325	41.6548	13.8006	27.8541
165.350	41.5803	13.7684	27.8119
165.375	41.5057	13.7361	27.7696
165.400	41.4311	13.7038	27.7273
165.425	41.3565	13.6716	27.6849
165.450	41.2818	13.6394	27.6425
165.475	41.2071	13.6072	27.6000
165.500	41.1324	13.5750	27.5574
165.525	41.0576	13.5428	27.5148
165.550	40.9829	13.5107	27.4722
165.575	40.9081	13.4786	27.4295
165.600	40.8334	13.4465	27.3868
165.625	40.7586	13.4145	27.3441
165.650	40.6839	13.3825	27.3014
165.675	40.6092	13.3505	27.2587
165.700	40.5345	13.3186	27.2159
165.725	40.4600	13.2867	27.1733
165.750	40.3855	13.2548	27.1306
165.775	40.3110	13.2230	27.0881
165.800	40.2367	13.1912	27.0456
165.825	40.1626	13.1594	27.0032
165.850	40.0885	13.1276	26.9608
165.875	40.0145	13.0959	26.9185
165.900	39.9405	13.0642	26.8763
165.925	39.8666	13.0325	26.8340
165.950	39.7926	13.0009	26.7918
165.975	39.7187	12.9692	26.7495
166.000	39.6448	12.9376	26.7072
166.025	39.5709	12.9060	26.6649
166.050	39.4970	12.8745	26.6226
166.075	39.4232	12.8429	26.5803
166.100	39.3493	12.8114	26.5379
166.125	39.2754	12.7798	26.4955
166.150	39.2014	12.7483	26.4531
166.175	39.1275	12.7168	26.4107
166.200	39.0534	12.6853	26.3681
166.225	38.9793	12.6538	26.3255
166.250	38.9052	12.6223	26.2829
166.275	38.8309	12.5908	26.2401
166.300	38.7566	12.5593	26.1973
166.325	38.6822	12.5278	26.1545
166.350	38.6078	12.4962	26.1116
166.375	38.5333	12.4647	26.0685
166.400	38.4587	12.4332	26.0255
166.425	38.3840	12.4017	25.9823
166.450	38.3092	12.3701	25.9391
166.475	38.2343	12.3386	25.8957
166.500	38.1594	12.3071	25.8523
166.525	38.0844	12.2756	25.8088
166.550	38.0093	12.2440	25.7653
166.575	37.9342	12.2125	25.7216
166.600	37.8589	12.1810	25.6779
166.625	37.7836	12.1495	25.6341
166.650	37.7082	12.1180	25.5902
166.675	37.6328	12.0866	25.5462
166.700	37.5573	12.0551	25.5022
166.725	37.4817	12.0236	25.4580
166.750	37.4060	11.9922	25.4138
166.775	37.3303	11.9607	25.3695
166.800	37.2545	11.9293	25.3252
166.825	37.1786	11.8979	25.2807
166.850	37.1027	11.8665	25.2362
166.875	37.0267	11.8351	25.1916
166.900	36.9506	11.8037	25.1470
166.925	36.8745	11.7723	25.1023
166.950	36.7983	11.7409	25.0575
166.975	36.7221	11.7095	25.0126
167.000	36.6457	11.6781	24.9676
167.025	36.5693	11.6468	24.9226
167.050	36.4929	11.6154	24.8775
167.075	36.4164	11.5840	24.8324
167.100	36.3399	11.5527	24.7872
167.125	36.2635	11.5213	24.7421
167.150	36.1870	11.4900	24.6970
167.175	36.1106	11.4586	24.6519
167.200	36.0341	11.4273	24.6068
167.225	35.9577	11.3960	24.5617
167.250	35.8813	11.3646	24.5167
167.275	35.8048	11.3333	24.4716
167.300	35.7284	11.3019	24.4265
167.325	35.6520	11.2706	24.3814
167.350	35.5756	11.2393	24.3363
167.375	35.4992	11.2080	24.2912
167.400	35.4228	11.1767	24.2461
167.425	35.3464	11.1454	24.2010
167.450	35.2700	11.1141	24.1559
167.475	35.1936	11.0828	24.1108
167.500	35.1173	11.0516	24.0657
167.525	35.0409	11.0203	24.0206
167.550	34.9645	10.9890	23.9754
167.575	34.8880	10.9577	23.9303
167.600	34.8116	10.9265	23.8852
167.625	34.7352	10.8952	23.8400
167.650	34.6588	10.8639	23.7949
167.675	34.5823	10.8326	23.7497
167.700	34.5059	10.8013	23.7046
167.725	34.4294	10.7700	23.6594
167.750	34.3529	10.7387	23.6142
167.775	34.2764	10.7074	23.5690
167.800	34.1998	10.6761	23.5237
167.825	34.1232	10.6448	23.4784
167.850	34.0466	10.6135	23.4331
167.875	33.9699	10.5822	23.3876
167.900	33.8931	10.5510	23.3421
167.925	33.8163	10.5197	23.2965
167.950	33.7393	10.4885	23.2508
167.975	33.6623	10.4573	23.2050
168.000	33.5851	10.4261	23.1590
168.025	33.5079	10.3950	23.1129
168.050	33.4305	10.3639	23.0667
168.075	33.3531	10.3328	23.0203
168.100	33.2756	10.3017	22.9739
168.125	33.1980	10.2707	22.9274
168.150	33.1205	10.2397	22.8808
168.175	33.0429	10.2087	22.8342
168.200	32.9653	10.1778	22.7875
168.225	32.8876	10.1469	22.7408
168.250	32.8099	10.1160	22.6940
168.275	32.7322	10.0852	22.6470
168.300	32.6543	10.0544	22.5999
168.325	32.5763	10.0236	22.5527
168.350	32.4982	9.9929	22.5053
168.375	32.4199	9.9622	22.4577
168.400	32.3415	9.9316	22.4099
168.425	32.2629	9.9010	22.3620
168.450	32.1843	9.8704	22.3138
168.475	32.1054	9.8399	22.2655
168.500	32.0264	9.8095	22.2169
168.525	31.9471	9.7790	22.1681
168.550	31.8677	9.7486	22.1191
168.575	31.7880	9.7182	22.0698
168.600	31.7082	9.6879	22.0203
168.625	31.6281	9.6575	21.9707
168.650	31.5480	9.6271	21.9209
168.675	31.4678	9.5968	21.8710
168.700	31.3875	9.5664	21.8211
168.725	31.3072	9.5360	21.7711
168.750	31.2268	9.5056	21.7211
168.775	31.1463	9.4753	21.6710
168.800	31.0658	9.4449	21.6209
168.825	30.9853	9.4146	21.5707
168.850	30.9048	9.3842	21.5205
168.875	30.8242	9.3539	21.4703
168.900	30.7435	9.3236	21.4199
168.925	30.6629	9.2933	21.3696
168.950	30.5822	9.2630	21.3192
168.975	30.5015	9.2328	21.2687
169.000	30.4208	9.2025	21.2182
169.025	30.3400	9.1723	21.1677
169.050	30.2592	9.1421	21.1171
169.075	30.1783	9.1119	21.0664
169.100	30.0974	9.0818	21.0157
169.125	30.0165	9.0516	20.9649
169.150	29.9355	9.0215	20.9140
169.175	29.8545	8.9914	20.8631
169.200	29.7735	8.9613	20.8122
169.225	29.6924	8.9313	20.7611
169.250	29.6113	8.9013	20.7100
169.275	29.5302	8.8713	20.6589
169.300	29.4490	8.8413	20.6077
169.325	29.3677	8.8114	20.5564
169.350	29.2865	8.7815	20.5050
169.375	29.2051	8.7516	20.4536
169.400	29.1237	8.7217	20.4020
169.425	29.0423	8.6919	20.3505
169.450	28.9608	8.6620	20.2988
169.475	28.8793	8.6322	20.2471
169.500	28.7978	8.6024	20.1954
169.525	28.7162	8.5727	20.1435
169.550	28.6346	8.5430	20.0916
169.575	28.5530	8.5133	20.0397
169.600	28.4713	8.4836	19.9876
169.625	28.3895	8.4540	19.9355
169.650	28.3077	8.4244	19.8833
169.675	28.2258	8.3948	19.8310
169.700	28.1439	8.3653	19.7786
169.725	28.0620	8.3359	19.7262
169.750	27.9801	8.3064	19.6737
169.775	27.8982	8.2770	19.6212
169.800	27.8163	8.2477	19.5686
169.825	27.7345	8.2184	19.5161
169.850	27.6527	8.1892	19.4635
169.875	27.5709	8.1600	19.4109
169.900	27.4891	8.1309	19.3583
169.925	27.4074	8.1018	19.3055
169.950	27.3256	8.0728	19.2528
169.975	27.2437	8.0438	19.1999
170.000	27.1619	8.0148	19.1470
