0.000	-0.5976	-0.0004	-0.5972
0.025	-0.5984	-0.0004	-0.5981
0.050	-0.5992	-0.0004	-0.5989
0.075	-0.6000	-0.0004	-0.5996
0.100	-0.6008	-0.0004	-0.6004
0.125	-0.6016	-0.0004	-0.6012
0.150	-0.6023	-0.0003	-0.6020
0.175	-0.6031	-0.0003	-0.6028
0.200	-0.6039	-0.0003	-0.6035
0.225	-0.6046	-0.0003	-0.6043
0.250	-0.6054	-0.0003	-0.6050
0.275	-0.6061	-0.0003	-0.6058
0.300	-0.6069	-0.0003	-0.6065
0.325	-0.6076	-0.0003	-0.6073
0.350	-0.6083	-0.0003	-0.6080
0.375	-0.6091	-0.0003	-0.6087
0.400	-0.6098	-0.0003	-0.6094
0.425	-0.6105	-0.0003	-0.6102
0.450	-0.6112	-0.0003	-0.6109
0.475	-0.6119	-0.0003	-0.6116
0.500	-0.6126	-0.0003	-0.6123
0.525	-0.6133	-0.0003	-0.6129
0.550	-0.6139	-0.0003	-0.6136
0.575	-0.6146	-0.0003	-0.6143
0.600	-0.6153	-0.0003	-0.6150
0.625	-0.6160	-0.0003	-0.6156
0.650	-0.6166	-0.0003	-0.6163
0.675	-0.6173	-0.0003	-0.6169
0.700	-0.6179	-0.0003	-0.6176
0.725	-0.6185	-0.0003	-0.6182
0.750	-0.6192	-0.0003	-0.6188
0.775	-0.6198	-0.0003	-0.6195
0.800	-0.6204	-0.0003	-0.6201
0.825	-0.6210	-0.0003	-0.6207
0.850	-0.6216	-0.0003	-0.6213
0.875	-0.6222	-0.0003	-0.6219
0.900	-0.6228	-0.0003	-0.6225
0.925	-0.6234	-0.0003	-0.6231
0.950	-0.6240	-0.0003	-0.6237
0.975	-0.6246	-0.0003	-0.6243
1.000	-0.6251	-0.0003	-0.6248
1.025	-0.6257	-0.0003	-0.6254
1.050	-0.6262	-0.0003	-0.6259
1.075	-0.6268	-0.0003	-0.6265
1.100	-0.6273	-0.0003	-0.6270
1.125	-0.6279	-0.0003	-0.6276
1.150	-0.6284	-0.0003	-0.6281
1.175	-0.6289	-0.0003	-0.6286
1.200	-0.6294	-0.0003	-0.6291
1.225	-0.6299	-0.0003	-0.6297
1.250	-0.6304	-0.0003	-0.6302
1.275	-0.6309	-0.0003	-0.6307
1.300	-0.6314	-0.0003	-0.6312
1.325	-0.6319	-0.0003	-0.6316
1.350	-0.6324	-0.0003	-0.6321
1.375	-0.6329	-0.0003	-0.6326
1.400	-0.6333	-0.0003	-0.6331
1.425	-0.6338	-0.0003	-0.6335
1.450	-0.6342	-0.0003	-0.6340
1.475	-0.6347	-0.0003	-0.6344
1.500	-0.6351	-0.0003	-0.6349
1.525	-0.6355	-0.0003	-0.6353
1.550	-0.6360	-0.0003	-0.6357
1.575	-0.6364	-0.0003	-0.6361
1.600	-0.6368	-0.0003	-0.6366
1.625	-0.6372	-0.0003	-0.6370
1.650	-0.6376	-0.0003	-0.6374
1.675	-0.6380	-0.0002	-0.6378
1.700	-0.6384	-0.0002	-0.6381
1.725	-0.6388	-0.0002	-0.6385
1.750	-0.6391	-0.0002	-0.6389
1.775	-0.6395	-0.0002	-0.6393
1.800	-0.6399	-0.0002	-0.6396
1.825	-0.6402	-0.0002	-0.6400
1.850	-0.6406	-0.0002	-0.6403
1.875	-0.6409	-0.0002	-0.6407
1.900	-0.6412	-0.0002	-0.6410
1.925	-0.6416	-0.0002	-0.6413
1.950	-0.6419	-0.0002	-0.6417
1.975	-0.6422	-0.0002	-0.6420
2.000	-0.6425	-0.0002	-0.6423
2.025	-0.6428	-0.0002	-0.6426
2.050	-0.6431	-0.0002	-0.6429
2.075	-0.6434	-0.0002	-0.6432
2.100	-0.6437	-0.0002	-0.6435
2.125	-0.6440	-0.0002	-0.6437
2.150	-0.6442	-0.0002	-0.6440
2.175	-0.6445	-0.0002	-0.6443
2.200	-0.6447	-0.0002	-0.6445
2.225	-0.6450	-0.0002	-0.6448
2.250	-0.6452	-0.0002	-0.6450
2.275	-0.6455	-0.0002	-0.6453
2.300	-0.6457	-0.0002	-0.6455
2.325	-0.6459	-0.0002	-0.6457
2.350	-0.6461	-0.0002	-0.6459
2.375	-0.6463	-0.0002	-0.6462
2.400	-0.6465	-0.0002	-0.6464
2.425	-0.6467	-0.0002	-0.6466
2.450	-0.6469	-0.0002	-0.6467
2.475	-0.6471	-0.0002	-0.6469
2.500	-0.6473	-0.0002	-0.6471
2.525	-0.6475	-0.0002	-0.6473
2.550	-0.6476	-0.0002	-0.6474
2.575	-0.6478	-0.0002	-0.6476
2.600	-0.6479	-0.0002	-0.6478
2.625	-0.6481	-0.0002	-0.6479
2.650	-0.6482	-0.0002	-0.6480
2.675	-0.6483	-0.0002	-0.6482
2.700	-0.6485	-0.0002	-0.6483
2.725	-0.6486	-0.0002	-0.6484
2.750	-0.6487	-0.0002	-0.6485
2.775	-0.6488	-0.0002	-0.6486
2.800	-0.6489	-0.0002	-0.6487
2.825	-0.6490	-0.0002	-0.6488
2.850	-0.6491	-0.0001	-0.6489
2.875	-0.6491	-0.0001	-0.6490
2.900	-0.6492	-0.0001	-0.6491
2.925	-0.6493	-0.0001	-0.6491
2.950	-0.6493	-0.0001	-0.6492
2.975	-0.6494	-0.0001	-0.6493
3.000	-0.6494	-0.0001	-0.6493
3.025	-0.6495	-0.0001	-0.6493
3.050	-0.6495	-0.0001	-0.6494
3.075	-0.6495	-0.0001	-0.6494
3.100	-0.6496	-0.0001	-0.6494
3.125	-0.6496	-0.0001	-0.6494
3.150	-0.6496	-0.0001	-0.6495
3.175	-0.6496	-0.0001	-0.6495
3.200	-0.6496	-0.0001	-0.6495
3.225	-0.6496	-0.0001	-0.6494
3.250	-0.6495	-0.0001	-0.6494
3.275	-0.6495	-0.0001	-0.6494
3.300	-0.6495	-0.0001	-0.6494
3.325	-0.6494	-0.0001	-0.6493
3.350	-0.6494	-0.0001	-0.6493
3.375	-0.6493	-0.0001	-0.6492
3.400	-0.6493	-0.0001	-0.6492
3.425	-0.6492	-0.0001	-0.6491
3.450	-0.6492	-0.0001	-0.6491
3.475	-0.6491	-0.0001	-0.6490
3.500	-0.6490	-0.0001	-0.6489
3.525	-0.6489	-0.0001	-0.6488
3.550	-0.6488	-0.0001	-0.6487
3.575	-0.6487	-0.0001	-0.6486
3.600	-0.6486	-0.0001	-0.6485
3.625	-0.6485	-0.0001	-0.6484
3.650	-0.6484	-0.0001	-0.6483
3.675	-0.6482	-0.0001	-0.6482
3.700	-0.6481	-0.0001	-0.6480
3.725	-0.6480	-0.0001	-0.6479
3.750	-0.6478	-0.0001	-0.6478
3.775	-0.6477	-0.0001	-0.6476
3.800	-0.6475	-0.0001	-0.6475
3.825	-0.6473	-0.0001	-0.6473
3.850	-0.6472	-0.0001	-0.6471
3.875	-0.6470	-0.0000	-0.6470
3.900	-0.6468	-0.0000	-0.6468
3.925	-0.6466	-0.0000	-0.6466
3.950	-0.6464	-0.0000	-0.6464
3.975	-0.6462	-0.0000	-0.6462
4.000	-0.6460	-0.0000	-0.6460
4.025	-0.6458	-0.0000	-0.6458
4.050	-0.6456	-0.0000	-0.6456
4.075	-0.6454	-0.0000	-0.6453
4.100	-0.6451	-0.0000	-0.6451
4.125	-0.6449	-0.0000	-0.6449
4.150	-0.6447	-0.0000	-0.6446
4.175	-0.6444	-0.0000	-0.6444
4.200	-0.6441	-0.0000	-0.6441
4.225	-0.6439	-0.0000	-0.6439
4.250	-0.6436	-0.0000	-0.6436
4.275	-0.6433	-0.0000	-0.6433
4.300	-0.6431	-0.0000	-0.6431
4.325	-0.6428	-0.0000	-0.6428
4.350	-0.6425	0.0000	-0.6425
4.375	-0.6422	0.0000	-0.6422
4.400	-0.6419	0.0000	-0.6419
4.425	-0.6416	0.0000	-0.6416
4.450	-0.6413	0.0000	-0.6413
4.475	-0.6410	0.0000	-0.6410
4.500	-0.6406	0.0000	-0.6406
4.525	-0.6403	0.0000	-0.6403
4.550	-0.6400	0.0000	-0.6400
4.575	-0.6396	0.0000	-0.6396
4.600	-0.6393	0.0000	-0.6393
4.625	-0.6389	0.0000	-0.6389
4.650	-0.6385	0.0000	-0.6386
4.675	-0.6382	0.0000	-0.6382
4.700	-0.6378	0.0000	-0.6379
4.725	-0.6374	0.0000	-0.6375
4.750	-0.6371	0.0000	-0.6371
4.775	-0.6367	0.0000	-0.6367
4.800	-0.6363	0.0000	-0.6363
4.825	-0.6359	0.0001	-0.6359
4.850	-0.6355	0.0001	-0.6355
4.875	-0.6351	0.0001	-0.6351
4.900	-0.6346	0.0001	-0.6347
4.925	-0.6342	0.0001	-0.6343
4.950	-0.6338	0.0001	-0.6339
4.975	-0.6334	0.0001	-0.6334
5.000	-0.6329	0.0001	-0.6330
5.025	-0.6325	0.0001	-0.6326
5.050	-0.6320	0.0001	-0.6321
5.075	-0.6316	0.0001	-0.6317
5.100	-0.6311	0.0001	-0.6312
5.125	-0.6307	0.0001	-0.6307
5.150	-0.6302	0.0001	-0.6303
5.175	-0.6297	0.0001	-0.6298
5.200	-0.6292	0.0001	-0.6293
5.225	-0.6287	0.0001	-0.6288
5.250	-0.6283	0.0001	-0.6284
5.275	-0.6278	0.0001	-0.6279
5.300	-0.6273	0.0001	-0.6274
5.325	-0.6268	0.0001	-0.6269
5.350	-0.6262	0.0001	-0.6264
5.375	-0.6257	0.0001	-0.6258
5.400	-0.6252	0.0001	-0.6253
5.425	-0.6247	0.0001	-0.6248
5.450	-0.6241	0.0001	-0.6243
5.475	-0.6236	0.0001	-0.6237
5.500	-0.6231	0.0001	-0.6232
5.525	-0.6225	0.0001	-0.6227
5.550	-0.6220	0.0001	-0.6221
5.575	-0.6214	0.0002	-0.6216
5.600	-0.6208	0.0002	-0.6210
5.625	-0.6203	0.0002	-0.6204
5.650	-0.6197	0.0002	-0.6199
5.675	-0.6191	0.0002	-0.6193
5.700	-0.6185	0.0002	-0.6187
5.725	-0.6179	0.0002	-0.6181
5.750	-0.6173	0.0002	-0.6176
5.775	-0.6167	0.0002	-0.6170
5.800	-0.6161	0.0002	-0.6164
5.825	-0.6155	0.0002	-0.6158
5.850	-0.6149	0.0003	-0.6152
5.875	-0.6143	0.0003	-0.6146
5.900	-0.6137	0.0003	-0.6139
5.925	-0.6130	0.0003	-0.6133
5.950	-0.6124	0.0003	-0.6127
5.975	-0.6118	0.0003	-0.6121
6.000	-0.6111	0.0003	-0.6114
6.025	-0.6105	0.0004	-0.6108
6.050	-0.6098	0.0004	-0.6102
6.075	-0.6091	0.0004	-0.6095
6.100	-0.6085	0.0004	-0.6089
6.125	-0.6078	0.0004	-0.6082
6.150	-0.6071	0.0004	-0.6076
6.175	-0.6064	0.0005	-0.6069
6.200	-0.6057	0.0005	-0.6062
6.225	-0.6051	0.0005	-0.6056
6.250	-0.6044	0.0005	-0.6049
6.275	-0.6037	0.0006	-0.6042
6.300	-0.6030	0.0006	-0.6035
6.325	-0.6022	0.0006	-0.6028
6.350	-0.6015	0.0006	-0.6022
6.375	-0.6008	0.0007	-0.6015
6.400	-0.6001	0.0007	-0.6008
6.425	-0.5994	0.0007	-0.6001
6.450	-0.5986	0.0007	-0.5994
6.475	-0.5979	0.0008	-0.5986
6.500	-0.5971	0.0008	-0.5979
6.525	-0.5964	0.0008	-0.5972
6.550	-0.5956	0.0008	-0.5965
6.575	-0.5949	0.0009	-0.5958
6.600	-0.5941	0.0009	-0.5950
6.625	-0.5934	0.0009	-0.5943
6.650	-0.5926	0.0010	-0.5936
6.675	-0.5918	0.0010	-0.5928
6.700	-0.5910	0.0010	-0.5921
6.725	-0.5902	0.0011	-0.5913
6.750	-0.5895	0.0011	-0.5906
6.775	-0.5887	0.0012	-0.5898
6.800	-0.5879	0.0012	-0.5891
6.825	-0.5871	0.0012	-0.5883
6.850	-0.5863	0.0013	-0.5875
6.875	-0.5854	0.0013	-0.5868
6.900	-0.5846	0.0014	-0.5860
6.925	-0.5838	0.0014	-0.5852
6.950	-0.5830	0.0015	-0.5844
6.975	-0.5821	0.0015	-0.5837
7.000	-0.5813	0.0016	-0.5829
7.025	-0.5804	0.0016	-0.5821
7.050	-0.5796	0.0017	-0.5813
7.075	-0.5787	0.0018	-0.5805
7.100	-0.5779	0.0018	-0.5797
7.125	-0.5770	0.0019	-0.5789
7.150	-0.5761	0.0020	-0.5781
7.175	-0.5752	0.0021	-0.5773
7.200	-0.5743	0.0022	-0.5765
7.225	-0.5734	0.0023	-0.5757
7.250	-0.5724	0.0025	-0.5749
7.275	-0.5714	0.0026	-0.5740
7.300	-0.5704	0.0028	-0.5732
7.325	-0.5694	0.0030	-0.5724
7.350	-0.5684	0.0032	-0.5716
7.375	-0.5673	0.0034	-0.5707
7.400	-0.5662	0.0037	-0.5699
7.425	-0.5651	0.0039	-0.5691
7.450	-0.5640	0.0042	-0.5682
7.475	-0.5629	0.0045	-0.5674
7.500	-0.5617	0.0048	-0.5665
7.525	-0.5606	0.0051	-0.5657
7.550	-0.5594	0.0054	-0.5649
7.575	-0.5582	0.0058	-0.5640
7.600	-0.5570	0.0061	-0.5632
7.625	-0.5559	0.0064	-0.5623
7.650	-0.5547	0.0068	-0.5614
7.675	-0.5535	0.0071	-0.5606
7.700	-0.5523	0.0075	-0.5597
7.725	-0.5511	0.0078	-0.5589
7.750	-0.5499	0.0081	-0.5580
7.775	-0.5487	0.0084	-0.5571
7.800	-0.5475	0.0088	-0.5562
7.825	-0.5463	0.0091	-0.5554
7.850	-0.5451	0.0094	-0.5545
7.875	-0.5439	0.0097	-0.5536
7.900	-0.5427	0.0100	-0.5527
7.925	-0.5416	0.0103	-0.5519
7.950	-0.5404	0.0106	-0.5510
7.975	-0.5392	0.0109	-0.5501
8.000	-0.5380	0.0112	-0.5492
8.025	-0.5369	0.0115	-0.5483
8.050	-0.5357	0.0117	-0.5474
8.075	-0.5345	0.0120	-0.5465
8.100	-0.5334	0.0122	-0.5456
8.125	-0.5322	0.0125	-0.5447
8.150	-0.5311	0.0127	-0.5438
8.175	-0.5300	0.0130	-0.5429
8.200	-0.5289	0.0132	-0.5420
8.225	-0.5278	0.0134	-0.5411
8.250	-0.5267	0.0135	-0.5402
8.275	-0.5256	0.0137	-0.5393
8.300	-0.5246	0.0139	-0.5384
8.325	-0.5235	0.0140	-0.5375
8.350	-0.5225	0.0141	-0.5366
8.375	-0.5215	0.0142	-0.5357
8.400	-0.5205	0.0143	-0.5348
8.425	-0.5195	0.0144	-0.5339
8.450	-0.5185	0.0145	-0.5329
8.475	-0.5175	0.0145	-0.5320
8.500	-0.5165	0.0146	-0.5311
8.525	-0.5155	0.0147	-0.5302
8.550	-0.5145	0.0147	-0.5292
8.575	-0.5135	0.0148	-0.5283
8.600	-0.5126	0.0148	-0.5274
8.625	-0.5116	0.0148	-0.5264
8.650	-0.5106	0.0149	-0.5255
8.675	-0.5096	0.0149	-0.5245
8.700	-0.5087	0.0149	-0.5236
8.725	-0.5077	0.0149	-0.5226
8.750	-0.5067	0.0150	-0.5217
8.775	-0.5057	0.0150	-0.5207
8.800	-0.5047	0.0151	-0.5197
8.825	-0.5037	0.0151	-0.5188
8.850	-0.5026	0.0152	-0.5178
8.875	-0.5016	0.0152	-0.5168
8.900	-0.5005	0.0153	-0.5159
8.925	-0.4994	0.0154	-0.5149
8.950	-0.4983	0.0155	-0.5139
8.975	-0.4972	0.0157	-0.5129
9.000	-0.4961	0.0158	-0.5119
9.025	-0.4950	0.0159	-0.5109
9.050	-0.4939	0.0160	-0.5099
9.075	-0.4928	0.0161	-0.5089
9.100	-0.4916	0.0163	-0.5079
9.125	-0.4905	0.0164	-0.5069
9.150	-0.4893	0.0166	-0.5059
9.175	-0.4881	0.0167	-0.5048
9.200	-0.4869	0.0169	-0.5038
9.225	-0.4857	0.0171	-0.5028
9.250	-0.4845	0.0172	-0.5018
9.275	-0.4833	0.0174	-0.5007
9.300	-0.4820	0.0177	-0.4997
9.325	-0.4807	0.0179	-0.4986
9.350	-0.4794	0.0182	-0.4976
9.375	-0.4781	0.0184	-0.4965
9.400	-0.4767	0.0188	-0.4955
9.425	-0.4753	0.0191	-0.4944
9.450	-0.4739	0.0195	-0.4934
9.475	-0.4724	0.0199	-0.4923
9.500	-0.4709	0.0204	-0.4912
9.525	-0.4693	0.0209	-0.4902
9.550	-0.4677	0.0214	-0.4891
9.575	-0.4661	0.0219	-0.4880
9.600	-0.4644	0.0225	-0.4869
9.625	-0.4627	0.0231	-0.4859
9.650	-0.4610	0.0238	-0.4848
9.675	-0.4592	0.0245	-0.4837
9.700	-0.4574	0.0252	-0.4826
9.725	-0.4555	0.0260	-0.4815
9.750	-0.4537	0.0267	-0.4804
9.775	-0.4518	0.0275	-0.4793
9.800	-0.4498	0.0283	-0.4782
9.825	-0.4479	0.0292	-0.4771
9.850	-0.4459	0.0301	-0.4759
9.875	-0.4438	0.0310	-0.4748
9.900	-0.4418	0.0319	-0.4737
9.925	-0.4397	0.0328	-0.4726
9.950	-0.4377	0.0338	-0.4715
9.975	-0.4356	0.0347	-0.4703
10.000	-0.4336	0.0356	-0.4692
10.025	-0.4315	0.0366	-0.4681
10.050	-0.4294	0.0375	-0.4669
10.075	-0.4274	0.0384	-0.4658
10.100	-0.4253	0.0394	-0.4647
10.125	-0.4232	0.0403	-0.4635
10.150	-0.4211	0.0412	-0.4624
10.175	-0.4191	0.0422	-0.4612
10.200	-0.4170	0.0431	-0.4601
10.225	-0.4149	0.0440	-0.4589
10.250	-0.4128	0.0449	-0.4577
10.275	-0.4107	0.0459	-0.4566
10.300	-0.4086	0.0468	-0.4554
10.325	-0.4066	0.0477	-0.4542
10.350	-0.4045	0.0486	-0.4531
10.375	-0.4024	0.0495	-0.4519
10.400	-0.4003	0.0504	-0.4507
10.425	-0.3983	0.0513	-0.4495
10.450	-0.3962	0.0521	-0.4484
10.475	-0.3942	0.0529	-0.4472
10.500	-0.3922	0.0538	-0.4460
10.525	-0.3902	0.0546	-0.4448
10.550	-0.3882	0.0553	-0.4436
10.575	-0.3863	0.0561	-0.4424
10.600	-0.3843	0.0568	-0.4412
10.625	-0.3824	0.0575	-0.4400
10.650	-0.3805	0.0582	-0.4387
10.675	-0.3787	0.0589	-0.4375
10.700	-0.3768	0.0595	-0.4363
10.725	-0.3749	0.0602	-0.4351
10.750	-0.3730	0.0608	-0.4338
10.775	-0.3712	0.0615	-0.4326
10.800	-0.3693	0.0621	-0.4314
10.825	-0.3674	0.0628	-0.4301
10.850	-0.3655	0.0634	-0.4289
10.875	-0.3636	0.0641	-0.4276
10.900	-0.3616	0.0647	-0.4264
10.925	-0.3597	0.0654	-0.4251
10.950	-0.3577	0.0662	-0.4238
10.975	-0.3556	0.0669	-0.4226
11.000	-0.3536	0.0677	-0.4213
11.025	-0.3515	0.0685	-0.4200
11.050	-0.3494	0.0693	-0.4187
11.075	-0.3473	0.0701	-0.4174
11.100	-0.3451	0.0710	-0.4161
11.125	-0.3430	0.0719	-0.4148
11.150	-0.3407	0.0728	-0.4135
11.175	-0.3385	0.0737	-0.4122
11.200	-0.3361	0.0747	-0.4108
11.225	-0.3337	0.0758	-0.4095
11.250	-0.3312	0.0769	-0.4082
11.275	-0.3287	0.0782	-0.4068
11.300	-0.3260	0.0795	-0.4055
11.325	-0.3233	0.0808	-0.4041
11.350	-0.3205	0.0822	-0.4027
11.375	-0.3176	0.0837	-0.4013
11.400	-0.3146	0.0853	-0.3999
11.425	-0.3116	0.0869	-0.3985
11.450	-0.3085	0.0887	-0.3971
11.475	-0.3052	0.0904	-0.3957
11.500	-0.3020	0.0923	-0.3942
11.525	-0.2986	0.0942	-0.3928
11.550	-0.2951	0.0962	-0.3913
11.575	-0.2916	0.0982	-0.3898
11.600	-0.2880	0.1003	-0.3883
11.625	-0.2843	0.1025	-0.3868
11.650	-0.2805	0.1047	-0.3852
11.675	-0.2766	0.1070	-0.3836
11.700	-0.2726	0.1094	-0.3820
11.725	-0.2686	0.1118	-0.3804
11.750	-0.2645	0.1142	-0.3787
11.775	-0.2603	0.1167	-0.3770
11.800	-0.2560	0.1192	-0.3752
11.825	-0.2516	0.1218	-0.3734
11.850	-0.2470	0.1244	-0.3715
11.875	-0.2424	0.1271	-0.3695
11.900	-0.2376	0.1298	-0.3674
11.925	-0.2326	0.1326	-0.3652
11.950	-0.2275	0.1354	-0.3629
11.975	-0.2222	0.1383	-0.3605
12.000	-0.2168	0.1412	-0.3580
12.025	-0.2114	0.1442	-0.3555
12.050	-0.2059	0.1471	-0.3530
12.075	-0.2003	0.1501	-0.3504
12.100	-0.1948	0.1530	-0.3479
12.125	-0.1893	0.1560	-0.3453
12.150	-0.1838	0.1590	-0.3428
12.175	-0.1783	0.1620	-0.3403
12.200	-0.1728	0.1650	-0.3378
12.225	-0.1673	0.1680	-0.3353
12.250	-0.1617	0.1710	-0.3328
12.275	-0.1562	0.1741	-0.3303
12.300	-0.1506	0.1772	-0.3278
12.325	-0.1451	0.1802	-0.3253
12.350	-0.1395	0.1833	-0.3228
12.375	-0.1339	0.1864	-0.3203
12.400	-0.1283	0.1894	-0.3177
12.425	-0.1227	0.1925	-0.3152
12.450	-0.1170	0.1956	-0.3127
12.475	-0.1114	0.1987	-0.3101
12.500	-0.1057	0.2019	-0.3076
12.525	-0.1000	0.2050	-0.3050
12.550	-0.0943	0.2082	-0.3025
12.575	-0.0885	0.2114	-0.2999
12.600	-0.0828	0.2146	-0.2973
12.625	-0.0770	0.2177	-0.2948
12.650	-0.0713	0.2209	-0.2922
12.675	-0.0657	0.2240	-0.2896
12.700	-0.0601	0.2270	-0.2871
12.725	-0.0545	0.2300	-0.2845
12.750	-0.0490	0.2330	-0.2820
12.775	-0.0435	0.2360	-0.2795
12.800	-0.0381	0.2389	-0.2770
12.825	-0.0327	0.2418	-0.2746
12.850	-0.0274	0.2447	-0.2721
12.875	-0.0221	0.2476	-0.2697
12.900	-0.0168	0.2504	-0.2672
12.925	-0.0115	0.2532	-0.2648
12.950	-0.0063	0.2560	-0.2623
12.975	-0.0010	0.2588	-0.2598
13.000	0.0043	0.2616	-0.2573
13.025	0.0095	0.2644	-0.2548
13.050	0.0148	0.2671	-0.2523
13.075	0.0201	0.2700	-0.2498
13.100	0.0255	0.2728	-0.2473
13.125	0.0309	0.2756	-0.2447
13.150	0.0363	0.2785	-0.2422
13.175	0.0418	0.2814	-0.2396
13.200	0.0472	0.2843	-0.2370
13.225	0.0528	0.2872	-0.2344
13.250	0.0583	0.2901	-0.2318
13.275	0.0639	0.2931	-0.2292
13.300	0.0696	0.2961	-0.2265
13.325	0.0752	0.2991	-0.2239
13.350	0.0810	0.3021	-0.2212
13.375	0.0867	0.3052	-0.2185
13.400	0.0925	0.3082	-0.2157
13.425	0.0983	0.3113	-0.2130
13.450	0.1041	0.3143	-0.2102
13.475	0.1099	0.3174	-0.2075
13.500	0.1158	0.3205	-0.2047
13.525	0.1217	0.3236	-0.2019
13.550	0.1276	0.3267	-0.1991
13.575	0.1335	0.3297	-0.1962
13.600	0.1394	0.3328	-0.1934
13.625	0.1454	0.3359	-0.1905
13.650	0.1514	0.3390	-0.1877
13.675	0.1574	0.3422	-0.1848
13.700	0.1634	0.3453	-0.1819
13.725	0.1695	0.3485	-0.1790
13.750	0.1756	0.3517	-0.1761
13.775	0.1817	0.3549	-0.1732
13.800	0.1879	0.3582	-0.1703
13.825	0.1942	0.3615	-0.1674
13.850	0.2005	0.3649	-0.1644
13.875	0.2068	0.3683	-0.1615
13.900	0.2133	0.3719	-0.1586
13.925	0.2198	0.3755	-0.1556
13.950	0.2264	0.3791	-0.1527
13.975	0.2332	0.3829	-0.1497
14.000	0.2400	0.3867	-0.1467
14.025	0.2468	0.3906	-0.1437
14.050	0.2538	0.3945	-0.1407
14.075	0.2609	0.3985	-0.1376
14.100	0.2680	0.4025	-0.1345
14.125	0.2753	0.4067	-0.1314
14.150	0.2827	0.4109	-0.1283
14.175	0.2902	0.4153	-0.1251
14.200	0.2980	0.4198	-0.1218
14.225	0.3059	0.4244	-0.1185
14.250	0.3141	0.4292	-0.1151
14.275	0.3224	0.4341	-0.1116
14.300	0.3310	0.4391	-0.1081
14.325	0.3397	0.4441	-0.1044
14.350	0.3486	0.4493	-0.1007
14.375	0.3577	0.4545	-0.0968
14.400	0.3669	0.4599	-0.0929
14.425	0.3763	0.4653	-0.0889
14.450	0.3858	0.4707	-0.0849
14.475	0.3954	0.4763	-0.0809
14.500	0.4051	0.4819	-0.0769
14.525	0.4148	0.4877	-0.0729
14.550	0.4246	0.4935	-0.0689
14.575	0.4345	0.4995	-0.0649
14.600	0.4445	0.5055	-0.0610
14.625	0.4545	0.5116	-0.0571
14.650	0.4647	0.5179	-0.0532
14.675	0.4749	0.5242	-0.0494
14.700	0.4851	0.5307	-0.0455
14.725	0.4955	0.5373	-0.0417
14.750	0.5060	0.5439	-0.0380
14.775	0.5165	0.5507	-0.0342
14.800	0.5272	0.5577	-0.0305
14.825	0.5380	0.5648	-0.0267
14.850	0.5490	0.5720	-0.0230
14.875	0.5601	0.5794	-0.0193
14.900	0.5714	0.5870	-0.0156
14.925	0.5828	0.5947	-0.0119
14.950	0.5943	0.6025	-0.0082
14.975	0.6059	0.6105	-0.0045
15.000	0.6177	0.6185	-0.0008
15.025	0.6276	0.6266	0.0010
15.050	0.6399	0.6348	0.0051
15.075	0.6523	0.6431	0.0092
15.100	0.6647	0.6515	0.0133
15.125	0.6772	0.6599	0.0173
15.150	0.6897	0.6683	0.0214
15.175	0.7022	0.6769	0.0254
15.200	0.7148	0.6855	0.0293
15.225	0.7274	0.6941	0.0333
15.250	0.7400	0.7028	0.0372
15.275	0.7526	0.7116	0.0411
15.300	0.7652	0.7203	0.0449
15.325	0.7779	0.7291	0.0487
15.350	0.7905	0.7380	0.0525
15.375	0.8030	0.7468	0.0562
15.400	0.8156	0.7557	0.0599
15.425	0.8282	0.7646	0.0636
15.450	0.8408	0.7735	0.0673
15.475	0.8534	0.7825	0.0709
15.500	0.8660	0.7914	0.0746
15.525	0.8786	0.8004	0.0782
15.550	0.8913	0.8094	0.0819
15.575	0.9040	0.8184	0.0855
15.600	0.9166	0.8275	0.0892
15.625	0.9293	0.8365	0.0928
15.650	0.9420	0.8455	0.0965
15.675	0.9548	0.8545	0.1002
15.700	0.9675	0.8635	0.1039
15.725	0.9802	0.8725	0.1077
15.750	0.9930	0.8816	0.1115
15.775	1.0058	0.8905	0.1153
15.800	1.0187	0.8995	0.1191
15.825	1.0316	0.9085	0.1231
15.850	1.0446	0.9175	0.1271
15.875	1.0576	0.9264	0.1312
15.900	1.0707	0.9353	0.1354
15.925	1.0839	0.9442	0.1396
15.950	1.0971	0.9531	0.1440
15.975	1.1103	0.9619	0.1484
16.000	1.1235	0.9707	0.1528
16.025	1.1368	0.9795	0.1572
16.050	1.1500	0.9883	0.1617
16.075	1.1632	0.9971	0.1661
16.100	1.1764	1.0059	0.1705
16.125	1.1896	1.0147	0.1749
16.150	1.2027	1.0234	0.1793
16.175	1.2158	1.0321	0.1837
16.200	1.2289	1.0408	0.1881
16.225	1.2420	1.0495	0.1924
16.250	1.2550	1.0582	0.1968
16.275	1.2680	1.0669	0.2011
16.300	1.2810	1.0756	0.2055
16.325	1.2940	1.0842	0.2098
16.350	1.3069	1.0928	0.2141
16.375	1.3198	1.1014	0.2184
16.400	1.3326	1.1100	0.2227
16.425	1.3454	1.1185	0.2269
16.450	1.3582	1.1270	0.2312
16.475	1.3710	1.1355	0.2354
16.500	1.3837	1.1440	0.2396
16.525	1.3964	1.1526	0.2438
16.550	1.4091	1.1611	0.2480
16.575	1.4218	1.1696	0.2522
16.600	1.4345	1.1781	0.2563
16.625	1.4471	1.1867	0.2604
16.650	1.4598	1.1953	0.2645
16.675	1.4724	1.2039	0.2685
16.700	1.4850	1.2124	0.2725
16.725	1.4975	1.2210	0.2765
16.750	1.5100	1.2295	0.2805
16.775	1.5225	1.2381	0.2844
16.800	1.5349	1.2466	0.2883
16.825	1.5473	1.2551	0.2922
16.850	1.5597	1.2636	0.2961
16.875	1.5721	1.2721	0.3000
16.900	1.5845	1.2806	0.3039
16.925	1.5968	1.2890	0.3078
16.950	1.6091	1.2975	0.3117
16.975	1.6214	1.3059	0.3155
17.000	1.6336	1.3142	0.3194
17.025	1.6458	1.3226	0.3232
17.050	1.6579	1.3309	0.3270
17.075	1.6700	1.3392	0.3308
17.100	1.6821	1.3475	0.3346
17.125	1.6942	1.3559	0.3384
17.150	1.7063	1.3642	0.3422
17.175	1.7184	1.3724	0.3459
17.200	1.7304	1.3807	0.3497
17.225	1.7424	1.3890	0.3534
17.250	1.7544	1.3973	0.3571
17.275	1.7664	1.4056	0.3608
17.300	1.7784	1.4139	0.3645
17.325	1.7905	1.4223	0.3682
17.350	1.8025	1.4307	0.3718
17.375	1.8146	1.4392	0.3754
17.400	1.8267	1.4477	0.3790
17.425	1.8389	1.4562	0.3826
17.450	1.8511	1.4649	0.3862
17.475	1.8634	1.4735	0.3898
17.500	1.8757	1.4823	0.3935
17.525	1.8881	1.4910	0.3971
17.550	1.9006	1.4998	0.4008
17.575	1.9131	1.5086	0.4045
17.600	1.9256	1.5174	0.4082
17.625	1.9382	1.5263	0.4119
17.650	1.9509	1.5352	0.4157
17.675	1.9637	1.5442	0.4196
17.700	1.9766	1.5531	0.4234
17.725	1.9895	1.5621	0.4274
17.750	2.0025	1.5712	0.4314
17.775	2.0157	1.5802	0.4354
17.800	2.0289	1.5893	0.4396
17.825	2.0422	1.5984	0.4438
17.850	2.0557	1.6076	0.4481
17.875	2.0693	1.6168	0.4526
17.900	2.0831	1.6260	0.4571
17.925	2.0970	1.6353	0.4617
17.950	2.1110	1.6446	0.4664
17.975	2.1251	1.6540	0.4711
18.000	2.1392	1.6634	0.4758
18.025	2.1534	1.6729	0.4806
18.050	2.1677	1.6824	0.4854
18.075	2.1821	1.6919	0.4902
18.100	2.1965	1.7015	0.4950
18.125	2.2109	1.7111	0.4998
18.150	2.2254	1.7208	0.5046
18.175	2.2400	1.7305	0.5095
18.200	2.2546	1.7402	0.5143
18.225	2.2692	1.7500	0.5192
18.250	2.2840	1.7598	0.5242
18.275	2.2987	1.7696	0.5291
18.300	2.3136	1.7794	0.5341
18.325	2.3285	1.7893	0.5392
18.350	2.3435	1.7992	0.5443
18.375	2.3585	1.8090	0.5495
18.400	2.3737	1.8189	0.5547
18.425	2.3889	1.8288	0.5601
18.450	2.4042	1.8388	0.5655
18.475	2.4196	1.8487	0.5709
18.500	2.4350	1.8586	0.5764
18.525	2.4504	1.8685	0.5818
18.550	2.4658	1.8785	0.5873
18.575	2.4811	1.8884	0.5927
18.600	2.4965	1.8983	0.5981
18.625	2.5117	1.9082	0.6035
18.650	2.5269	1.9181	0.6088
18.675	2.5421	1.9280	0.6141
18.700	2.5571	1.9378	0.6193
18.725	2.5721	1.9477	0.6245
18.750	2.5871	1.9575	0.6296
18.775	2.6020	1.9673	0.6347
18.800	2.6169	1.9772	0.6397
18.825	2.6316	1.9870	0.6447
18.850	2.6464	1.9967	0.6497
18.875	2.6611	2.0065	0.6546
18.900	2.6757	2.0162	0.6594
18.925	2.6903	2.0260	0.6643
18.950	2.7048	2.0357	0.6691
18.975	2.7193	2.0454	0.6739
19.000	2.7337	2.0551	0.6786
19.025	2.7481	2.0648	0.6833
19.050	2.7625	2.0745	0.6880
19.075	2.7768	2.0841	0.6927
19.100	2.7912	2.0938	0.6973
19.125	2.8055	2.1035	0.7020
19.150	2.8198	2.1132	0.7066
19.175	2.8341	2.1229	0.7112
19.200	2.8484	2.1326	0.7158
19.225	2.8627	2.1423	0.7204
19.250	2.8769	2.1520	0.7249
19.275	2.8911	2.1617	0.7294
19.300	2.9052	2.1714	0.7338
19.325	2.9193	2.1811	0.7382
19.350	2.9333	2.1907	0.7426
19.375	2.9472	2.2003	0.7468
19.400	2.9610	2.2100	0.7511
19.425	2.9748	2.2196	0.7552
19.450	2.9886	2.2292	0.7593
19.475	3.0023	2.2389	0.7634
19.500	3.0159	2.2486	0.7673
19.525	3.0295	2.2583	0.7713
19.550	3.0431	2.2680	0.7752
19.575	3.0567	2.2777	0.7790
19.600	3.0702	2.2874	0.7828
19.625	3.0836	2.2972	0.7865
19.650	3.0971	2.3069	0.7901
19.675	3.1105	2.3167	0.7938
19.700	3.1238	2.3265	0.7973
19.725	3.1372	2.3363	0.8009
19.750	3.1506	2.3462	0.8044
19.775	3.1640	2.3561	0.8079
19.800	3.1773	2.3660	0.8113
19.825	3.1907	2.3759	0.8148
19.850	3.2041	2.3859	0.8182
19.875	3.2174	2.3958	0.8216
19.900	3.2308	2.4058	0.8250
19.925	3.2442	2.4159	0.8283
19.950	3.2576	2.4260	0.8317
19.975	3.2711	2.4361	0.8350
20.000	3.2846	2.4462	0.8383
20.025	3.2980	2.4564	0.8416
20.050	3.3115	2.4667	0.8449
20.075	3.3251	2.4770	0.8481
20.100	3.3386	2.4872	0.8513
20.125	3.3521	2.4976	0.8545
20.150	3.3656	2.5079	0.8577
20.175	3.3791	2.5183	0.8608
20.200	3.3926	2.5286	0.8640
20.225	3.4061	2.5390	0.8670
20.250	3.4195	2.5494	0.8701
20.275	3.4329	2.5598	0.8731
20.300	3.4463	2.5702	0.8761
20.325	3.4597	2.5806	0.8791
20.350	3.4730	2.5910	0.8820
20.375	3.4863	2.6014	0.8848
20.400	3.4995	2.6118	0.8877
20.425	3.5126	2.6222	0.8905
20.450	3.5258	2.6326	0.8932
20.475	3.5388	2.6429	0.8959
20.500	3.5519	2.6533	0.8986
20.525	3.5649	2.6637	0.9012
20.550	3.5778	2.6741	0.9038
20.575	3.5908	2.6844	0.9063
20.600	3.6036	2.6948	0.9088
20.625	3.6165	2.7052	0.9113
20.650	3.6293	2.7156	0.9137
20.675	3.6420	2.7259	0.9161
20.700	3.6547	2.7363	0.9184
20.725	3.6674	2.7467	0.9208
20.750	3.6801	2.7571	0.9230
20.775	3.6928	2.7675	0.9253
20.800	3.7055	2.7780	0.9275
20.825	3.7181	2.7885	0.9297
20.850	3.7308	2.7990	0.9318
20.875	3.7435	2.8095	0.9339
20.900	3.7561	2.8201	0.9360
20.925	3.7687	2.8307	0.9381
20.950	3.7814	2.8413	0.9400
20.975	3.7940	2.8520	0.9420
21.000	3.8065	2.8627	0.9439
21.025	3.8191	2.8734	0.9457
21.050	3.8316	2.8841	0.9475
21.075	3.8441	2.8948	0.9493
21.100	3.8565	2.9055	0.9510
21.125	3.8689	2.9163	0.9526
21.150	3.8813	2.9271	0.9542
21.175	3.8936	2.9378	0.9558
21.200	3.9060	2.9486	0.9573
21.225	3.9182	2.9594	0.9588
21.250	3.9304	2.9702	0.9603
21.275	3.9426	2.9810	0.9617
21.300	3.9548	2.9918	0.9630
21.325	3.9669	3.0025	0.9643
21.350	3.9789	3.0133	0.9656
21.375	3.9909	3.0241	0.9668
21.400	4.0029	3.0349	0.9681
21.425	4.0149	3.0456	0.9692
21.450	4.0268	3.0564	0.9704
21.475	4.0386	3.0671	0.9715
21.500	4.0504	3.0778	0.9726
21.525	4.0622	3.0886	0.9737
21.550	4.0739	3.0993	0.9747
21.575	4.0856	3.1099	0.9757
21.600	4.0972	3.1206	0.9766
21.625	4.1088	3.1312	0.9775
21.650	4.1203	3.1419	0.9784
21.675	4.1318	3.1525	0.9793
21.700	4.1432	3.1631	0.9801
21.725	4.1545	3.1736	0.9809
21.750	4.1658	3.1842	0.9816
21.775	4.1770	3.1947	0.9823
21.800	4.1881	3.2052	0.9830
21.825	4.1992	3.2156	0.9836
21.850	4.2102	3.2260	0.9842
21.875	4.2212	3.2364	0.9848
21.900	4.2320	3.2467	0.9853
21.925	4.2428	3.2571	0.9857
21.950	4.2535	3.2673	0.9862
21.975	4.2641	3.2776	0.9866
22.000	4.2747	3.2878	0.9869
22.025	4.2852	3.2979	0.9872
22.050	4.2956	3.3080	0.9876
22.075	4.3060	3.3181	0.9879
22.100	4.3163	3.3281	0.9882
22.125	4.3265	3.3381	0.9884
22.150	4.3366	3.3480	0.9886
22.175	4.3466	3.3579	0.9887
22.200	4.3566	3.3678	0.9888
22.225	4.3664	3.3776	0.9888
22.250	4.3762	3.3874	0.9888
22.275	4.3859	3.3971	0.9888
22.300	4.3954	3.4067	0.9887
22.325	4.4049	3.4164	0.9886
22.350	4.4143	3.4259	0.9884
22.375	4.4236	3.4355	0.9881
22.400	4.4328	3.4450	0.9879
22.425	4.4419	3.4544	0.9875
22.450	4.4510	3.4638	0.9872
22.475	4.4599	3.4732	0.9867
22.500	4.4688	3.4826	0.9862
22.525	4.4776	3.4919	0.9857
22.550	4.4863	3.5012	0.9851
22.575	4.4949	3.5104	0.9845
22.600	4.5034	3.5196	0.9838
22.625	4.5118	3.5287	0.9831
22.650	4.5201	3.5378	0.9823
22.675	4.5284	3.5469	0.9815
22.700	4.5365	3.5559	0.9806
22.725	4.5445	3.5649	0.9796
22.750	4.5524	3.5738	0.9786
22.775	4.5602	3.5826	0.9776
22.800	4.5679	3.5914	0.9765
22.825	4.5755	3.6002	0.9753
22.850	4.5830	3.6089	0.9741
22.875	4.5903	3.6175	0.9728
22.900	4.5976	3.6261	0.9715
22.925	4.6047	3.6346	0.9701
22.950	4.6117	3.6430	0.9687
22.975	4.6186	3.6514	0.9672
23.000	4.6253	3.6597	0.9656
23.025	4.6320	3.6680	0.9640
23.050	4.6385	3.6762	0.9623
23.075	4.6449	3.6844	0.9606
23.100	4.6513	3.6925	0.9588
23.125	4.6575	3.7006	0.9569
23.150	4.6635	3.7086	0.9550
23.175	4.6695	3.7165	0.9530
23.200	4.6753	3.7244	0.9509
23.225	4.6810	3.7322	0.9488
23.250	4.6866	3.7399	0.9467
23.275	4.6920	3.7476	0.9444
23.300	4.6974	3.7552	0.9421
23.325	4.7025	3.7628	0.9398
23.350	4.7076	3.7702	0.9374
23.375	4.7125	3.7776	0.9349
23.400	4.7172	3.7849	0.9323
23.425	4.7218	3.7921	0.9297
23.450	4.7263	3.7993	0.9270
23.475	4.7307	3.8064	0.9243
23.500	4.7349	3.8134	0.9215
23.525	4.7390	3.8204	0.9186
23.550	4.7430	3.8273	0.9157
23.575	4.7468	3.8342	0.9126
23.600	4.7505	3.8409	0.9096
23.625	4.7540	3.8476	0.9064
23.650	4.7575	3.8543	0.9032
23.675	4.7607	3.8608	0.8999
23.700	4.7639	3.8673	0.8965
23.725	4.7669	3.8738	0.8931
23.750	4.7698	3.8802	0.8896
23.775	4.7726	3.8865	0.8860
23.800	4.7752	3.8928	0.8824
23.825	4.7777	3.8990	0.8787
23.850	4.7801	3.9052	0.8749
23.875	4.7823	3.9113	0.8710
23.900	4.7845	3.9174	0.8671
23.925	4.7865	3.9234	0.8631
23.950	4.7883	3.9293	0.8590
23.975	4.7900	3.9352	0.8548
24.000	4.7916	3.9411	0.8505
24.025	4.7930	3.9468	0.8462
24.050	4.7943	3.9526	0.8418
24.075	4.7955	3.9582	0.8373
24.100	4.7965	3.9638	0.8327
24.125	4.7973	3.9693	0.8280
24.150	4.7980	3.9748	0.8232
24.175	4.7986	3.9802	0.8184
24.200	4.7990	3.9855	0.8134
24.225	4.7992	3.9908	0.8084
24.250	4.7993	3.9960	0.8033
24.275	4.7992	4.0011	0.7980
24.300	4.7989	4.0062	0.7927
24.325	4.7985	4.0112	0.7873
24.350	4.7979	4.0161	0.7818
24.375	4.7972	4.0210	0.7762
24.400	4.7962	4.0258	0.7705
24.425	4.7951	4.0305	0.7647
24.450	4.7939	4.0351	0.7588
24.475	4.7925	4.0397	0.7528
24.500	4.7909	4.0442	0.7467
24.525	4.7892	4.0487	0.7405
24.550	4.7872	4.0530	0.7342
24.575	4.7852	4.0573	0.7279
24.600	4.7829	4.0615	0.7214
24.625	4.7805	4.0656	0.7149
24.650	4.7779	4.0697	0.7082
24.675	4.7752	4.0736	0.7015
24.700	4.7722	4.0775	0.6947
24.725	4.7692	4.0813	0.6878
24.750	4.7659	4.0851	0.6808
24.775	4.7625	4.0888	0.6738
24.800	4.7590	4.0924	0.6666
24.825	4.7553	4.0960	0.6593
24.850	4.7515	4.0995	0.6520
24.875	4.7475	4.1029	0.6446
24.900	4.7433	4.1063	0.6371
24.925	4.7390	4.1096	0.6294
24.950	4.7345	4.1128	0.6217
24.975	4.7299	4.1160	0.6139
25.000	4.7252	4.1191	0.6061
25.025	4.7202	4.1222	0.5981
25.050	4.7152	4.1251	0.5900
25.075	4.7099	4.1281	0.5819
25.100	4.7045	4.1309	0.5736
25.125	4.6990	4.1337	0.5653
25.150	4.6933	4.1364	0.5569
25.175	4.6875	4.1391	0.5484
25.200	4.6815	4.1417	0.5398
25.225	4.6754	4.1443	0.5311
25.250	4.6691	4.1467	0.5223
25.275	4.6626	4.1491	0.5135
25.300	4.6560	4.1515	0.5045
25.325	4.6493	4.1538	0.4955
25.350	4.6424	4.1560	0.4864
25.375	4.6353	4.1582	0.4771
25.400	4.6281	4.1603	0.4678
25.425	4.6207	4.1623	0.4585
25.450	4.6132	4.1643	0.4490
25.475	4.6056	4.1662	0.4394
25.500	4.5977	4.1680	0.4297
25.525	4.5898	4.1698	0.4200
25.550	4.5816	4.1715	0.4101
25.575	4.5733	4.1732	0.4002
25.600	4.5649	4.1748	0.3901
25.625	4.5563	4.1763	0.3800
25.650	4.5476	4.1778	0.3698
25.675	4.5386	4.1792	0.3595
25.700	4.5296	4.1805	0.3490
25.725	4.5204	4.1818	0.3385
25.750	4.5110	4.1831	0.3279
25.775	4.5015	4.1842	0.3172
25.800	4.4918	4.1854	0.3065
25.825	4.4820	4.1864	0.2956
25.850	4.4720	4.1874	0.2846
25.875	4.4619	4.1883	0.2736
25.900	4.4517	4.1892	0.2625
25.925	4.4413	4.1900	0.2513
25.950	4.4308	4.1908	0.2400
25.975	4.4201	4.1915	0.2286
26.000	4.4094	4.1921	0.2172
26.025	4.3985	4.1927	0.2058
26.050	4.3874	4.1932	0.1942
26.075	4.3763	4.1937	0.1826
26.100	4.3651	4.1941	0.1710
26.125	4.3537	4.1944	0.1593
26.150	4.3422	4.1947	0.1475
26.175	4.3306	4.1950	0.1357
26.200	4.3189	4.1951	0.1238
26.225	4.3071	4.1953	0.1119
26.250	4.2952	4.1953	0.0999
26.275	4.2832	4.1953	0.0878
26.300	4.2711	4.1953	0.0758
26.325	4.2589	4.1952	0.0637
26.350	4.2466	4.1950	0.0515
26.375	4.2342	4.1948	0.0394
26.400	4.2218	4.1945	0.0272
26.425	4.2092	4.1942	0.0151
26.450	4.1967	4.1938	0.0029
26.475	4.1840	4.1933	-0.0094
26.500	4.1712	4.1928	-0.0216
26.525	4.1583	4.1923	-0.0340
26.550	4.1453	4.1916	-0.0464
26.575	4.1321	4.1910	-0.0588
26.600	4.1188	4.1902	-0.0714
26.625	4.1054	4.1894	-0.0841
26.650	4.0918	4.1886	-0.0968
26.675	4.0780	4.1877	-0.1097
26.700	4.0640	4.1867	-0.1227
26.725	4.0499	4.1857	-0.1357
26.750	4.0357	4.1846	-0.1489
26.775	4.0212	4.1835	-0.1622
26.800	4.0066	4.1823	-0.1756
26.825	3.9918	4.1810	-0.1892
26.850	3.9769	4.1797	-0.2028
26.875	3.9617	4.1783	-0.2166
26.900	3.9464	4.1769	-0.2305
26.925	3.9310	4.1754	-0.2445
26.950	3.9153	4.1739	-0.2586
26.975	3.8995	4.1723	-0.2728
27.000	3.8835	4.1706	-0.2871
27.025	3.8674	4.1689	-0.3016
27.050	3.8511	4.1672	-0.3161
27.075	3.8346	4.1653	-0.3308
27.100	3.8179	4.1635	-0.3455
27.125	3.8011	4.1615	-0.3604
27.150	3.7842	4.1596	-0.3754
27.175	3.7670	4.1575	-0.3905
27.200	3.7498	4.1554	-0.4057
27.225	3.7323	4.1533	-0.4210
27.250	3.7147	4.1511	-0.4364
27.275	3.6969	4.1488	-0.4519
27.300	3.6790	4.1465	-0.4675
27.325	3.6609	4.1441	-0.4832
27.350	3.6427	4.1417	-0.4990
27.375	3.6243	4.1392	-0.5149
27.400	3.6057	4.1367	-0.5310
27.425	3.5870	4.1341	-0.5471
27.450	3.5681	4.1314	-0.5633
27.475	3.5490	4.1287	-0.5797
27.500	3.5299	4.1260	-0.5961
27.525	3.5105	4.1231	-0.6126
27.550	3.4910	4.1203	-0.6293
27.575	3.4713	4.1174	-0.6460
27.600	3.4515	4.1144	-0.6629
27.625	3.4315	4.1113	-0.6798
27.650	3.4114	4.1083	-0.6968
27.675	3.3911	4.1051	-0.7140
27.700	3.3707	4.1019	-0.7312
27.725	3.3501	4.0987	-0.7486
27.750	3.3294	4.0954	-0.7660
27.775	3.3085	4.0920	-0.7835
27.800	3.2874	4.0886	-0.8011
27.825	3.2662	4.0851	-0.8189
27.850	3.2449	4.0816	-0.8367
27.875	3.2234	4.0780	-0.8546
27.900	3.2017	4.0743	-0.8726
27.925	3.1799	4.0706	-0.8907
27.950	3.1579	4.0669	-0.9089
27.975	3.1358	4.0630	-0.9272
28.000	3.1136	4.0592	-0.9456
28.025	3.0911	4.0552	-0.9641
28.050	3.0685	4.0513	-0.9827
28.075	3.0458	4.0472	-1.0014
28.100	3.0229	4.0431	-1.0202
28.125	2.9999	4.0390	-1.0391
28.150	2.9767	4.0348	-1.0581
28.175	2.9533	4.0305	-1.0772
28.200	2.9298	4.0262	-1.0964
28.225	2.9061	4.0218	-1.1157
28.250	2.8823	4.0174	-1.1350
28.275	2.8584	4.0129	-1.1545
28.300	2.8342	4.0083	-1.1741
28.325	2.8100	4.0038	-1.1938
28.350	2.7855	3.9991	-1.2136
28.375	2.7610	3.9944	-1.2334
28.400	2.7363	3.9897	-1.2534
28.425	2.7114	3.9849	-1.2735
28.450	2.6864	3.9800	-1.2936
28.475	2.6613	3.9751	-1.3138
28.500	2.6360	3.9701	-1.3341
28.525	2.6106	3.9651	-1.3545
28.550	2.5851	3.9601	-1.3749
28.575	2.5595	3.9549	-1.3955
28.600	2.5337	3.9498	-1.4161
28.625	2.5079	3.9446	-1.4367
28.650	2.4819	3.9393	-1.4574
28.675	2.4558	3.9340	-1.4782
28.700	2.4296	3.9286	-1.4991
28.725	2.4032	3.9232	-1.5200
28.750	2.3768	3.9178	-1.5410
28.775	2.3502	3.9122	-1.5620
28.800	2.3235	3.9067	-1.5831
28.825	2.2968	3.9011	-1.6043
28.850	2.2699	3.8954	-1.6255
28.875	2.2429	3.8897	-1.6468
28.900	2.2158	3.8840	-1.6681
28.925	2.1887	3.8781	-1.6895
28.950	2.1615	3.8723	-1.7108
28.975	2.1342	3.8664	-1.7322
29.000	2.1069	3.8604	-1.7536
29.025	2.0795	3.8545	-1.7750
29.050	2.0520	3.8484	-1.7964
29.075	2.0244	3.8423	-1.8179
29.100	1.9968	3.8362	-1.8394
29.125	1.9690	3.8300	-1.8610
29.150	1.9411	3.8238	-1.8826
29.175	1.9131	3.8175	-1.9044
29.200	1.8850	3.8111	-1.9262
29.225	1.8567	3.8048	-1.9481
29.250	1.8283	3.7984	-1.9700
29.275	1.7998	3.7919	-1.9921
29.300	1.7712	3.7854	-2.0142
29.325	1.7424	3.7788	-2.0364
29.350	1.7135	3.7722	-2.0587
29.375	1.6844	3.7656	-2.0811
29.400	1.6553	3.7589	-2.1036
29.425	1.6260	3.7522	-2.1262
29.450	1.5965	3.7454	-2.1488
29.475	1.5670	3.7386	-2.1716
29.500	1.5373	3.7317	-2.1944
29.525	1.5075	3.7248	-2.2173
29.550	1.4776	3.7178	-2.2403
29.575	1.4475	3.7108	-2.2633
29.600	1.4174	3.7038	-2.2865
29.625	1.3871	3.6967	-2.3097
29.650	1.3566	3.6896	-2.3330
29.675	1.3261	3.6825	-2.3564
29.700	1.2954	3.6753	-2.3799
29.725	1.2646	3.6681	-2.4034
29.750	1.2337	3.6608	-2.4271
29.775	1.2027	3.6535	-2.4508
29.800	1.1715	3.6461	-2.4746
29.825	1.1403	3.6387	-2.4985
29.850	1.1089	3.6313	-2.5224
29.875	1.0774	3.6238	-2.5465
29.900	1.0457	3.6163	-2.5706
29.925	1.0140	3.6088	-2.5948
29.950	0.9821	3.6012	-2.6191
29.975	0.9501	3.5936	-2.6435
30.000	0.9180	3.5859	-2.6680
30.025	0.8857	3.5783	-2.6925
30.050	0.8534	3.5705	-2.7171
30.075	0.8209	3.5628	-2.7418
30.100	0.7883	3.5550	-2.7666
30.125	0.7556	3.5472	-2.7915
30.150	0.7228	3.5393	-2.8165
30.175	0.6899	3.5314	-2.8415
30.200	0.6568	3.5235	-2.8666
30.225	0.6237	3.5155	-2.8918
30.250	0.5904	3.5075	-2.9171
30.275	0.5570	3.4995	-2.9425
30.300	0.5235	3.4914	-2.9680
30.325	0.4899	3.4834	-2.9935
30.350	0.4561	3.4752	-3.0191
30.375	0.4223	3.4671	-3.0448
30.400	0.3884	3.4589	-3.0705
30.425	0.3543	3.4507	-3.0964
30.450	0.3202	3.4425	-3.1223
30.475	0.2860	3.4342	-3.1482
30.500	0.2517	3.4259	-3.1742
30.525	0.2173	3.4176	-3.2003
30.550	0.1828	3.4092	-3.2264
30.575	0.1482	3.4008	-3.2526
30.600	0.1136	3.3924	-3.2788
30.625	0.0789	3.3840	-3.3051
30.650	0.0441	3.3755	-3.3314
30.675	0.0093	3.3670	-3.3577
30.700	-0.0256	3.3585	-3.3842
30.725	-0.0606	3.3500	-3.4106
30.750	-0.0957	3.3414	-3.4371
30.775	-0.1308	3.3328	-3.4637
30.800	-0.1660	3.3242	-3.4903
30.825	-0.2013	3.3156	-3.5169
30.850	-0.2367	3.3069	-3.5436
30.875	-0.2721	3.2982	-3.5703
30.900	-0.3076	3.2895	-3.5971
30.925	-0.3431	3.2808	-3.6239
30.950	-0.3786	3.2721	-3.6506
30.975	-0.4141	3.2633	-3.6774
31.000	-0.4497	3.2545	-3.7042
31.025	-0.4853	3.2457	-3.7310
31.050	-0.5210	3.2368	-3.7579
31.075	-0.5567	3.2280	-3.7847
31.100	-0.5925	3.2191	-3.8116
31.125	-0.6284	3.2102	-3.8386
31.150	-0.6643	3.2013	-3.8656
31.175	-0.7004	3.1924	-3.8927
31.200	-0.7365	3.1834	-3.9199
31.225	-0.7727	3.1745	-3.9472
31.250	-0.8090	3.1655	-3.9745
31.275	-0.8454	3.1565	-4.0019
31.300	-0.8819	3.1475	-4.0294
31.325	-0.9185	3.1384	-4.0569
31.350	-0.9551	3.1294	-4.0845
31.375	-0.9919	3.1203	-4.1122
31.400	-1.0287	3.1112	-4.1399
31.425	-1.0656	3.1021	-4.1678
31.450	-1.1026	3.0930	-4.1956
31.475	-1.1397	3.0839	-4.2236
31.500	-1.1768	3.0748	-4.2516
31.525	-1.2141	3.0656	-4.2797
31.550	-1.2514	3.0565	-4.3078
31.575	-1.2888	3.0473	-4.3360
31.600	-1.3262	3.0381	-4.3643
31.625	-1.3637	3.0289	-4.3926
31.650	-1.4013	3.0197	-4.4210
31.675	-1.4390	3.0105	-4.4495
31.700	-1.4767	3.0013	-4.4780
31.725	-1.5145	2.9920	-4.5065
31.750	-1.5524	2.9828	-4.5352
31.775	-1.5903	2.9735	-4.5638
31.800	-1.6283	2.9642	-4.5926
31.825	-1.6664	2.9550	-4.6213
31.850	-1.7045	2.9457	-4.6502
31.875	-1.7427	2.9364	-4.6791
31.900	-1.7809	2.9271	-4.7080
31.925	-1.8192	2.9178	-4.7370
31.950	-1.8575	2.9085	-4.7660
31.975	-1.8960	2.8992	-4.7951
32.000	-1.9344	2.8898	-4.8242
32.025	-1.9729	2.8805	-4.8534
32.050	-2.0115	2.8712	-4.8827
32.075	-2.0502	2.8618	-4.9120
32.100	-2.0888	2.8525	-4.9413
32.125	-2.1276	2.8431	-4.9707
32.150	-2.1664	2.8338	-5.0002
32.175	-2.2052	2.8244	-5.0297
32.200	-2.2441	2.8151	-5.0592
32.225	-2.2831	2.8057	-5.0888
32.250	-2.3221	2.7964	-5.1185
32.275	-2.3612	2.7870	-5.1482
32.300	-2.4003	2.7776	-5.1779
32.325	-2.4394	2.7683	-5.2077
32.350	-2.4786	2.7589	-5.2375
32.375	-2.5178	2.7495	-5.2673
32.400	-2.5570	2.7402	-5.2972
32.425	-2.5963	2.7308	-5.3271
32.450	-2.6356	2.7214	-5.3570
32.475	-2.6749	2.7121	-5.3870
32.500	-2.7142	2.7027	-5.4169
32.525	-2.7534	2.6934	-5.4468
32.550	-2.7927	2.6840	-5.4767
32.575	-2.8320	2.6747	-5.5066
32.600	-2.8712	2.6653	-5.5365
32.625	-2.9104	2.6560	-5.5664
32.650	-2.9496	2.6466	-5.5962
32.675	-2.9888	2.6373	-5.6260
32.700	-3.0278	2.6280	-5.6558
32.725	-3.0669	2.6186	-5.6855
32.750	-3.1058	2.6093	-5.7152
32.775	-3.1447	2.6000	-5.7447
32.800	-3.1835	2.5907	-5.7742
32.825	-3.2223	2.5814	-5.8036
32.850	-3.2609	2.5721	-5.8329
32.875	-3.2994	2.5628	-5.8622
32.900	-3.3377	2.5535	-5.8913
32.925	-3.3760	2.5443	-5.9203
32.950	-3.4142	2.5350	-5.9492
32.975	-3.4523	2.5257	-5.9780
33.000	-3.4903	2.5165	-6.0068
33.025	-3.5282	2.5073	-6.0355
33.050	-3.5660	2.4980	-6.0641
33.075	-3.6038	2.4888	-6.0926
33.100	-3.6414	2.4796	-6.1211
33.125	-3.6790	2.4704	-6.1495
33.150	-3.7165	2.4613	-6.1778
33.175	-3.7540	2.4521	-6.2061
33.200	-3.7914	2.4429	-6.2344
33.225	-3.8289	2.4338	-6.2627
33.250	-3.8662	2.4247	-6.2909
33.275	-3.9036	2.4156	-6.3192
33.300	-3.9410	2.4064	-6.3475
33.325	-3.9784	2.3974	-6.3757
33.350	-4.0157	2.3883	-6.4040
33.375	-4.0531	2.3792	-6.4323
33.400	-4.0904	2.3702	-6.4606
33.425	-4.1278	2.3612	-6.4889
33.450	-4.1651	2.3522	-6.5173
33.475	-4.2025	2.3432	-6.5456
33.500	-4.2398	2.3342	-6.5740
33.525	-4.2771	2.3252	-6.6023
33.550	-4.3144	2.3163	-6.6307
33.575	-4.3517	2.3074	-6.6591
33.600	-4.3891	2.2985	-6.6875
33.625	-4.4264	2.2896	-6.7159
33.650	-4.4636	2.2807	-6.7443
33.675	-4.5009	2.2719	-6.7728
33.700	-4.5382	2.2630	-6.8012
33.725	-4.5754	2.2542	-6.8297
33.750	-4.6127	2.2454	-6.8581
33.775	-4.6499	2.2367	-6.8866
33.800	-4.6871	2.2279	-6.9150
33.825	-4.7243	2.2192	-6.9435
33.850	-4.7615	2.2105	-6.9720
33.875	-4.7987	2.2018	-7.0005
33.900	-4.8359	2.1931	-7.0290
33.925	-4.8730	2.1845	-7.0575
33.950	-4.9101	2.1759	-7.0860
33.975	-4.9472	2.1673	-7.1145
34.000	-4.9843	2.1587	-7.1430
34.025	-5.0213	2.1502	-7.1715
34.050	-5.0584	2.1417	-7.2001
34.075	-5.0954	2.1332	-7.2286
34.100	-5.1324	2.1247	-7.2571
34.125	-5.1694	2.1163	-7.2857
34.150	-5.2063	2.1079	-7.3142
34.175	-5.2433	2.0995	-7.3428
34.200	-5.2802	2.0911	-7.3713
34.225	-5.3170	2.0828	-7.3998
34.250	-5.3539	2.0745	-7.4284
34.275	-5.3907	2.0662	-7.4569
34.300	-5.4275	2.0580	-7.4855
34.325	-5.4643	2.0497	-7.5140
34.350	-5.5010	2.0415	-7.5425
34.375	-5.5377	2.0334	-7.5711
34.400	-5.5743	2.0252	-7.5996
34.425	-5.6110	2.0171	-7.6281
34.450	-5.6476	2.0091	-7.6566
34.475	-5.6841	2.0010	-7.6851
34.500	-5.7206	1.9930	-7.7137
34.525	-5.7571	1.9850	-7.7421
34.550	-5.7936	1.9771	-7.7706
34.575	-5.8300	1.9692	-7.7991
34.600	-5.8663	1.9613	-7.8276
34.625	-5.9026	1.9534	-7.8561
34.650	-5.9389	1.9456	-7.8845
34.675	-5.9751	1.9378	-7.9130
34.700	-6.0113	1.9300	-7.9414
34.725	-6.0475	1.9223	-7.9698
34.750	-6.0836	1.9146	-7.9982
34.775	-6.1196	1.9070	-8.0266
34.800	-6.1556	1.8994	-8.0550
34.825	-6.1915	1.8918	-8.0833
34.850	-6.2274	1.8842	-8.1117
34.875	-6.2633	1.8767	-8.1400
34.900	-6.2991	1.8692	-8.1683
34.925	-6.3348	1.8618	-8.1966
34.950	-6.3705	1.8544	-8.2248
34.975	-6.4061	1.8470	-8.2531
35.000	-6.4416	1.8397	-8.2813
35.025	-6.4771	1.8324	-8.3095
35.050	-6.5126	1.8251	-8.3377
35.075	-6.5479	1.8179	-8.3658
35.100	-6.5832	1.8107	-8.3940
35.125	-6.6185	1.8036	-8.4221
35.150	-6.6537	1.7965	-8.4502
35.175	-6.6888	1.7894	-8.4782
35.200	-6.7238	1.7824	-8.5062
35.225	-6.7588	1.7754	-8.5342
35.250	-6.7937	1.7685	-8.5622
35.275	-6.8285	1.7616	-8.5901
35.300	-6.8633	1.7547	-8.6180
35.325	-6.8980	1.7479	-8.6459
35.350	-6.9326	1.7411	-8.6737
35.375	-6.9671	1.7343	-8.7015
35.400	-7.0016	1.7276	-8.7292
35.425	-7.0360	1.7210	-8.7570
35.450	-7.0703	1.7144	-8.7847
35.475	-7.1045	1.7078	-8.8123
35.500	-7.1387	1.7013	-8.8399
35.525	-7.1727	1.6948	-8.8675
35.550	-7.2067	1.6883	-8.8950
35.575	-7.2406	1.6819	-8.9225
35.600	-7.2744	1.6756	-8.9500
35.625	-7.3082	1.6692	-8.9774
35.650	-7.3418	1.6630	-9.0048
35.675	-7.3754	1.6567	-9.0321
35.700	-7.4088	1.6506	-9.0594
35.725	-7.4422	1.6444	-9.0866
35.750	-7.4755	1.6383	-9.1138
35.775	-7.5087	1.6323	-9.1410
35.800	-7.5418	1.6263	-9.1681
35.825	-7.5748	1.6203	-9.1951
35.850	-7.6077	1.6144	-9.2221
35.875	-7.6405	1.6086	-9.2491
35.900	-7.6733	1.6027	-9.2760
35.925	-7.7059	1.5970	-9.3029
35.950	-7.7384	1.5912	-9.3297
35.975	-7.7709	1.5856	-9.3564
36.000	-7.8032	1.5799	-9.3831
36.025	-7.8354	1.5744	-9.4098
36.050	-7.8676	1.5688	-9.4364
36.075	-7.8996	1.5633	-9.4630
36.100	-7.9316	1.5579	-9.4895
36.125	-7.9634	1.5525	-9.5159
36.150	-7.9951	1.5472	-9.5423
36.175	-8.0268	1.5419	-9.5686
36.200	-8.0583	1.5366	-9.5949
36.225	-8.0897	1.5315	-9.6212
36.250	-8.1210	1.5263	-9.6473
36.275	-8.1522	1.5212	-9.6735
36.300	-8.1834	1.5162	-9.6995
36.325	-8.2144	1.5112	-9.7256
36.350	-8.2452	1.5063	-9.7515
36.375	-8.2760	1.5014	-9.7774
36.400	-8.3067	1.4965	-9.8033
36.425	-8.3373	1.4918	-9.8290
36.450	-8.3678	1.4870	-9.8548
36.475	-8.3981	1.4823	-9.8804
36.500	-8.4283	1.4777	-9.9061
36.525	-8.4585	1.4731	-9.9316
36.550	-8.4885	1.4686	-9.9571
36.575	-8.5184	1.4641	-9.9825
36.600	-8.5482	1.4597	-10.0079
36.625	-8.5779	1.4554	-10.0332
36.650	-8.6074	1.4510	-10.0585
36.675	-8.6369	1.4468	-10.0837
36.700	-8.6662	1.4426	-10.1088
36.725	-8.6954	1.4384	-10.1339
36.750	-8.7245	1.4343	-10.1589
36.775	-8.7535	1.4303	-10.1838
36.800	-8.7824	1.4263	-10.2087
36.825	-8.8111	1.4224	-10.2335
36.850	-8.8397	1.4185	-10.2582
36.875	-8.8682	1.4146	-10.2829
36.900	-8.8966	1.4109	-10.3075
36.925	-8.9248	1.4071	-10.3320
36.950	-8.9530	1.4035	-10.3564
36.975	-8.9809	1.3999	-10.3808
37.000	-9.0088	1.3963	-10.4051
37.025	-9.0366	1.3928	-10.4294
37.050	-9.0642	1.3894	-10.4535
37.075	-9.0917	1.3860	-10.4776
37.100	-9.1190	1.3826	-10.5016
37.125	-9.1462	1.3793	-10.5256
37.150	-9.1733	1.3761	-10.5494
37.175	-9.2003	1.3729	-10.5732
37.200	-9.2272	1.3697	-10.5969
37.225	-9.2539	1.3666	-10.6205
37.250	-9.2805	1.3636	-10.6441
37.275	-9.3070	1.3606	-10.6675
37.300	-9.3333	1.3576	-10.6909
37.325	-9.3596	1.3547	-10.7142
37.350	-9.3857	1.3517	-10.7374
37.375	-9.4117	1.3489	-10.7606
37.400	-9.4376	1.3461	-10.7836
37.425	-9.4633	1.3433	-10.8066
37.450	-9.4889	1.3406	-10.8295
37.475	-9.5144	1.3379	-10.8523
37.500	-9.5398	1.3352	-10.8750
37.525	-9.5650	1.3327	-10.8976
37.550	-9.5901	1.3301	-10.9202
37.575	-9.6150	1.3277	-10.9426
37.600	-9.6398	1.3252	-10.9650
37.625	-9.6645	1.3229	-10.9873
37.650	-9.6890	1.3206	-11.0095
37.675	-9.7133	1.3183	-11.0316
37.700	-9.7375	1.3161	-11.0537
37.725	-9.7616	1.3140	-11.0756
37.750	-9.7855	1.3120	-11.0975
37.775	-9.8092	1.3100	-11.1192
37.800	-9.8328	1.3081	-11.1409
37.825	-9.8563	1.3062	-11.1625
37.850	-9.8795	1.3044	-11.1840
37.875	-9.9027	1.3027	-11.2054
37.900	-9.9256	1.3011	-11.2267
37.925	-9.9485	1.2995	-11.2479
37.950	-9.9711	1.2979	-11.2690
37.975	-9.9936	1.2965	-11.2901
38.000	-10.0160	1.2951	-11.3110
38.025	-10.0381	1.2938	-11.3319
38.050	-10.0601	1.2925	-11.3527
38.075	-10.0820	1.2913	-11.3733
38.100	-10.1037	1.2902	-11.3939
38.125	-10.1252	1.2892	-11.4144
38.150	-10.1466	1.2882	-11.4348
38.175	-10.1677	1.2874	-11.4551
38.200	-10.1888	1.2865	-11.4753
38.225	-10.2096	1.2858	-11.4954
38.250	-10.2303	1.2852	-11.5154
38.275	-10.2508	1.2846	-11.5354
38.300	-10.2711	1.2841	-11.5552
38.325	-10.2912	1.2837	-11.5749
38.350	-10.3112	1.2834	-11.5946
38.375	-10.3310	1.2831	-11.6141
38.400	-10.3506	1.2829	-11.6336
38.425	-10.3701	1.2828	-11.6529
38.450	-10.3894	1.2828	-11.6722
38.475	-10.4085	1.2828	-11.6914
38.500	-10.4275	1.2829	-11.7104
38.525	-10.4463	1.2831	-11.7294
38.550	-10.4649	1.2834	-11.7483
38.575	-10.4834	1.2837	-11.7671
38.600	-10.5017	1.2841	-11.7857
38.625	-10.5198	1.2845	-11.8043
38.650	-10.5378	1.2851	-11.8228
38.675	-10.5556	1.2857	-11.8412
38.700	-10.5732	1.2863	-11.8595
38.725	-10.5907	1.2870	-11.8777
38.750	-10.6080	1.2878	-11.8958
38.775	-10.6252	1.2887	-11.9139
38.800	-10.6422	1.2896	-11.9318
38.825	-10.6590	1.2906	-11.9496
38.850	-10.6757	1.2916	-11.9673
38.875	-10.6923	1.2926	-11.9849
38.900	-10.7087	1.2938	-12.0025
38.925	-10.7249	1.2949	-12.0199
38.950	-10.7410	1.2962	-12.0372
38.975	-10.7570	1.2975	-12.0545
39.000	-10.7728	1.2988	-12.0716
39.025	-10.7884	1.3002	-12.0886
39.050	-10.8038	1.3017	-12.1056
39.075	-10.8191	1.3033	-12.1224
39.100	-10.8343	1.3049	-12.1392
39.125	-10.8493	1.3065	-12.1558
39.150	-10.8641	1.3082	-12.1723
39.175	-10.8788	1.3100	-12.1888
39.200	-10.8933	1.3119	-12.2051
39.225	-10.9076	1.3138	-12.2214
39.250	-10.9218	1.3157	-12.2375
39.275	-10.9359	1.3177	-12.2536
39.300	-10.9498	1.3197	-12.2695
39.325	-10.9636	1.3218	-12.2854
39.350	-10.9772	1.3240	-12.3011
39.375	-10.9907	1.3261	-12.3168
39.400	-11.0040	1.3283	-12.3323
39.425	-11.0172	1.3306	-12.3478
39.450	-11.0303	1.3328	-12.3631
39.475	-11.0433	1.3351	-12.3784
39.500	-11.0561	1.3375	-12.3935
39.525	-11.0688	1.3398	-12.4086
39.550	-11.0813	1.3422	-12.4235
39.575	-11.0937	1.3447	-12.4384
39.600	-11.1060	1.3471	-12.4531
39.625	-11.1182	1.3496	-12.4677
39.650	-11.1302	1.3521	-12.4823
39.675	-11.1421	1.3547	-12.4967
39.700	-11.1538	1.3573	-12.5111
39.725	-11.1654	1.3599	-12.5253
39.750	-11.1769	1.3626	-12.5394
39.775	-11.1882	1.3653	-12.5535
39.800	-11.1994	1.3680	-12.5674
39.825	-11.2104	1.3708	-12.5812
39.850	-11.2213	1.3736	-12.5949
39.875	-11.2321	1.3765	-12.6085
39.900	-11.2427	1.3794	-12.6221
39.925	-11.2531	1.3824	-12.6355
39.950	-11.2634	1.3854	-12.6488
39.975	-11.2735	1.3885	-12.6620
40.000	-11.2835	1.3916	-12.6751
40.025	-11.2933	1.3949	-12.6881
40.050	-11.3029	1.3982	-12.7010
40.075	-11.3123	1.4015	-12.7139
40.100	-11.3216	1.4049	-12.7266
40.125	-11.3308	1.4084	-12.7392
40.150	-11.3397	1.4120	-12.7517
40.175	-11.3485	1.4156	-12.7641
40.200	-11.3571	1.4193	-12.7764
40.225	-11.3656	1.4230	-12.7886
40.250	-11.3739	1.4268	-12.8007
40.275	-11.3820	1.4307	-12.8127
40.300	-11.3900	1.4346	-12.8246
40.325	-11.3977	1.4387	-12.8364
40.350	-11.4053	1.4428	-12.8481
40.375	-11.4128	1.4469	-12.8597
40.400	-11.4200	1.4512	-12.8712
40.425	-11.4271	1.4555	-12.8826
40.450	-11.4340	1.4599	-12.8939
40.475	-11.4407	1.4644	-12.9051
40.500	-11.4473	1.4689	-12.9162
40.525	-11.4536	1.4736	-12.9272
40.550	-11.4598	1.4783	-12.9381
40.575	-11.4658	1.4831	-12.9489
40.600	-11.4715	1.4880	-12.9596
40.625	-11.4771	1.4930	-12.9702
40.650	-11.4826	1.4981	-12.9807
40.675	-11.4878	1.5033	-12.9911
40.700	-11.4929	1.5085	-13.0014
40.725	-11.4977	1.5138	-13.0115
40.750	-11.5025	1.5192	-13.0216
40.775	-11.5071	1.5246	-13.0316
40.800	-11.5115	1.5301	-13.0416
40.825	-11.5157	1.5356	-13.0514
40.850	-11.5198	1.5413	-13.0611
40.875	-11.5237	1.5469	-13.0707
40.900	-11.5275	1.5526	-13.0802
40.925	-11.5312	1.5584	-13.0896
40.950	-11.5347	1.5642	-13.0989
40.975	-11.5381	1.5700	-13.1081
41.000	-11.5414	1.5758	-13.1172
41.025	-11.5445	1.5817	-13.1263
41.050	-11.5475	1.5877	-13.1352
41.075	-11.5503	1.5937	-13.1440
41.100	-11.5530	1.5997	-13.1527
41.125	-11.5556	1.6058	-13.1614
41.150	-11.5581	1.6119	-13.1699
41.175	-11.5604	1.6180	-13.1784
41.200	-11.5626	1.6241	-13.1867
41.225	-11.5648	1.6302	-13.1950
41.250	-11.5668	1.6363	-13.2031
41.275	-11.5688	1.6424	-13.2112
41.300	-11.5707	1.6485	-13.2192
41.325	-11.5725	1.6545	-13.2271
41.350	-11.5743	1.6606	-13.2349
41.375	-11.5759	1.6666	-13.2426
41.400	-11.5775	1.6727	-13.2502
41.425	-11.5790	1.6787	-13.2577
41.450	-11.5804	1.6847	-13.2651
41.475	-11.5818	1.6907	-13.2725
41.500	-11.5830	1.6967	-13.2797
41.525	-11.5842	1.7027	-13.2869
41.550	-11.5853	1.7087	-13.2940
41.575	-11.5863	1.7146	-13.3010
41.600	-11.5873	1.7206	-13.3079
41.625	-11.5882	1.7265	-13.3147
41.650	-11.5890	1.7325	-13.3215
41.675	-11.5898	1.7384	-13.3282
41.700	-11.5904	1.7444	-13.3348
41.725	-11.5910	1.7504	-13.3414
41.750	-11.5915	1.7563	-13.3478
41.775	-11.5920	1.7623	-13.3543
41.800	-11.5923	1.7683	-13.3607
41.825	-11.5927	1.7743	-13.3670
41.850	-11.5930	1.7803	-13.3733
41.875	-11.5933	1.7864	-13.3796
41.900	-11.5936	1.7924	-13.3859
41.925	-11.5939	1.7984	-13.3923
41.950	-11.5941	1.8044	-13.3986
41.975	-11.5944	1.8105	-13.4049
42.000	-11.5947	1.8165	-13.4112
42.025	-11.5948	1.8226	-13.4174
42.050	-11.5949	1.8288	-13.4236
42.075	-11.5948	1.8349	-13.4297
42.100	-11.5945	1.8412	-13.4357
42.125	-11.5942	1.8474	-13.4416
42.150	-11.5936	1.8538	-13.4474
42.175	-11.5929	1.8601	-13.4530
42.200	-11.5921	1.8665	-13.4586
42.225	-11.5911	1.8729	-13.4640
42.250	-11.5900	1.8794	-13.4694
42.275	-11.5887	1.8859	-13.4747
42.300	-11.5874	1.8925	-13.4798
42.325	-11.5858	1.8991	-13.4849
42.350	-11.5842	1.9057	-13.4899
42.375	-11.5824	1.9124	-13.4948
42.400	-11.5805	1.9192	-13.4997
42.425	-11.5784	1.9260	-13.5044
42.450	-11.5763	1.9328	-13.5091
42.475	-11.5740	1.9397	-13.5136
42.500	-11.5716	1.9465	-13.5181
42.525	-11.5691	1.9535	-13.5226
42.550	-11.5665	1.9604	-13.5269
42.575	-11.5637	1.9674	-13.5311
42.600	-11.5608	1.9745	-13.5353
42.625	-11.5578	1.9816	-13.5394
42.650	-11.5545	1.9888	-13.5433
42.675	-11.5512	1.9961	-13.5472
42.700	-11.5476	2.0034	-13.5510
42.725	-11.5438	2.0109	-13.5547
42.750	-11.5399	2.0184	-13.5583
42.775	-11.5358	2.0260	-13.5618
42.800	-11.5315	2.0337	-13.5652
42.825	-11.5271	2.0415	-13.5685
42.850	-11.5225	2.0493	-13.5718
42.875	-11.5177	2.0572	-13.5749
42.900	-11.5128	2.0651	-13.5780
42.925	-11.5078	2.0732	-13.5810
42.950	-11.5027	2.0813	-13.5840
42.975	-11.4974	2.0894	-13.5869
43.000	-11.4921	2.0977	-13.5897
43.025	-11.4866	2.1059	-13.5925
43.050	-11.4810	2.1142	-13.5952
43.075	-11.4753	2.1225	-13.5979
43.100	-11.4696	2.1309	-13.6004
43.125	-11.4637	2.1392	-13.6030
43.150	-11.4578	2.1476	-13.6054
43.175	-11.4518	2.1561	-13.6078
43.200	-11.4457	2.1645	-13.6102
43.225	-11.4395	2.1730	-13.6124
43.250	-11.4332	2.1815	-13.6147
43.275	-11.4269	2.1900	-13.6169
43.300	-11.4205	2.1985	-13.6190
43.325	-11.4140	2.2070	-13.6210
43.350	-11.4074	2.2156	-13.6230
43.375	-11.4007	2.2242	-13.6250
43.400	-11.3940	2.2329	-13.6269
43.425	-11.3872	2.2415	-13.6287
43.450	-11.3802	2.2502	-13.6304
43.475	-11.3732	2.2590	-13.6321
43.500	-11.3660	2.2677	-13.6338
43.525	-11.3588	2.2765	-13.6353
43.550	-11.3515	2.2854	-13.6368
43.575	-11.3440	2.2943	-13.6383
43.600	-11.3365	2.3032	-13.6397
43.625	-11.3289	2.3121	-13.6410
43.650	-11.3212	2.3211	-13.6423
43.675	-11.3134	2.3301	-13.6434
43.700	-11.3055	2.3391	-13.6446
43.725	-11.2975	2.3481	-13.6456
43.750	-11.2895	2.3572	-13.6466
43.775	-11.2814	2.3662	-13.6476
43.800	-11.2732	2.3752	-13.6485
43.825	-11.2650	2.3842	-13.6493
43.850	-11.2568	2.3932	-13.6500
43.875	-11.2485	2.4022	-13.6507
43.900	-11.2402	2.4111	-13.6513
43.925	-11.2318	2.4200	-13.6518
43.950	-11.2235	2.4289	-13.6523
43.975	-11.2151	2.4377	-13.6528
44.000	-11.2068	2.4464	-13.6532
44.025	-11.1984	2.4552	-13.6536
44.050	-11.1900	2.4639	-13.6540
44.075	-11.1817	2.4726	-13.6543
44.100	-11.1733	2.4813	-13.6546
44.125	-11.1650	2.4899	-13.6549
44.150	-11.1567	2.4984	-13.6551
44.175	-11.1486	2.5069	-13.6554
44.200	-11.1405	2.5152	-13.6557
44.225	-11.1326	2.5235	-13.6560
44.250	-11.1248	2.5316	-13.6564
44.275	-11.1172	2.5397	-13.6568
44.300	-11.1097	2.5476	-13.6573
44.325	-11.1023	2.5556	-13.6579
44.350	-11.0951	2.5634	-13.6585
44.375	-11.0880	2.5713	-13.6592
44.400	-11.0809	2.5790	-13.6600
44.425	-11.0740	2.5868	-13.6608
44.450	-11.0672	2.5944	-13.6616
44.475	-11.0603	2.6020	-13.6623
44.500	-11.0535	2.6096	-13.6631
44.525	-11.0467	2.6171	-13.6638
44.550	-11.0400	2.6245	-13.6645
44.575	-11.0333	2.6318	-13.6651
44.600	-11.0265	2.6391	-13.6656
44.625	-11.0198	2.6463	-13.6661
44.650	-11.0131	2.6534	-13.6665
44.675	-11.0065	2.6604	-13.6669
44.700	-10.9998	2.6674	-13.6672
44.725	-10.9931	2.6742	-13.6674
44.750	-10.9865	2.6810	-13.6675
44.775	-10.9799	2.6877	-13.6676
44.800	-10.9734	2.6942	-13.6676
44.825	-10.9669	2.7007	-13.6676
44.850	-10.9605	2.7070	-13.6675
44.875	-10.9542	2.7131	-13.6673
44.900	-10.9480	2.7192	-13.6671
44.925	-10.9418	2.7251	-13.6669
44.950	-10.9357	2.7309	-13.6666
44.975	-10.9296	2.7366	-13.6662
45.000	-10.9236	2.7422	-13.6658
45.025	-10.9176	2.7478	-13.6653
45.050	-10.9116	2.7533	-13.6648
45.075	-10.9056	2.7587	-13.6643
45.100	-10.8996	2.7641	-13.6637
45.125	-10.8936	2.7695	-13.6631
45.150	-10.8876	2.7748	-13.6624
45.175	-10.8816	2.7800	-13.6617
45.200	-10.8756	2.7853	-13.6609
45.225	-10.8696	2.7904	-13.6601
45.250	-10.8636	2.7956	-13.6592
45.275	-10.8576	2.8007	-13.6583
45.300	-10.8515	2.8058	-13.6573
45.325	-10.8454	2.8109	-13.6563
45.350	-10.8393	2.8159	-13.6552
45.375	-10.8331	2.8210	-13.6541
45.400	-10.8269	2.8260	-13.6530
45.425	-10.8207	2.8311	-13.6518
45.450	-10.8146	2.8361	-13.6507
45.475	-10.8084	2.8411	-13.6495
45.500	-10.8023	2.8461	-13.6484
45.525	-10.7961	2.8511	-13.6473
45.550	-10.7901	2.8561	-13.6462
45.575	-10.7840	2.8611	-13.6451
45.600	-10.7780	2.8661	-13.6441
45.625	-10.7721	2.8711	-13.6431
45.650	-10.7661	2.8761	-13.6422
45.675	-10.7601	2.8811	-13.6412
45.700	-10.7542	2.8861	-13.6404
45.725	-10.7483	2.8912	-13.6395
45.750	-10.7424	2.8963	-13.6386
45.775	-10.7365	2.9013	-13.6378
45.800	-10.7307	2.9064	-13.6371
45.825	-10.7248	2.9115	-13.6363
45.850	-10.7190	2.9166	-13.6357
45.875	-10.7133	2.9218	-13.6351
45.900	-10.7076	2.9270	-13.6346
45.925	-10.7019	2.9322	-13.6341
45.950	-10.6962	2.9375	-13.6337
45.975	-10.6906	2.9427	-13.6333
46.000	-10.6849	2.9480	-13.6329
46.025	-10.6791	2.9533	-13.6325
46.050	-10.6733	2.9587	-13.6320
46.075	-10.6674	2.9640	-13.6314
46.100	-10.6613	2.9693	-13.6307
46.125	-10.6551	2.9747	-13.6298
46.150	-10.6487	2.9801	-13.6288
46.175	-10.6421	2.9855	-13.6276
46.200	-10.6355	2.9909	-13.6264
46.225	-10.6287	2.9964	-13.6251
46.250	-10.6219	3.0018	-13.6237
46.275	-10.6150	3.0073	-13.6223
46.300	-10.6081	3.0127	-13.6209
46.325	-10.6012	3.0182	-13.6194
46.350	-10.5942	3.0237	-13.6179
46.375	-10.5872	3.0292	-13.6165
46.400	-10.5802	3.0348	-13.6150
46.425	-10.5731	3.0404	-13.6135
46.450	-10.5660	3.0459	-13.6120
46.475	-10.5589	3.0516	-13.6105
46.500	-10.5518	3.0572	-13.6089
46.525	-10.5447	3.0628	-13.6074
46.550	-10.5376	3.0683	-13.6059
46.575	-10.5305	3.0739	-13.6044
46.600	-10.5234	3.0794	-13.6028
46.625	-10.5163	3.0849	-13.6013
46.650	-10.5093	3.0904	-13.5997
46.675	-10.5022	3.0959	-13.5982
46.700	-10.4952	3.1014	-13.5966
46.725	-10.4882	3.1069	-13.5951
46.750	-10.4812	3.1124	-13.5936
46.775	-10.4742	3.1179	-13.5921
46.800	-10.4673	3.1234	-13.5907
46.825	-10.4604	3.1289	-13.5893
46.850	-10.4536	3.1344	-13.5880
46.875	-10.4468	3.1399	-13.5868
46.900	-10.4401	3.1455	-13.5856
46.925	-10.4335	3.1510	-13.5845
46.950	-10.4270	3.1565	-13.5835
46.975	-10.4205	3.1621	-13.5826
47.000	-10.4141	3.1677	-13.5818
47.025	-10.4077	3.1733	-13.5810
47.050	-10.4015	3.1788	-13.5803
47.075	-10.3953	3.1844	-13.5797
47.100	-10.3891	3.1900	-13.5792
47.125	-10.3831	3.1956	-13.5787
47.150	-10.3771	3.2012	-13.5782
47.175	-10.3711	3.2067	-13.5779
47.200	-10.3652	3.2123	-13.5775
47.225	-10.3593	3.2178	-13.5772
47.250	-10.3535	3.2234	-13.5769
47.275	-10.3477	3.2289	-13.5766
47.300	-10.3420	3.2343	-13.5763
47.325	-10.3363	3.2397	-13.5760
47.350	-10.3307	3.2450	-13.5757
47.375	-10.3253	3.2502	-13.5755
47.400	-10.3199	3.2554	-13.5753
47.425	-10.3145	3.2605	-13.5750
47.450	-10.3093	3.2655	-13.5748
47.475	-10.3041	3.2705	-13.5746
47.500	-10.2990	3.2753	-13.5743
47.525	-10.2938	3.2801	-13.5740
47.550	-10.2887	3.2849	-13.5735
47.575	-10.2835	3.2895	-13.5731
47.600	-10.2784	3.2941	-13.5725
47.625	-10.2734	3.2986	-13.5720
47.650	-10.2685	3.3031	-13.5716
47.675	-10.2637	3.3075	-13.5712
47.700	-10.2591	3.3118	-13.5709
47.725	-10.2546	3.3161	-13.5707
47.750	-10.2503	3.3203	-13.5706
47.775	-10.2461	3.3245	-13.5706
47.800	-10.2422	3.3286	-13.5707
47.825	-10.2384	3.3326	-13.5710
47.850	-10.2349	3.3366	-13.5715
47.875	-10.2316	3.3405	-13.5721
47.900	-10.2286	3.3443	-13.5729
47.925	-10.2258	3.3481	-13.5739
47.950	-10.2232	3.3518	-13.5750
47.975	-10.2208	3.3554	-13.5762
48.000	-10.2186	3.3590	-13.5776
48.025	-10.2166	3.3625	-13.5790
48.050	-10.2148	3.3659	-13.5806
48.075	-10.2131	3.3692	-13.5823
48.100	-10.2117	3.3725	-13.5842
48.125	-10.2105	3.3756	-13.5861
48.150	-10.2095	3.3788	-13.5882
48.175	-10.2086	3.3818	-13.5905
48.200	-10.2080	3.3848	-13.5929
48.225	-10.2076	3.3878	-13.5954
48.250	-10.2074	3.3906	-13.5981
48.275	-10.2075	3.3935	-13.6009
48.300	-10.2077	3.3962	-13.6039
48.325	-10.2082	3.3990	-13.6071
48.350	-10.2089	3.4016	-13.6105
48.375	-10.2098	3.4043	-13.6140
48.400	-10.2109	3.4068	-13.6178
48.425	-10.2123	3.4094	-13.6217
48.450	-10.2140	3.4118	-13.6258
48.475	-10.2158	3.4143	-13.6301
48.500	-10.2178	3.4167	-13.6345
48.525	-10.2200	3.4191	-13.6390
48.550	-10.2223	3.4214	-13.6437
48.575	-10.2246	3.4237	-13.6483
48.600	-10.2271	3.4260	-13.6530
48.625	-10.2295	3.4282	-13.6578
48.650	-10.2320	3.4304	-13.6625
48.675	-10.2345	3.4326	-13.6671
48.700	-10.2369	3.4348	-13.6717
48.725	-10.2393	3.4370	-13.6762
48.750	-10.2415	3.4391	-13.6806
48.775	-10.2437	3.4412	-13.6849
48.800	-10.2459	3.4432	-13.6891
48.825	-10.2480	3.4453	-13.6933
48.850	-10.2501	3.4473	-13.6974
48.875	-10.2523	3.4493	-13.7015
48.900	-10.2544	3.4513	-13.7057
48.925	-10.2566	3.4532	-13.7098
48.950	-10.2588	3.4551	-13.7139
48.975	-10.2610	3.4570	-13.7180
49.000	-10.2632	3.4588	-13.7220
49.025	-10.2654	3.4607	-13.7260
49.050	-10.2675	3.4625	-13.7300
49.075	-10.2698	3.4642	-13.7340
49.100	-10.2721	3.4659	-13.7380
49.125	-10.2746	3.4676	-13.7422
49.150	-10.2773	3.4692	-13.7465
49.175	-10.2801	3.4708	-13.7509
49.200	-10.2831	3.4723	-13.7554
49.225	-10.2863	3.4737	-13.7600
49.250	-10.2896	3.4752	-13.7648
49.275	-10.2932	3.4766	-13.7698
49.300	-10.2969	3.4780	-13.7748
49.325	-10.3007	3.4793	-13.7800
49.350	-10.3047	3.4807	-13.7853
49.375	-10.3088	3.4820	-13.7908
49.400	-10.3132	3.4833	-13.7965
49.425	-10.3177	3.4845	-13.8022
49.450	-10.3224	3.4857	-13.8082
49.475	-10.3274	3.4869	-13.8143
49.500	-10.3325	3.4880	-13.8205
49.525	-10.3379	3.4891	-13.8270
49.550	-10.3434	3.4901	-13.8335
49.575	-10.3492	3.4911	-13.8403
49.600	-10.3552	3.4920	-13.8472
49.625	-10.3613	3.4929	-13.8542
49.650	-10.3677	3.4937	-13.8614
49.675	-10.3743	3.4945	-13.8687
49.700	-10.3810	3.4952	-13.8762
49.725	-10.3880	3.4958	-13.8838
49.750	-10.3951	3.4964	-13.8915
49.775	-10.4024	3.4969	-13.8993
49.800	-10.4099	3.4973	-13.9072
49.825	-10.4176	3.4976	-13.9152
49.850	-10.4254	3.4979	-13.9233
49.875	-10.4334	3.4981	-13.9315
49.900	-10.4416	3.4982	-13.9397
49.925	-10.4499	3.4982	-13.9481
49.950	-10.4584	3.4981	-13.9565
49.975	-10.4670	3.4979	-13.9649
50.000	-10.4758	3.4976	-13.9734
50.025	-10.4846	3.4972	-13.9818
50.050	-10.4935	3.4967	-13.9902
50.075	-10.5024	3.4962	-13.9985
50.100	-10.5113	3.4955	-14.0068
50.125	-10.5202	3.4947	-14.0149
50.150	-10.5291	3.4939	-14.0231
50.175	-10.5381	3.4930	-14.0311
50.200	-10.5471	3.4920	-14.0392
50.225	-10.5562	3.4910	-14.0472
50.250	-10.5654	3.4899	-14.0553
50.275	-10.5747	3.4887	-14.0634
50.300	-10.5842	3.4874	-14.0716
50.325	-10.5939	3.4861	-14.0800
50.350	-10.6038	3.4847	-14.0885
50.375	-10.6138	3.4832	-14.0970
50.400	-10.6239	3.4817	-14.1056
50.425	-10.6342	3.4802	-14.1143
50.450	-10.6446	3.4786	-14.1231
50.475	-10.6551	3.4769	-14.1320
50.500	-10.6659	3.4751	-14.1410
50.525	-10.6769	3.4733	-14.1502
50.550	-10.6882	3.4714	-14.1597
50.575	-10.6998	3.4695	-14.1693
50.600	-10.7117	3.4675	-14.1792
50.625	-10.7239	3.4654	-14.1893
50.650	-10.7365	3.4632	-14.1997
50.675	-10.7494	3.4610	-14.2104
50.700	-10.7626	3.4587	-14.2213
50.725	-10.7762	3.4564	-14.2326
50.750	-10.7902	3.4539	-14.2442
50.775	-10.8046	3.4514	-14.2560
50.800	-10.8194	3.4488	-14.2682
50.825	-10.8346	3.4460	-14.2806
50.850	-10.8502	3.4432	-14.2934
50.875	-10.8661	3.4402	-14.3063
50.900	-10.8823	3.4372	-14.3195
50.925	-10.8988	3.4341	-14.3329
50.950	-10.9157	3.4308	-14.3465
50.975	-10.9328	3.4275	-14.3603
51.000	-10.9502	3.4241	-14.3743
51.025	-10.9680	3.4206	-14.3885
51.050	-10.9860	3.4170	-14.4030
51.075	-11.0043	3.4133	-14.4176
51.100	-11.0230	3.4095	-14.4325
51.125	-11.0420	3.4056	-14.4476
51.150	-11.0612	3.4017	-14.4629
51.175	-11.0808	3.3977	-14.4785
51.200	-11.1006	3.3936	-14.4942
51.225	-11.1207	3.3894	-14.5101
51.250	-11.1410	3.3851	-14.5261
51.275	-11.1615	3.3808	-14.5423
51.300	-11.1822	3.3764	-14.5586
51.325	-11.2031	3.3719	-14.5750
51.350	-11.2243	3.3674	-14.5917
51.375	-11.2458	3.3628	-14.6086
51.400	-11.2676	3.3581	-14.6257
51.425	-11.2897	3.3533	-14.6431
51.450	-11.3122	3.3485	-14.6607
51.475	-11.3349	3.3437	-14.6786
51.500	-11.3580	3.3387	-14.6967
51.525	-11.3814	3.3337	-14.7151
51.550	-11.4051	3.3287	-14.7338
51.575	-11.4292	3.3235	-14.7528
51.600	-11.4537	3.3184	-14.7721
51.625	-11.4785	3.3131	-14.7916
51.650	-11.5036	3.3078	-14.8114
51.675	-11.5290	3.3025	-14.8315
51.700	-11.5547	3.2971	-14.8518
51.725	-11.5807	3.2916	-14.8723
51.750	-11.6069	3.2861	-14.8931
51.775	-11.6334	3.2806	-14.9140
51.800	-11.6603	3.2750	-14.9353
51.825	-11.6875	3.2693	-14.9569
51.850	-11.7151	3.2636	-14.9788
51.875	-11.7431	3.2579	-15.0010
51.900	-11.7714	3.2521	-15.0236
51.925	-11.8001	3.2463	-15.0464
51.950	-11.8292	3.2404	-15.0696
51.975	-11.8586	3.2345	-15.0931
52.000	-11.8883	3.2286	-15.1169
52.025	-11.9184	3.2226	-15.1410
52.050	-11.9489	3.2166	-15.1655
52.075	-11.9797	3.2105	-15.1903
52.100	-12.0109	3.2044	-15.2153
52.125	-12.0424	3.1983	-15.2407
52.150	-12.0741	3.1921	-15.2663
52.175	-12.1062	3.1859	-15.2921
52.200	-12.1384	3.1797	-15.3181
52.225	-12.1709	3.1734	-15.3442
52.250	-12.2034	3.1671	-15.3705
52.275	-12.2360	3.1607	-15.3967
52.300	-12.2688	3.1543	-15.4231
52.325	-12.3016	3.1479	-15.4495
52.350	-12.3346	3.1414	-15.4761
52.375	-12.3678	3.1349	-15.5028
52.400	-12.4012	3.1284	-15.5296
52.425	-12.4348	3.1218	-15.5565
52.450	-12.4685	3.1151	-15.5836
52.475	-12.5024	3.1084	-15.6108
52.500	-12.5365	3.1017	-15.6382
52.525	-12.5708	3.0949	-15.6657
52.550	-12.6052	3.0881	-15.6933
52.575	-12.6398	3.0812	-15.7210
52.600	-12.6746	3.0743	-15.7488
52.625	-12.7094	3.0673	-15.7767
52.650	-12.7443	3.0603	-15.8046
52.675	-12.7794	3.0533	-15.8326
52.700	-12.8146	3.0462	-15.8608
52.725	-12.8502	3.0390	-15.8892
52.750	-12.8861	3.0319	-15.9179
52.775	-12.9223	3.0247	-15.9470
52.800	-12.9589	3.0175	-15.9764
52.825	-12.9960	3.0102	-16.0062
52.850	-13.0333	3.0029	-16.0363
52.875	-13.0711	2.9956	-16.0667
52.900	-13.1091	2.9883	-16.0974
52.925	-13.1475	2.9809	-16.1284
52.950	-13.1861	2.9735	-16.1596
52.975	-13.2251	2.9661	-16.1912
53.000	-13.2645	2.9587	-16.2232
53.025	-13.3042	2.9512	-16.2554
53.050	-13.3444	2.9437	-16.2881
53.075	-13.3849	2.9361	-16.3210
53.100	-13.4257	2.9285	-16.3543
53.125	-13.4669	2.9209	-16.3878
53.150	-13.5083	2.9133	-16.4216
53.175	-13.5500	2.9056	-16.4556
53.200	-13.5919	2.8979	-16.4899
53.225	-13.6341	2.8902	-16.5243
53.250	-13.6764	2.8825	-16.5589
53.275	-13.7189	2.8747	-16.5936
53.300	-13.7616	2.8669	-16.6285
53.325	-13.8045	2.8591	-16.6636
53.350	-13.8475	2.8513	-16.6988
53.375	-13.8906	2.8435	-16.7341
53.400	-13.9339	2.8356	-16.7696
53.425	-13.9773	2.8278	-16.8051
53.450	-14.0208	2.8199	-16.8407
53.475	-14.0642	2.8120	-16.8762
53.500	-14.1077	2.8041	-16.9117
53.525	-14.1510	2.7961	-16.9471
53.550	-14.1942	2.7881	-16.9823
53.575	-14.2374	2.7801	-17.0175
53.600	-14.2806	2.7721	-17.0527
53.625	-14.3238	2.7641	-17.0879
53.650	-14.3671	2.7560	-17.1231
53.675	-14.4104	2.7479	-17.1583
53.700	-14.4537	2.7398	-17.1935
53.725	-14.4972	2.7317	-17.2288
53.750	-14.5408	2.7235	-17.2643
53.775	-14.5848	2.7153	-17.3001
53.800	-14.6290	2.7070	-17.3361
53.825	-14.6736	2.6987	-17.3724
53.850	-14.7185	2.6904	-17.4089
53.875	-14.7637	2.6821	-17.4458
53.900	-14.8091	2.6737	-17.4828
53.925	-14.8548	2.6653	-17.5200
53.950	-14.9005	2.6568	-17.5573
53.975	-14.9463	2.6484	-17.5947
54.000	-14.9921	2.6399	-17.6320
54.025	-15.0380	2.6313	-17.6693
54.050	-15.0839	2.6228	-17.7067
54.075	-15.1299	2.6142	-17.7441
54.100	-15.1761	2.6056	-17.7816
54.125	-15.2223	2.5969	-17.8192
54.150	-15.2687	2.5882	-17.8570
54.175	-15.3152	2.5796	-17.8947
54.200	-15.3617	2.5709	-17.9326
54.225	-15.4083	2.5621	-17.9705
54.250	-15.4550	2.5534	-18.0084
54.275	-15.5016	2.5446	-18.0462
54.300	-15.5483	2.5358	-18.0841
54.325	-15.5949	2.5270	-18.1219
54.350	-15.6415	2.5181	-18.1597
54.375	-15.6881	2.5093	-18.1974
54.400	-15.7346	2.5004	-18.2351
54.425	-15.7811	2.4915	-18.2726
54.450	-15.8275	2.4826	-18.3101
54.475	-15.8737	2.4737	-18.3474
54.500	-15.9198	2.4647	-18.3845
54.525	-15.9656	2.4558	-18.4214
54.550	-16.0113	2.4468	-18.4581
54.575	-16.0568	2.4378	-18.4946
54.600	-16.1022	2.4288	-18.5310
54.625	-16.1475	2.4198	-18.5673
54.650	-16.1929	2.4108	-18.6037
54.675	-16.2384	2.4018	-18.6402
54.700	-16.2841	2.3927	-18.6768
54.725	-16.3299	2.3837	-18.7135
54.750	-16.3758	2.3746	-18.7504
54.775	-16.4218	2.3655	-18.7873
54.800	-16.4679	2.3564	-18.8243
54.825	-16.5141	2.3472	-18.8613
54.850	-16.5603	2.3380	-18.8983
54.875	-16.6065	2.3288	-18.9353
54.900	-16.6528	2.3196	-18.9724
54.925	-16.6991	2.3103	-19.0094
54.950	-16.7454	2.3011	-19.0464
54.975	-16.7917	2.2918	-19.0835
55.000	-16.8380	2.2824	-19.1205
55.025	-16.8843	2.2731	-19.1574
55.050	-16.9306	2.2637	-19.1943
55.075	-16.9769	2.2543	-19.2312
55.100	-17.0232	2.2449	-19.2680
55.125	-17.0695	2.2354	-19.3049
55.150	-17.1159	2.2259	-19.3419
55.175	-17.1625	2.2164	-19.3789
55.200	-17.2092	2.2069	-19.4161
55.225	-17.2559	2.1974	-19.4533
55.250	-17.3027	2.1878	-19.4905
55.275	-17.3494	2.1782	-19.5276
55.300	-17.3960	2.1686	-19.5646
55.325	-17.4425	2.1589	-19.6014
55.350	-17.4887	2.1493	-19.6380
55.375	-17.5348	2.1396	-19.6743
55.400	-17.5807	2.1298	-19.7105
55.425	-17.6265	2.1201	-19.7466
55.450	-17.6725	2.1103	-19.7828
55.475	-17.7186	2.1005	-19.8191
55.500	-17.7649	2.0907	-19.8556
55.525	-17.8114	2.0809	-19.8923
55.550	-17.8582	2.0710	-19.9292
55.575	-17.9052	2.0611	-19.9663
55.600	-17.9524	2.0512	-20.0035
55.625	-17.9997	2.0412	-20.0409
55.650	-18.0471	2.0312	-20.0784
55.675	-18.0947	2.0212	-20.1159
55.700	-18.1423	2.0112	-20.1535
55.725	-18.1901	2.0012	-20.1913
55.750	-18.2381	1.9911	-20.2291
55.775	-18.2862	1.9810	-20.2672
55.800	-18.3346	1.9708	-20.3054
55.825	-18.3832	1.9607	-20.3438
55.850	-18.4319	1.9505	-20.3824
55.875	-18.4809	1.9403	-20.4212
55.900	-18.5301	1.9300	-20.4601
55.925	-18.5794	1.9197	-20.4992
55.950	-18.6289	1.9094	-20.5384
55.975	-18.6786	1.8991	-20.5777
56.000	-18.7283	1.8888	-20.6171
56.025	-18.7781	1.8784	-20.6565
56.050	-18.8280	1.8680	-20.6960
56.075	-18.8781	1.8575	-20.7356
56.100	-18.9282	1.8470	-20.7752
56.125	-18.9785	1.8365	-20.8150
56.150	-19.0289	1.8260	-20.8549
56.175	-19.0796	1.8154	-20.8950
56.200	-19.1304	1.8048	-20.9353
56.225	-19.1815	1.7942	-20.9757
56.250	-19.2326	1.7836	-21.0162
56.275	-19.2839	1.7729	-21.0568
56.300	-19.3353	1.7621	-21.0975
56.325	-19.3869	1.7514	-21.1382
56.350	-19.4386	1.7406	-21.1792
56.375	-19.4905	1.7297	-21.2203
56.400	-19.5427	1.7189	-21.2616
56.425	-19.5951	1.7079	-21.3031
56.450	-19.6478	1.6970	-21.3447
56.475	-19.7007	1.6860	-21.3866
56.500	-19.7538	1.6749	-21.4286
56.525	-19.8071	1.6638	-21.4708
56.550	-19.8606	1.6526	-21.5132
56.575	-19.9142	1.6414	-21.5556
56.600	-19.9681	1.6301	-21.5982
56.625	-20.0221	1.6188	-21.6409
56.650	-20.0762	1.6075	-21.6837
56.675	-20.1305	1.5961	-21.7266
56.700	-20.1850	1.5846	-21.7696
56.725	-20.2396	1.5731	-21.8127
56.750	-20.2942	1.5616	-21.8558
56.775	-20.3490	1.5500	-21.8989
56.800	-20.4038	1.5383	-21.9421
56.825	-20.4586	1.5266	-21.9853
56.850	-20.5136	1.5149	-22.0285
56.875	-20.5687	1.5031	-22.0718
56.900	-20.6239	1.4913	-22.1151
56.925	-20.6793	1.4794	-22.1586
56.950	-20.7348	1.4674	-22.2023
56.975	-20.7907	1.4554	-22.2461
57.000	-20.8468	1.4433	-22.2901
57.025	-20.9032	1.4312	-22.3344
57.050	-20.9600	1.4190	-22.3790
57.075	-21.0171	1.4068	-22.4238
57.100	-21.0745	1.3945	-22.4689
57.125	-21.1322	1.3821	-22.5143
57.150	-21.1901	1.3697	-22.5599
57.175	-21.2484	1.3573	-22.6057
57.200	-21.3069	1.3448	-22.6517
57.225	-21.3656	1.3323	-22.6979
57.250	-21.4246	1.3198	-22.7444
57.275	-21.4837	1.3072	-22.7910
57.300	-21.5431	1.2946	-22.8377
57.325	-21.6027	1.2820	-22.8847
57.350	-21.6624	1.2693	-22.9318
57.375	-21.7224	1.2566	-22.9790
57.400	-21.7826	1.2439	-23.0265
57.425	-21.8430	1.2311	-23.0741
57.450	-21.9035	1.2183	-23.1219
57.475	-21.9643	1.2055	-23.1698
57.500	-22.0253	1.1927	-23.2179
57.525	-22.0864	1.1798	-23.2662
57.550	-22.1478	1.1669	-23.3147
57.575	-22.2093	1.1540	-23.3633
57.600	-22.2711	1.1410	-23.4121
57.625	-22.3330	1.1281	-23.4611
57.650	-22.3951	1.1151	-23.5102
57.675	-22.4573	1.1021	-23.5594
57.700	-22.5198	1.0890	-23.6088
57.725	-22.5824	1.0760	-23.6583
57.750	-22.6451	1.0629	-23.7080
57.775	-22.7080	1.0498	-23.7577
57.800	-22.7709	1.0367	-23.8076
57.825	-22.8341	1.0235	-23.8576
57.850	-22.8973	1.0104	-23.9077
57.875	-22.9606	0.9972	-23.9579
57.900	-23.0241	0.9840	-24.0081
57.925	-23.0877	0.9708	-24.0585
57.950	-23.1514	0.9576	-24.1090
57.975	-23.2152	0.9443	-24.1596
58.000	-23.2792	0.9311	-24.2103
58.025	-23.3432	0.9178	-24.2610
58.050	-23.4073	0.9045	-24.3118
58.075	-23.4714	0.8912	-24.3627
58.100	-23.5356	0.8779	-24.4135
58.125	-23.5997	0.8646	-24.4643
58.150	-23.6637	0.8513	-24.5150
58.175	-23.7277	0.8379	-24.5657
58.200	-23.7917	0.8246	-24.6163
58.225	-23.8556	0.8113	-24.6668
58.250	-23.9194	0.7979	-24.7173
58.275	-23.9832	0.7845	-24.7678
58.300	-24.0469	0.7712	-24.8181
58.325	-24.1105	0.7578	-24.8683
58.350	-24.1739	0.7445	-24.9184
58.375	-24.2372	0.7311	-24.9683
58.400	-24.3002	0.7178	-25.0180
58.425	-24.3630	0.7045	-25.0675
58.450	-24.4256	0.6912	-25.1168
58.475	-24.4881	0.6779	-25.1660
58.500	-24.5503	0.6646	-25.2149
58.525	-24.6122	0.6514	-25.2636
58.550	-24.6739	0.6382	-25.3121
58.575	-24.7353	0.6250	-25.3603
58.600	-24.7965	0.6118	-25.4083
58.625	-24.8574	0.5987	-25.4562
58.650	-24.9183	0.5856	-25.5039
58.675	-24.9790	0.5726	-25.5515
58.700	-25.0395	0.5595	-25.5991
58.725	-25.1000	0.5465	-25.6465
58.750	-25.1603	0.5335	-25.6938
58.775	-25.2205	0.5206	-25.7410
58.800	-25.2805	0.5077	-25.7882
58.825	-25.3405	0.4948	-25.8353
58.850	-25.4005	0.4819	-25.8823
58.875	-25.4604	0.4691	-25.9294
58.900	-25.5203	0.4563	-25.9766
58.925	-25.5802	0.4435	-26.0237
58.950	-25.6402	0.4308	-26.0710
58.975	-25.7002	0.4181	-26.1183
59.000	-25.7602	0.4054	-26.1656
59.025	-25.8202	0.3928	-26.2130
59.050	-25.8802	0.3801	-26.2604
59.075	-25.9402	0.3675	-26.3078
59.100	-26.0002	0.3550	-26.3552
59.125	-26.0601	0.3425	-26.4026
59.150	-26.1200	0.3300	-26.4500
59.175	-26.1799	0.3175	-26.4974
59.200	-26.2397	0.3050	-26.5447
59.225	-26.2994	0.2925	-26.5919
59.250	-26.3590	0.2801	-26.6390
59.275	-26.4184	0.2676	-26.6860
59.300	-26.4776	0.2551	-26.7327
59.325	-26.5365	0.2427	-26.7792
59.350	-26.5953	0.2302	-26.8255
59.375	-26.6539	0.2177	-26.8716
59.400	-26.7123	0.2052	-26.9175
59.425	-26.7706	0.1927	-26.9633
59.450	-26.8289	0.1802	-27.0091
59.475	-26.8872	0.1677	-27.0549
59.500	-26.9455	0.1552	-27.1007
59.525	-27.0038	0.1426	-27.1464
59.550	-27.0621	0.1301	-27.1922
59.575	-27.1202	0.1176	-27.2378
59.600	-27.1784	0.1050	-27.2834
59.625	-27.2364	0.0925	-27.3288
59.650	-27.2943	0.0799	-27.3742
59.675	-27.3521	0.0673	-27.4194
59.700	-27.4098	0.0548	-27.4646
59.725	-27.4676	0.0422	-27.5097
59.750	-27.5253	0.0296	-27.5548
59.775	-27.5829	0.0170	-27.5999
59.800	-27.6406	0.0044	-27.6450
59.825	-27.6982	-0.0082	-27.6900
59.850	-27.7558	-0.0208	-27.7350
59.875	-27.8134	-0.0335	-27.7800
59.900	-27.8709	-0.0461	-27.8248
59.925	-27.9283	-0.0587	-27.8696
59.950	-27.9856	-0.0713	-27.9143
59.975	-28.0428	-0.0840	-27.9589
60.000	-28.1000	-0.0966	-28.0033
60.025	-28.1570	-0.1093	-28.0477
60.050	-28.2138	-0.1219	-28.0919
60.075	-28.2706	-0.1346	-28.1359
60.100	-28.3271	-0.1473	-28.1798
60.125	-28.3834	-0.1600	-28.2235
60.150	-28.4396	-0.1726	-28.2669
60.175	-28.4955	-0.1853	-28.3102
60.200	-28.5512	-0.1980	-28.3532
60.225	-28.6066	-0.2107	-28.3959
60.250	-28.6618	-0.2234	-28.4384
60.275	-28.7168	-0.2361	-28.4808
60.300	-28.7717	-0.2488	-28.5229
60.325	-28.8264	-0.2615	-28.5649
60.350	-28.8810	-0.2742	-28.6068
60.375	-28.9355	-0.2869	-28.6486
60.400	-28.9900	-0.2996	-28.6903
60.425	-29.0444	-0.3123	-28.7320
60.450	-29.0987	-0.3251	-28.7737
60.475	-29.1530	-0.3378	-28.8152
60.500	-29.2071	-0.3505	-28.8566
60.525	-29.2611	-0.3632	-28.8979
60.550	-29.3150	-0.3759	-28.9390
60.575	-29.3687	-0.3887	-28.9801
60.600	-29.4224	-0.4014	-29.0210
60.625	-29.4760	-0.4141	-29.0620
60.650	-29.5297	-0.4268	-29.1029
60.675	-29.5833	-0.4395	-29.1438
60.700	-29.6370	-0.4522	-29.1847
60.725	-29.6906	-0.4649	-29.2257
60.750	-29.7443	-0.4777	-29.2667
60.775	-29.7980	-0.4904	-29.3077
60.800	-29.8518	-0.5031	-29.3487
60.825	-29.9055	-0.5158	-29.3897
60.850	-29.9593	-0.5285	-29.4308
60.875	-30.0131	-0.5412	-29.4720
60.900	-30.0670	-0.5539	-29.5131
60.925	-30.1209	-0.5666	-29.5544
60.950	-30.1749	-0.5793	-29.5956
60.975	-30.2289	-0.5920	-29.6370
61.000	-30.2830	-0.6046	-29.6783
61.025	-30.3370	-0.6173	-29.7197
61.050	-30.3911	-0.6300	-29.7611
61.075	-30.4451	-0.6427	-29.8025
61.100	-30.4991	-0.6554	-29.8438
61.125	-30.5531	-0.6680	-29.8851
61.150	-30.6070	-0.6807	-29.9263
61.175	-30.6608	-0.6934	-29.9674
61.200	-30.7145	-0.7060	-30.0085
61.225	-30.7681	-0.7187	-30.0494
61.250	-30.8215	-0.7313	-30.0902
61.275	-30.8747	-0.7440	-30.1308
61.300	-30.9278	-0.7566	-30.1712
61.325	-30.9806	-0.7693	-30.2114
61.350	-31.0332	-0.7819	-30.2513
61.375	-31.0855	-0.7945	-30.2910
61.400	-31.1375	-0.8072	-30.3303
61.425	-31.1892	-0.8198	-30.3694
61.450	-31.2405	-0.8324	-30.4081
61.475	-31.2916	-0.8450	-30.4465
61.500	-31.3422	-0.8577	-30.4846
61.525	-31.3926	-0.8703	-30.5223
61.550	-31.4426	-0.8829	-30.5597
61.575	-31.4922	-0.8955	-30.5967
61.600	-31.5414	-0.9081	-30.6332
61.625	-31.5901	-0.9207	-30.6694
61.650	-31.6383	-0.9333	-30.7050
61.675	-31.6862	-0.9459	-30.7403
61.700	-31.7337	-0.9585	-30.7752
61.725	-31.7809	-0.9711	-30.8097
61.750	-31.8277	-0.9837	-30.8440
61.775	-31.8743	-0.9963	-30.8780
61.800	-31.9206	-1.0089	-30.9117
61.825	-31.9666	-1.0215	-30.9451
61.850	-32.0123	-1.0340	-30.9782
61.875	-32.0577	-1.0466	-31.0111
61.900	-32.1029	-1.0592	-31.0437
61.925	-32.1478	-1.0718	-31.0760
61.950	-32.1925	-1.0843	-31.1081
61.975	-32.2369	-1.0969	-31.1400
62.000	-32.2811	-1.1095	-31.1717
62.025	-32.3252	-1.1220	-31.2032
62.050	-32.3691	-1.1346	-31.2345
62.075	-32.4129	-1.1471	-31.2657
62.100	-32.4565	-1.1597	-31.2969
62.125	-32.5001	-1.1722	-31.3279
62.150	-32.5436	-1.1847	-31.3588
62.175	-32.5869	-1.1973	-31.3897
62.200	-32.6302	-1.2098	-31.4204
62.225	-32.6733	-1.2223	-31.4510
62.250	-32.7163	-1.2348	-31.4815
62.275	-32.7591	-1.2473	-31.5117
62.300	-32.8016	-1.2598	-31.5418
62.325	-32.8439	-1.2723	-31.5716
62.350	-32.8860	-1.2848	-31.6012
62.375	-32.9279	-1.2973	-31.6306
62.400	-32.9696	-1.3097	-31.6599
62.425	-33.0112	-1.3222	-31.6890
62.450	-33.0526	-1.3347	-31.7179
62.475	-33.0939	-1.3471	-31.7467
62.500	-33.1350	-1.3596	-31.7755
62.525	-33.1761	-1.3720	-31.8041
62.550	-33.2170	-1.3844	-31.8326
62.575	-33.2578	-1.3969	-31.8609
62.600	-33.2984	-1.4093	-31.8891
62.625	-33.3389	-1.4217	-31.9172
62.650	-33.3792	-1.4341	-31.9451
62.675	-33.4192	-1.4465	-31.9728
62.700	-33.4591	-1.4588	-32.0002
62.725	-33.4987	-1.4712	-32.0275
62.750	-33.5381	-1.4836	-32.0546
62.775	-33.5774	-1.4959	-32.0815
62.800	-33.6167	-1.5082	-32.1084
62.825	-33.6558	-1.5206	-32.1353
62.850	-33.6950	-1.5329	-32.1621
62.875	-33.7341	-1.5452	-32.1889
62.900	-33.7732	-1.5575	-32.2157
62.925	-33.8123	-1.5697	-32.2425
62.950	-33.8513	-1.5820	-32.2693
62.975	-33.8902	-1.5943	-32.2959
63.000	-33.9290	-1.6065	-32.3226
63.025	-33.9678	-1.6187	-32.3491
63.050	-34.0066	-1.6309	-32.3757
63.075	-34.0454	-1.6431	-32.4023
63.100	-34.0842	-1.6553	-32.4289
63.125	-34.1230	-1.6674	-32.4556
63.150	-34.1619	-1.6796	-32.4823
63.175	-34.2007	-1.6917	-32.5090
63.200	-34.2395	-1.7038	-32.5357
63.225	-34.2783	-1.7159	-32.5624
63.250	-34.3171	-1.7280	-32.5891
63.275	-34.3557	-1.7400	-32.6157
63.300	-34.3943	-1.7521	-32.6423
63.325	-34.4329	-1.7641	-32.6688
63.350	-34.4713	-1.7761	-32.6952
63.375	-34.5096	-1.7880	-32.7215
63.400	-34.5477	-1.8000	-32.7478
63.425	-34.5858	-1.8119	-32.7739
63.450	-34.6237	-1.8238	-32.7999
63.475	-34.6614	-1.8357	-32.8257
63.500	-34.6990	-1.8476	-32.8514
63.525	-34.7364	-1.8594	-32.8770
63.550	-34.7736	-1.8712	-32.9024
63.575	-34.8106	-1.8830	-32.9276
63.600	-34.8474	-1.8948	-32.9527
63.625	-34.8842	-1.9065	-32.9777
63.650	-34.9208	-1.9182	-33.0026
63.675	-34.9572	-1.9299	-33.0273
63.700	-34.9936	-1.9416	-33.0520
63.725	-35.0297	-1.9532	-33.0765
63.750	-35.0658	-1.9648	-33.1009
63.775	-35.1016	-1.9764	-33.1252
63.800	-35.1372	-1.9880	-33.1492
63.825	-35.1726	-1.9995	-33.1731
63.850	-35.2078	-2.0110	-33.1968
63.875	-35.2428	-2.0225	-33.2203
63.900	-35.2776	-2.0339	-33.2437
63.925	-35.3123	-2.0454	-33.2669
63.950	-35.3468	-2.0568	-33.2901
63.975	-35.3812	-2.0682	-33.3131
64.000	-35.4155	-2.0795	-33.3360
64.025	-35.4496	-2.0908	-33.3588
64.050	-35.4835	-2.1021	-33.3814
64.075	-35.5173	-2.1134	-33.4039
64.100	-35.5510	-2.1246	-33.4263
64.125	-35.5845	-2.1359	-33.4486
64.150	-35.6178	-2.1471	-33.4708
64.175	-35.6510	-2.1582	-33.4928
64.200	-35.6840	-2.1693	-33.5147
64.225	-35.7169	-2.1805	-33.5364
64.250	-35.7495	-2.1915	-33.5580
64.275	-35.7820	-2.2026	-33.5795
64.300	-35.8144	-2.2136	-33.6008
64.325	-35.8465	-2.2246	-33.6219
64.350	-35.8784	-2.2356	-33.6429
64.375	-35.9101	-2.2465	-33.6637
64.400	-35.9417	-2.2574	-33.6843
64.425	-35.9729	-2.2683	-33.7047
64.450	-36.0040	-2.2791	-33.7249
64.475	-36.0349	-2.2900	-33.7449
64.500	-36.0655	-2.3007	-33.7647
64.525	-36.0958	-2.3115	-33.7843
64.550	-36.1260	-2.3222	-33.8037
64.575	-36.1558	-2.3329	-33.8229
64.600	-36.1855	-2.3436	-33.8419
64.625	-36.2149	-2.3542	-33.8606
64.650	-36.2440	-2.3649	-33.8792
64.675	-36.2729	-2.3754	-33.8975
64.700	-36.3016	-2.3860	-33.9156
64.725	-36.3300	-2.3965	-33.9335
64.750	-36.3581	-2.4070	-33.9511
64.775	-36.3860	-2.4175	-33.9685
64.800	-36.4135	-2.4279	-33.9857
64.825	-36.4408	-2.4383	-34.0025
64.850	-36.4677	-2.4486	-34.0191
64.875	-36.4944	-2.4590	-34.0354
64.900	-36.5207	-2.4693	-34.0515
64.925	-36.5469	-2.4795	-34.0673
64.950	-36.5728	-2.4898	-34.0830
64.975	-36.5985	-2.5000	-34.0985
65.000	-36.6240	-2.5102	-34.1139
65.025	-36.6493	-2.5203	-34.1290
65.050	-36.6745	-2.5304	-34.1441
65.075	-36.6994	-2.5405	-34.1589
65.100	-36.7240	-2.5505	-34.1735
65.125	-36.7485	-2.5605	-34.1880
65.150	-36.7727	-2.5705	-34.2022
65.175	-36.7967	-2.5805	-34.2162
65.200	-36.8203	-2.5904	-34.2300
65.225	-36.8437	-2.6002	-34.2435
65.250	-36.8668	-2.6101	-34.2567
65.275	-36.8896	-2.6199	-34.2697
65.300	-36.9120	-2.6297	-34.2823
65.325	-36.9339	-2.6394	-34.2945
65.350	-36.9555	-2.6491	-34.3064
65.375	-36.9766	-2.6588	-34.3178
65.400	-36.9973	-2.6684	-34.3289
65.425	-37.0176	-2.6780	-34.3395
65.450	-37.0373	-2.6876	-34.3497
65.475	-37.0567	-2.6971	-34.3595
65.500	-37.0756	-2.7066	-34.3689
65.525	-37.0941	-2.7161	-34.3780
65.550	-37.1123	-2.7255	-34.3868
65.575	-37.1302	-2.7349	-34.3953
65.600	-37.1478	-2.7443	-34.4035
65.625	-37.1652	-2.7536	-34.4116
65.650	-37.1823	-2.7629	-34.4195
65.675	-37.1992	-2.7721	-34.4271
65.700	-37.2159	-2.7813	-34.4345
65.725	-37.2322	-2.7905	-34.4417
65.750	-37.2483	-2.7996	-34.4486
65.775	-37.2640	-2.8087	-34.4553
65.800	-37.2795	-2.8178	-34.4617
65.825	-37.2945	-2.8268	-34.4677
65.850	-37.3092	-2.8358	-34.4734
65.875	-37.3236	-2.8448	-34.4788
65.900	-37.3377	-2.8537	-34.4840
65.925	-37.3515	-2.8626	-34.4889
65.950	-37.3650	-2.8714	-34.4936
65.975	-37.3782	-2.8802	-34.4980
66.000	-37.3912	-2.8890	-34.5022
66.025	-37.4039	-2.8977	-34.5062
66.050	-37.4164	-2.9064	-34.5100
66.075	-37.4286	-2.9150	-34.5135
66.100	-37.4405	-2.9237	-34.5169
66.125	-37.4522	-2.9322	-34.5200
66.150	-37.4636	-2.9408	-34.5228
66.175	-37.4748	-2.9493	-34.5255
66.200	-37.4856	-2.9577	-34.5279
66.225	-37.4963	-2.9661	-34.5301
66.250	-37.5066	-2.9745	-34.5321
66.275	-37.5167	-2.9829	-34.5338
66.300	-37.5265	-2.9912	-34.5353
66.325	-37.5360	-2.9994	-34.5366
66.350	-37.5452	-3.0076	-34.5376
66.375	-37.5541	-3.0158	-34.5383
66.400	-37.5627	-3.0240	-34.5388
66.425	-37.5710	-3.0321	-34.5390
66.450	-37.5790	-3.0401	-34.5389
66.475	-37.5867	-3.0481	-34.5386
66.500	-37.5941	-3.0561	-34.5380
66.525	-37.6012	-3.0641	-34.5371
66.550	-37.6080	-3.0720	-34.5360
66.575	-37.6145	-3.0798	-34.5347
66.600	-37.6208	-3.0877	-34.5331
66.625	-37.6268	-3.0954	-34.5314
66.650	-37.6325	-3.1032	-34.5294
66.675	-37.6380	-3.1109	-34.5271
66.700	-37.6432	-3.1185	-34.5247
66.725	-37.6482	-3.1261	-34.5220
66.750	-37.6528	-3.1337	-34.5191
66.775	-37.6571	-3.1412	-34.5158
66.800	-37.6610	-3.1487	-34.5123
66.825	-37.6646	-3.1562	-34.5084
66.850	-37.6678	-3.1636	-34.5042
66.875	-37.6706	-3.1710	-34.4997
66.900	-37.6732	-3.1783	-34.4949
66.925	-37.6755	-3.1856	-34.4899
66.950	-37.6775	-3.1928	-34.4847
66.975	-37.6794	-3.2000	-34.4793
67.000	-37.6810	-3.2072	-34.4739
67.025	-37.6825	-3.2143	-34.4682
67.050	-37.6839	-3.2214	-34.4625
67.075	-37.6850	-3.2284	-34.4567
67.100	-37.6861	-3.2354	-34.4507
67.125	-37.6869	-3.2423	-34.4445
67.150	-37.6875	-3.2492	-34.4383
67.175	-37.6879	-3.2561	-34.4318
67.200	-37.6880	-3.2629	-34.4251
67.225	-37.6879	-3.2697	-34.4182
67.250	-37.6874	-3.2764	-34.4110
67.275	-37.6867	-3.2831	-34.4036
67.300	-37.6856	-3.2898	-34.3958
67.325	-37.6842	-3.2964	-34.3879
67.350	-37.6827	-3.3029	-34.3797
67.375	-37.6809	-3.3095	-34.3714
67.400	-37.6789	-3.3159	-34.3630
67.425	-37.6768	-3.3224	-34.3544
67.450	-37.6745	-3.3288	-34.3457
67.475	-37.6720	-3.3351	-34.3369
67.500	-37.6694	-3.3414	-34.3280
67.525	-37.6666	-3.3477	-34.3189
67.550	-37.6635	-3.3539	-34.3097
67.575	-37.6603	-3.3601	-34.3002
67.600	-37.6568	-3.3662	-34.2906
67.625	-37.6532	-3.3723	-34.2809
67.650	-37.6493	-3.3783	-34.2710
67.675	-37.6454	-3.3843	-34.2610
67.700	-37.6413	-3.3903	-34.2510
67.725	-37.6372	-3.3962	-34.2410
67.750	-37.6329	-3.4021	-34.2309
67.775	-37.6286	-3.4079	-34.2207
67.800	-37.6243	-3.4137	-34.2106
67.825	-37.6198	-3.4194	-34.2004
67.850	-37.6153	-3.4251	-34.1902
67.875	-37.6108	-3.4307	-34.1800
67.900	-37.6062	-3.4363	-34.1698
67.925	-37.6015	-3.4419	-34.1596
67.950	-37.5968	-3.4474	-34.1494
67.975	-37.5921	-3.4529	-34.1392
68.000	-37.5873	-3.4583	-34.1289
68.025	-37.5824	-3.4637	-34.1187
68.050	-37.5776	-3.4690	-34.1085
68.075	-37.5727	-3.4743	-34.0984
68.100	-37.5678	-3.4796	-34.0882
68.125	-37.5629	-3.4848	-34.0781
68.150	-37.5580	-3.4900	-34.0680
68.175	-37.5531	-3.4951	-34.0580
68.200	-37.5481	-3.5001	-34.0480
68.225	-37.5431	-3.5052	-34.0380
68.250	-37.5381	-3.5101	-34.0280
68.275	-37.5331	-3.5151	-34.0180
68.300	-37.5280	-3.5200	-34.0080
68.325	-37.5229	-3.5248	-33.9980
68.350	-37.5176	-3.5296	-33.9880
68.375	-37.5123	-3.5344	-33.9780
68.400	-37.5070	-3.5391	-33.9679
68.425	-37.5015	-3.5438	-33.9577
68.450	-37.4960	-3.5484	-33.9476
68.475	-37.4904	-3.5530	-33.9374
68.500	-37.4847	-3.5575	-33.9272
68.525	-37.4790	-3.5620	-33.9170
68.550	-37.4732	-3.5664	-33.9068
68.575	-37.4675	-3.5708	-33.8967
68.600	-37.4617	-3.5752	-33.8865
68.625	-37.4558	-3.5795	-33.8764
68.650	-37.4500	-3.5837	-33.8663
68.675	-37.4441	-3.5879	-33.8562
68.700	-37.4382	-3.5921	-33.8461
68.725	-37.4322	-3.5962	-33.8360
68.750	-37.4263	-3.6003	-33.8260
68.775	-37.4202	-3.6043	-33.8159
68.800	-37.4141	-3.6083	-33.8058
68.825	-37.4080	-3.6123	-33.7957
68.850	-37.4018	-3.6162	-33.7856
68.875	-37.3955	-3.6200	-33.7755
68.900	-37.3892	-3.6238	-33.7654
68.925	-37.3828	-3.6276	-33.7552
68.950	-37.3763	-3.6313	-33.7450
68.975	-37.3698	-3.6350	-33.7348
69.000	-37.3631	-3.6386	-33.7245
69.025	-37.3563	-3.6422	-33.7142
69.050	-37.3494	-3.6457	-33.7037
69.075	-37.3424	-3.6492	-33.6932
69.100	-37.3352	-3.6526	-33.6825
69.125	-37.3277	-3.6560	-33.6717
69.150	-37.3201	-3.6594	-33.6607
69.175	-37.3123	-3.6627	-33.6496
69.200	-37.3042	-3.6659	-33.6383
69.225	-37.2959	-3.6692	-33.6268
69.250	-37.2874	-3.6723	-33.6151
69.275	-37.2787	-3.6754	-33.6032
69.300	-37.2697	-3.6785	-33.5912
69.325	-37.2605	-3.6816	-33.5790
69.350	-37.2512	-3.6845	-33.5666
69.375	-37.2416	-3.6875	-33.5541
69.400	-37.2319	-3.6904	-33.5415
69.425	-37.2220	-3.6932	-33.5287
69.450	-37.2119	-3.6960	-33.5158
69.475	-37.2016	-3.6988	-33.5028
69.500	-37.1912	-3.7015	-33.4896
69.525	-37.1806	-3.7042	-33.4764
69.550	-37.1698	-3.7068	-33.4630
69.575	-37.1589	-3.7094	-33.4495
69.600	-37.1480	-3.7119	-33.4360
69.625	-37.1369	-3.7144	-33.4225
69.650	-37.1257	-3.7169	-33.4089
69.675	-37.1145	-3.7193	-33.3953
69.700	-37.1033	-3.7216	-33.3817
69.725	-37.0920	-3.7239	-33.3681
69.750	-37.0808	-3.7262	-33.3546
69.775	-37.0695	-3.7284	-33.3411
69.800	-37.0583	-3.7306	-33.3277
69.825	-37.0471	-3.7327	-33.3144
69.850	-37.0360	-3.7348	-33.3011
69.875	-37.0248	-3.7369	-33.2880
69.900	-37.0137	-3.7389	-33.2748
69.925	-37.0026	-3.7408	-33.2618
69.950	-36.9915	-3.7427	-33.2488
69.975	-36.9804	-3.7446	-33.2358
70.000	-36.9693	-3.7464	-33.2229
70.025	-36.9582	-3.7482	-33.2100
70.050	-36.9470	-3.7499	-33.1971
70.075	-36.9359	-3.7516	-33.1843
70.100	-36.9247	-3.7533	-33.1714
70.125	-36.9135	-3.7549	-33.1586
70.150	-36.9022	-3.7564	-33.1458
70.175	-36.8910	-3.7579	-33.1331
70.200	-36.8798	-3.7594	-33.1204
70.225	-36.8686	-3.7608	-33.1078
70.250	-36.8574	-3.7622	-33.0952
70.275	-36.8462	-3.7635	-33.0826
70.300	-36.8349	-3.7648	-33.0701
70.325	-36.8237	-3.7661	-33.0576
70.350	-36.8124	-3.7673	-33.0452
70.375	-36.8012	-3.7684	-33.0327
70.400	-36.7899	-3.7695	-33.0203
70.425	-36.7786	-3.7706	-33.0080
70.450	-36.7673	-3.7717	-32.9957
70.475	-36.7561	-3.7726	-32.9835
70.500	-36.7449	-3.7736	-32.9713
70.525	-36.7337	-3.7745	-32.9592
70.550	-36.7226	-3.7753	-32.9472
70.575	-36.7115	-3.7762	-32.9354
70.600	-36.7005	-3.7769	-32.9236
70.625	-36.6897	-3.7777	-32.9120
70.650	-36.6789	-3.7783	-32.9005
70.675	-36.6682	-3.7790	-32.8892
70.700	-36.6576	-3.7796	-32.8780
70.725	-36.6471	-3.7801	-32.8669
70.750	-36.6366	-3.7807	-32.8560
70.775	-36.6262	-3.7811	-32.8451
70.800	-36.6159	-3.7816	-32.8343
70.825	-36.6056	-3.7819	-32.8237
70.850	-36.5954	-3.7823	-32.8131
70.875	-36.5852	-3.7826	-32.8026
70.900	-36.5751	-3.7829	-32.7923
70.925	-36.5651	-3.7831	-32.7820
70.950	-36.5551	-3.7832	-32.7718
70.975	-36.5451	-3.7834	-32.7617
71.000	-36.5350	-3.7835	-32.7515
71.025	-36.5249	-3.7835	-32.7414
71.050	-36.5147	-3.7835	-32.7312
71.075	-36.5043	-3.7835	-32.7208
71.100	-36.4937	-3.7834	-32.7102
71.125	-36.4828	-3.7833	-32.6995
71.150	-36.4717	-3.7832	-32.6885
71.175	-36.4603	-3.7830	-32.6773
71.200	-36.4486	-3.7827	-32.6659
71.225	-36.4368	-3.7825	-32.6543
71.250	-36.4248	-3.7821	-32.6426
71.275	-36.4125	-3.7818	-32.6307
71.300	-36.4000	-3.7814	-32.6187
71.325	-36.3874	-3.7809	-32.6064
71.350	-36.3744	-3.7805	-32.5940
71.375	-36.3612	-3.7799	-32.5813
71.400	-36.3477	-3.7794	-32.5683
71.425	-36.3338	-3.7788	-32.5550
71.450	-36.3194	-3.7781	-32.5413
71.475	-36.3047	-3.7774	-32.5272
71.500	-36.2895	-3.7767	-32.5127
71.525	-36.2738	-3.7760	-32.4979
71.550	-36.2579	-3.7752	-32.4827
71.575	-36.2417	-3.7743	-32.4674
71.600	-36.2253	-3.7734	-32.4519
71.625	-36.2087	-3.7725	-32.4362
71.650	-36.1920	-3.7716	-32.4205
71.675	-36.1752	-3.7706	-32.4046
71.700	-36.1582	-3.7695	-32.3887
71.725	-36.1410	-3.7684	-32.3726
71.750	-36.1236	-3.7673	-32.3563
71.775	-36.1059	-3.7662	-32.3398
71.800	-36.0879	-3.7650	-32.3230
71.825	-36.0696	-3.7637	-32.3058
71.850	-36.0509	-3.7625	-32.2885
71.875	-36.0320	-3.7612	-32.2708
71.900	-36.0129	-3.7598	-32.2530
71.925	-35.9935	-3.7585	-32.2350
71.950	-35.9740	-3.7570	-32.2169
71.975	-35.9543	-3.7556	-32.1987
72.000	-35.9344	-3.7541	-32.1803
72.025	-35.9144	-3.7526	-32.1618
72.050	-35.8942	-3.7510	-32.1432
72.075	-35.8739	-3.7494	-32.1244
72.100	-35.8533	-3.7478	-32.1055
72.125	-35.8326	-3.7462	-32.0864
72.150	-35.8116	-3.7445	-32.0671
72.175	-35.7903	-3.7427	-32.0475
72.200	-35.7687	-3.7410	-32.0277
72.225	-35.7467	-3.7392	-32.0075
72.250	-35.7243	-3.7373	-31.9869
72.275	-35.7016	-3.7355	-31.9661
72.300	-35.6785	-3.7336	-31.9450
72.325	-35.6553	-3.7317	-31.9237
72.350	-35.6319	-3.7297	-31.9022
72.375	-35.6084	-3.7277	-31.8807
72.400	-35.5847	-3.7257	-31.8590
72.425	-35.5608	-3.7236	-31.8372
72.450	-35.5368	-3.7215	-31.8153
72.475	-35.5126	-3.7194	-31.7932
72.500	-35.4882	-3.7172	-31.7710
72.525	-35.4637	-3.7150	-31.7487
72.550	-35.4390	-3.7128	-31.7262
72.575	-35.4143	-3.7105	-31.7037
72.600	-35.3894	-3.7083	-31.6812
72.625	-35.3646	-3.7059	-31.6586
72.650	-35.3396	-3.7036	-31.6360
72.675	-35.3147	-3.7012	-31.6135
72.700	-35.2896	-3.6988	-31.5909
72.725	-35.2646	-3.6963	-31.5683
72.750	-35.2396	-3.6938	-31.5457
72.775	-35.2145	-3.6913	-31.5232
72.800	-35.1894	-3.6888	-31.5006
72.825	-35.1643	-3.6862	-31.4781
72.850	-35.1392	-3.6836	-31.4556
72.875	-35.1140	-3.6809	-31.4330
72.900	-35.0887	-3.6783	-31.4105
72.925	-35.0635	-3.6756	-31.3879
72.950	-35.0381	-3.6728	-31.3653
72.975	-35.0127	-3.6701	-31.3427
73.000	-34.9873	-3.6673	-31.3200
73.025	-34.9618	-3.6644	-31.2974
73.050	-34.9362	-3.6616	-31.2747
73.075	-34.9106	-3.6587	-31.2519
73.100	-34.8849	-3.6558	-31.2291
73.125	-34.8591	-3.6528	-31.2063
73.150	-34.8333	-3.6498	-31.1835
73.175	-34.8074	-3.6468	-31.1606
73.200	-34.7814	-3.6438	-31.1376
73.225	-34.7554	-3.6407	-31.1147
73.250	-34.7293	-3.6376	-31.0917
73.275	-34.7032	-3.6345	-31.0687
73.300	-34.6771	-3.6313	-31.0457
73.325	-34.6509	-3.6281	-31.0228
73.350	-34.6247	-3.6249	-30.9998
73.375	-34.5985	-3.6217	-30.9768
73.400	-34.5722	-3.6184	-30.9539
73.425	-34.5460	-3.6151	-30.9309
73.450	-34.5197	-3.6117	-30.9080
73.475	-34.4934	-3.6084	-30.8850
73.500	-34.4671	-3.6050	-30.8621
73.525	-34.4407	-3.6016	-30.8391
73.550	-34.4143	-3.5981	-30.8162
73.575	-34.3878	-3.5947	-30.7932
73.600	-34.3613	-3.5912	-30.7702
73.625	-34.3348	-3.5876	-30.7471
73.650	-34.3081	-3.5841	-30.7241
73.675	-34.2814	-3.5805	-30.7009
73.700	-34.2546	-3.5769	-30.6778
73.725	-34.2278	-3.5732	-30.6545
73.750	-34.2008	-3.5696	-30.6313
73.775	-34.1738	-3.5659	-30.6079
73.800	-34.1466	-3.5622	-30.5844
73.825	-34.1193	-3.5584	-30.5608
73.850	-34.0918	-3.5547	-30.5372
73.875	-34.0642	-3.5509	-30.5134
73.900	-34.0365	-3.5470	-30.4895
73.925	-34.0087	-3.5432	-30.4655
73.950	-33.9807	-3.5393	-30.4414
73.975	-33.9526	-3.5354	-30.4172
74.000	-33.9244	-3.5315	-30.3929
74.025	-33.8961	-3.5276	-30.3685
74.050	-33.8676	-3.5236	-30.3440
74.075	-33.8390	-3.5196	-30.3194
74.100	-33.8102	-3.5156	-30.2947
74.125	-33.7813	-3.5115	-30.2698
74.150	-33.7523	-3.5075	-30.2449
74.175	-33.7232	-3.5034	-30.2199
74.200	-33.6941	-3.4993	-30.1949
74.225	-33.6650	-3.4951	-30.1699
74.250	-33.6359	-3.4910	-30.1449
74.275	-33.6068	-3.4868	-30.1200
74.300	-33.5777	-3.4826	-30.0952
74.325	-33.5487	-3.4783	-30.0704
74.350	-33.5198	-3.4741	-30.0457
74.375	-33.4909	-3.4698	-30.0211
74.400	-33.4621	-3.4655	-29.9966
74.425	-33.4333	-3.4612	-29.9721
74.450	-33.4047	-3.4569	-29.9478
74.475	-33.3760	-3.4525	-29.9235
74.500	-33.3475	-3.4481	-29.8993
74.525	-33.3189	-3.4437	-29.8752
74.550	-33.2905	-3.4393	-29.8511
74.575	-33.2621	-3.4349	-29.8272
74.600	-33.2337	-3.4304	-29.8033
74.625	-33.2054	-3.4259	-29.7794
74.650	-33.1771	-3.4214	-29.7557
74.675	-33.1489	-3.4169	-29.7320
74.700	-33.1208	-3.4124	-29.7084
74.725	-33.0927	-3.4078	-29.6849
74.750	-33.0646	-3.4032	-29.6614
74.775	-33.0366	-3.3986	-29.6380
74.800	-33.0086	-3.3940	-29.6146
74.825	-32.9806	-3.3894	-29.5913
74.850	-32.9527	-3.3847	-29.5680
74.875	-32.9248	-3.3801	-29.5447
74.900	-32.8968	-3.3754	-29.5214
74.925	-32.8688	-3.3707	-29.4982
74.950	-32.8408	-3.3659	-29.4749
74.975	-32.8128	-3.3612	-29.4516
75.000	-32.7847	-3.3564	-29.4282
75.025	-32.7565	-3.3517	-29.4048
75.050	-32.7283	-3.3469	-29.3814
75.075	-32.6999	-3.3421	-29.3579
75.100	-32.6715	-3.3372	-29.3343
75.125	-32.6430	-3.3324	-29.3106
75.150	-32.6144	-3.3275	-29.2868
75.175	-32.5856	-3.3226	-29.2629
75.200	-32.5567	-3.3177	-29.2389
75.225	-32.5276	-3.3128	-29.2148
75.250	-32.4984	-3.3079	-29.1905
75.275	-32.4691	-3.3030	-29.1661
75.300	-32.4396	-3.2980	-29.1416
75.325	-32.4099	-3.2930	-29.1169
75.350	-32.3801	-3.2880	-29.0921
75.375	-32.3501	-3.2830	-29.0671
75.400	-32.3200	-3.2780	-29.0421
75.425	-32.2898	-3.2729	-29.0168
75.450	-32.2594	-3.2679	-28.9915
75.475	-32.2288	-3.2628	-28.9660
75.500	-32.1981	-3.2577	-28.9404
75.525	-32.1673	-3.2526	-28.9147
75.550	-32.1362	-3.2475	-28.8887
75.575	-32.1050	-3.2424	-28.8626
75.600	-32.0736	-3.2372	-28.8364
75.625	-32.0420	-3.2321	-28.8099
75.650	-32.0102	-3.2269	-28.7833
75.675	-31.9782	-3.2217	-28.7565
75.700	-31.9461	-3.2165	-28.7296
75.725	-31.9138	-3.2113	-28.7026
75.750	-31.8814	-3.2061	-28.6754
75.775	-31.8489	-3.2008	-28.6480
75.800	-31.8161	-3.1956	-28.6206
75.825	-31.7833	-3.1903	-28.5929
75.850	-31.7502	-3.1851	-28.5652
75.875	-31.7170	-3.1798	-28.5372
75.900	-31.6836	-3.1745	-28.5091
75.925	-31.6500	-3.1692	-28.4808
75.950	-31.6163	-3.1638	-28.4524
75.975	-31.5825	-3.1585	-28.4240
76.000	-31.5486	-3.1532	-28.3954
76.025	-31.5147	-3.1478	-28.3669
76.050	-31.4808	-3.1425	-28.3383
76.075	-31.4468	-3.1371	-28.3097
76.100	-31.4128	-3.1317	-28.2811
76.125	-31.3789	-3.1263	-28.2526
76.150	-31.3450	-3.1209	-28.2241
76.175	-31.3112	-3.1155	-28.1957
76.200	-31.2775	-3.1101	-28.1674
76.225	-31.2439	-3.1046	-28.1392
76.250	-31.2103	-3.0992	-28.1111
76.275	-31.1768	-3.0938	-28.0831
76.300	-31.1434	-3.0883	-28.0551
76.325	-31.1101	-3.0828	-28.0272
76.350	-31.0768	-3.0774	-27.9994
76.375	-31.0436	-3.0719	-27.9717
76.400	-31.0105	-3.0664	-27.9441
76.425	-30.9774	-3.0609	-27.9166
76.450	-30.9445	-3.0554	-27.8891
76.475	-30.9116	-3.0499	-27.8617
76.500	-30.8787	-3.0444	-27.8344
76.525	-30.8459	-3.0388	-27.8071
76.550	-30.8132	-3.0333	-27.7799
76.575	-30.7804	-3.0278	-27.7527
76.600	-30.7477	-3.0222	-27.7255
76.625	-30.7150	-3.0167	-27.6984
76.650	-30.6823	-3.0111	-27.6712
76.675	-30.6496	-3.0056	-27.6440
76.700	-30.6168	-3.0000	-27.6168
76.725	-30.5840	-2.9944	-27.5895
76.750	-30.5510	-2.9888	-27.5622
76.775	-30.5181	-2.9833	-27.5348
76.800	-30.4850	-2.9777	-27.5073
76.825	-30.4518	-2.9721	-27.4797
76.850	-30.4185	-2.9665	-27.4520
76.875	-30.3851	-2.9609	-27.4241
76.900	-30.3515	-2.9553	-27.3962
76.925	-30.3179	-2.9497	-27.3681
76.950	-30.2841	-2.9441	-27.3400
76.975	-30.2502	-2.9385	-27.3117
77.000	-30.2163	-2.9329	-27.2833
77.025	-30.1822	-2.9273	-27.2549
77.050	-30.1481	-2.9217	-27.2264
77.075	-30.1139	-2.9161	-27.1978
77.100	-30.0796	-2.9105	-27.1692
77.125	-30.0453	-2.9049	-27.1404
77.150	-30.0108	-2.8992	-27.1116
77.175	-29.9763	-2.8936	-27.0826
77.200	-29.9416	-2.8880	-27.0537
77.225	-29.9070	-2.8824	-27.0246
77.250	-29.8722	-2.8767	-26.9955
77.275	-29.8373	-2.8711	-26.9662
77.300	-29.8024	-2.8655	-26.9369
77.325	-29.7674	-2.8598	-26.9075
77.350	-29.7322	-2.8542	-26.8780
77.375	-29.6970	-2.8486	-26.8485
77.400	-29.6617	-2.8429	-26.8188
77.425	-29.6264	-2.8373	-26.7891
77.450	-29.5909	-2.8316	-26.7593
77.475	-29.5555	-2.8260	-26.7295
77.500	-29.5200	-2.8203	-26.6997
77.525	-29.4846	-2.8146	-26.6700
77.550	-29.4493	-2.8089	-26.6404
77.575	-29.4140	-2.8032	-26.6108
77.600	-29.3787	-2.7974	-26.5813
77.625	-29.3434	-2.7917	-26.5517
77.650	-29.3081	-2.7859	-26.5222
77.675	-29.2728	-2.7802	-26.4926
77.700	-29.2374	-2.7744	-26.4630
77.725	-29.2020	-2.7686	-26.4333
77.750	-29.1665	-2.7629	-26.4037
77.775	-29.1310	-2.7571	-26.3739
77.800	-29.0955	-2.7513	-26.3441
77.825	-29.0599	-2.7456	-26.3143
77.850	-29.0242	-2.7398	-26.2844
77.875	-28.9884	-2.7340	-26.2544
77.900	-28.9526	-2.7282	-26.2243
77.925	-28.9167	-2.7225	-26.1942
77.950	-28.8807	-2.7167	-26.1640
77.975	-28.8446	-2.7109	-26.1337
78.000	-28.8085	-2.7052	-26.1034
78.025	-28.7724	-2.6994	-26.0729
78.050	-28.7361	-2.6937	-26.0424
78.075	-28.6998	-2.6879	-26.0119
78.100	-28.6634	-2.6822	-25.9813
78.125	-28.6270	-2.6764	-25.9506
78.150	-28.5906	-2.6707	-25.9199
78.175	-28.5540	-2.6650	-25.8891
78.200	-28.5175	-2.6593	-25.8582
78.225	-28.4808	-2.6536	-25.8272
78.250	-28.4441	-2.6479	-25.7962
78.275	-28.4072	-2.6422	-25.7651
78.300	-28.3704	-2.6365	-25.7339
78.325	-28.3334	-2.6308	-25.7026
78.350	-28.2964	-2.6251	-25.6713
78.375	-28.2593	-2.6194	-25.6399
78.400	-28.2223	-2.6138	-25.6085
78.425	-28.1852	-2.6081	-25.5771
78.450	-28.1481	-2.6025	-25.5457
78.475	-28.1111	-2.5968	-25.5143
78.500	-28.0741	-2.5912	-25.4829
78.525	-28.0372	-2.5856	-25.4516
78.550	-28.0003	-2.5799	-25.4204
78.575	-27.9636	-2.5743	-25.3893
78.600	-27.9270	-2.5687	-25.3583
78.625	-27.8906	-2.5631	-25.3274
78.650	-27.8543	-2.5575	-25.2967
78.675	-27.8182	-2.5520	-25.2662
78.700	-27.7824	-2.5464	-25.2360
78.725	-27.7468	-2.5408	-25.2059
78.750	-27.7115	-2.5353	-25.1762
78.775	-27.6765	-2.5297	-25.1467
78.800	-27.6417	-2.5242	-25.1175
78.825	-27.6072	-2.5187	-25.0885
78.850	-27.5729	-2.5132	-25.0597
78.875	-27.5387	-2.5077	-25.0310
78.900	-27.5047	-2.5022	-25.0025
78.925	-27.4709	-2.4967	-24.9742
78.950	-27.4373	-2.4912	-24.9461
78.975	-27.4040	-2.4858	-24.9182
79.000	-27.3709	-2.4803	-24.8906
79.025	-27.3382	-2.4749	-24.8633
79.050	-27.3057	-2.4695	-24.8363
79.075	-27.2736	-2.4641	-24.8095
79.100	-27.2416	-2.4587	-24.7829
79.125	-27.2098	-2.4533	-24.7565
79.150	-27.1781	-2.4480	-24.7301
79.175	-27.1465	-2.4426	-24.7039
79.200	-27.1151	-2.4373	-24.6778
79.225	-27.0836	-2.4320	-24.6517
79.250	-27.0523	-2.4267	-24.6256
79.275	-27.0210	-2.4214	-24.5996
79.300	-26.9897	-2.4162	-24.5735
79.325	-26.9585	-2.4110	-24.5475
79.350	-26.9272	-2.4058	-24.5214
79.375	-26.8959	-2.4006	-24.4953
79.400	-26.8646	-2.3954	-24.4691
79.425	-26.8332	-2.3903	-24.4429
79.450	-26.8018	-2.3852	-24.4165
79.475	-26.7703	-2.3802	-24.3901
79.500	-26.7387	-2.3752	-24.3635
79.525	-26.7070	-2.3702	-24.3368
79.550	-26.6752	-2.3652	-24.3100
79.575	-26.6433	-2.3603	-24.2831
79.600	-26.6113	-2.3554	-24.2559
79.625	-26.5792	-2.3505	-24.2287
79.650	-26.5469	-2.3457	-24.2012
79.675	-26.5145	-2.3409	-24.1736
79.700	-26.4820	-2.3361	-24.1459
79.725	-26.4494	-2.3313	-24.1180
79.750	-26.4167	-2.3266	-24.0901
79.775	-26.3841	-2.3219	-24.0622
79.800	-26.3515	-2.3172	-24.0342
79.825	-26.3189	-2.3126	-24.0063
79.850	-26.2863	-2.3079	-23.9784
79.875	-26.2537	-2.3033	-23.9505
79.900	-26.2212	-2.2986	-23.9226
79.925	-26.1888	-2.2940	-23.8948
79.950	-26.1564	-2.2894	-23.8669
79.975	-26.1240	-2.2848	-23.8392
80.000	-26.0917	-2.2803	-23.8114
80.025	-26.0595	-2.2757	-23.7838
80.050	-26.0274	-2.2712	-23.7562
80.075	-25.9954	-2.2667	-23.7287
80.100	-25.9636	-2.2622	-23.7014
80.125	-25.9320	-2.2577	-23.6743
80.150	-25.9006	-2.2532	-23.6474
80.175	-25.8693	-2.2487	-23.6206
80.200	-25.8383	-2.2443	-23.5940
80.225	-25.8075	-2.2398	-23.5677
80.250	-25.7768	-2.2354	-23.5414
80.275	-25.7463	-2.2310	-23.5153
80.300	-25.7159	-2.2267	-23.4892
80.325	-25.6855	-2.2223	-23.4632
80.350	-25.6552	-2.2179	-23.4373
80.375	-25.6251	-2.2136	-23.4115
80.400	-25.5950	-2.2093	-23.3858
80.425	-25.5652	-2.2050	-23.3602
80.450	-25.5354	-2.2007	-23.3348
80.475	-25.5058	-2.1964	-23.3094
80.500	-25.4763	-2.1922	-23.2841
80.525	-25.4468	-2.1879	-23.2589
80.550	-25.4174	-2.1837	-23.2337
80.575	-25.3880	-2.1795	-23.2085
80.600	-25.3586	-2.1753	-23.1833
80.625	-25.3292	-2.1711	-23.1581
80.650	-25.2998	-2.1670	-23.1328
80.675	-25.2705	-2.1628	-23.1076
80.700	-25.2411	-2.1587	-23.0824
80.725	-25.2117	-2.1546	-23.0571
80.750	-25.1823	-2.1505	-23.0318
80.775	-25.1530	-2.1465	-23.0065
80.800	-25.1236	-2.1424	-22.9812
80.825	-25.0943	-2.1384	-22.9559
80.850	-25.0651	-2.1344	-22.9307
80.875	-25.0359	-2.1304	-22.9055
80.900	-25.0069	-2.1264	-22.8805
80.925	-24.9779	-2.1224	-22.8555
80.950	-24.9490	-2.1185	-22.8305
80.975	-24.9203	-2.1146	-22.8057
81.000	-24.8916	-2.1107	-22.7810
81.025	-24.8631	-2.1068	-22.7563
81.050	-24.8346	-2.1029	-22.7317
81.075	-24.8062	-2.0991	-22.7071
81.100	-24.7779	-2.0952	-22.6827
81.125	-24.7497	-2.0914	-22.6582
81.150	-24.7215	-2.0876	-22.6339
81.175	-24.6934	-2.0839	-22.6096
81.200	-24.6655	-2.0801	-22.5853
81.225	-24.6376	-2.0764	-22.5612
81.250	-24.6099	-2.0727	-22.5372
81.275	-24.5824	-2.0690	-22.5134
81.300	-24.5550	-2.0653	-22.4896
81.325	-24.5277	-2.0617	-22.4660
81.350	-24.5005	-2.0580	-22.4425
81.375	-24.4734	-2.0544	-22.4190
81.400	-24.4464	-2.0508	-22.3956
81.425	-24.4195	-2.0473	-22.3722
81.450	-24.3926	-2.0437	-22.3489
81.475	-24.3658	-2.0402	-22.3256
81.500	-24.3390	-2.0367	-22.3023
81.525	-24.3122	-2.0332	-22.2790
81.550	-24.2854	-2.0298	-22.2557
81.575	-24.2587	-2.0263	-22.2324
81.600	-24.2320	-2.0229	-22.2091
81.625	-24.2053	-2.0195	-22.1858
81.650	-24.1787	-2.0162	-22.1625
81.675	-24.1521	-2.0128	-22.1393
81.700	-24.1256	-2.0095	-22.1161
81.725	-24.0992	-2.0062	-22.0930
81.750	-24.0729	-2.0029	-22.0700
81.775	-24.0467	-1.9997	-22.0471
81.800	-24.0205	-1.9964	-22.0241
81.825	-23.9943	-1.9932	-22.0011
81.850	-23.9681	-1.9900	-21.9780
81.875	-23.9418	-1.9869	-21.9550
81.900	-23.9156	-1.9837	-21.9318
81.925	-23.8893	-1.9806	-21.9087
81.950	-23.8630	-1.9775	-21.8855
81.975	-23.8368	-1.9744	-21.8623
82.000	-23.8105	-1.9714	-21.8391
82.025	-23.7842	-1.9684	-21.8158
82.050	-23.7579	-1.9654	-21.7925
82.075	-23.7316	-1.9624	-21.7692
82.100	-23.7053	-1.9594	-21.7459
82.125	-23.6790	-1.9565	-21.7225
82.150	-23.6528	-1.9536	-21.6992
82.175	-23.6267	-1.9507	-21.6760
82.200	-23.6007	-1.9478	-21.6528
82.225	-23.5748	-1.9450	-21.6298
82.250	-23.5492	-1.9422	-21.6071
82.275	-23.5239	-1.9394	-21.5846
82.300	-23.4989	-1.9366	-21.5623
82.325	-23.4741	-1.9338	-21.5402
82.350	-23.4495	-1.9311	-21.5184
82.375	-23.4251	-1.9284	-21.4967
82.400	-23.4009	-1.9257	-21.4751
82.425	-23.3768	-1.9231	-21.4538
82.450	-23.3531	-1.9204	-21.4326
82.475	-23.3295	-1.9178	-21.4117
82.500	-23.3061	-1.9152	-21.3909
82.525	-23.2829	-1.9126	-21.3702
82.550	-23.2599	-1.9101	-21.3498
82.575	-23.2371	-1.9076	-21.3295
82.600	-23.2145	-1.9050	-21.3095
82.625	-23.1923	-1.9026	-21.2897
82.650	-23.1703	-1.9001	-21.2702
82.675	-23.1486	-1.8977	-21.2509
82.700	-23.1270	-1.8952	-21.2318
82.725	-23.1055	-1.8928	-21.2127
82.750	-23.0841	-1.8905	-21.1936
82.775	-23.0626	-1.8881	-21.1745
82.800	-23.0411	-1.8858	-21.1553
82.825	-23.0196	-1.8835	-21.1361
82.850	-22.9981	-1.8812	-21.1169
82.875	-22.9766	-1.8789	-21.0977
82.900	-22.9551	-1.8767	-21.0784
82.925	-22.9337	-1.8745	-21.0592
82.950	-22.9122	-1.8723	-21.0399
82.975	-22.8908	-1.8701	-21.0206
83.000	-22.8693	-1.8680	-21.0013
83.025	-22.8477	-1.8659	-20.9818
83.050	-22.8261	-1.8638	-20.9623
83.075	-22.8043	-1.8617	-20.9426
83.100	-22.7825	-1.8596	-20.9229
83.125	-22.7606	-1.8576	-20.9030
83.150	-22.7386	-1.8556	-20.8830
83.175	-22.7166	-1.8536	-20.8630
83.200	-22.6945	-1.8516	-20.8429
83.225	-22.6724	-1.8497	-20.8227
83.250	-22.6501	-1.8478	-20.8023
83.275	-22.6278	-1.8459	-20.7819
83.300	-22.6053	-1.8440	-20.7613
83.325	-22.5827	-1.8422	-20.7405
83.350	-22.5599	-1.8403	-20.7196
83.375	-22.5370	-1.8385	-20.6985
83.400	-22.5139	-1.8367	-20.6772
83.425	-22.4907	-1.8350	-20.6557
83.450	-22.4674	-1.8332	-20.6341
83.475	-22.4440	-1.8315	-20.6124
83.500	-22.4205	-1.8298	-20.5907
83.525	-22.3971	-1.8282	-20.5690
83.550	-22.3738	-1.8265	-20.5472
83.575	-22.3504	-1.8249	-20.5255
83.600	-22.3268	-1.8233	-20.5035
83.625	-22.3032	-1.8217	-20.4815
83.650	-22.2794	-1.8202	-20.4592
83.675	-22.2554	-1.8186	-20.4368
83.700	-22.2313	-1.8171	-20.4142
83.725	-22.2069	-1.8156	-20.3912
83.750	-22.1821	-1.8142	-20.3680
83.775	-22.1570	-1.8127	-20.3442
83.800	-22.1314	-1.8113	-20.3200
83.825	-22.1053	-1.8099	-20.2954
83.850	-22.0788	-1.8086	-20.2702
83.875	-22.0519	-1.8072	-20.2446
83.900	-22.0246	-1.8059	-20.2187
83.925	-21.9971	-1.8046	-20.1924
83.950	-21.9693	-1.8034	-20.1660
83.975	-21.9415	-1.8021	-20.1394
84.000	-21.9136	-1.8009	-20.1127
84.025	-21.8857	-1.7997	-20.0860
84.050	-21.8577	-1.7986	-20.0591
84.075	-21.8296	-1.7974	-20.0321
84.100	-21.8013	-1.7963	-20.0050
84.125	-21.7729	-1.7952	-19.9777
84.150	-21.7444	-1.7942	-19.9503
84.175	-21.7158	-1.7931	-19.9227
84.200	-21.6872	-1.7921	-19.8951
84.225	-21.6585	-1.7911	-19.8673
84.250	-21.6297	-1.7902	-19.8396
84.275	-21.6010	-1.7892	-19.8118
84.300	-21.5723	-1.7883	-19.7840
84.325	-21.5437	-1.7874	-19.7563
84.350	-21.5152	-1.7865	-19.7286
84.375	-21.4868	-1.7857	-19.7011
84.400	-21.4585	-1.7849	-19.6736
84.425	-21.4303	-1.7841	-19.6462
84.450	-21.4023	-1.7833	-19.6190
84.475	-21.3746	-1.7826	-19.5920
84.500	-21.3472	-1.7819	-19.5653
84.525	-21.3202	-1.7812	-19.5390
84.550	-21.2937	-1.7805	-19.5132
84.575	-21.2677	-1.7799	-19.4878
84.600	-21.2420	-1.7792	-19.4628
84.625	-21.2168	-1.7786	-19.4382
84.650	-21.1918	-1.7781	-19.4137
84.675	-21.1670	-1.7775	-19.3895
84.700	-21.1425	-1.7770	-19.3655
84.725	-21.1181	-1.7765	-19.3416
84.750	-21.0939	-1.7760	-19.3179
84.775	-21.0699	-1.7755	-19.2944
84.800	-21.0462	-1.7751	-19.2711
84.825	-21.0228	-1.7747	-19.2481
84.850	-20.9997	-1.7743	-19.2254
84.875	-20.9769	-1.7739	-19.2030
84.900	-20.9545	-1.7736	-19.1809
84.925	-20.9325	-1.7733	-19.1592
84.950	-20.9108	-1.7730	-19.1379
84.975	-20.8896	-1.7727	-19.1169
85.000	-20.8689	-1.7724	-19.0965
85.025	-20.8487	-1.7722	-19.0765
85.050	-20.8290	-1.7720	-19.0570
85.075	-20.8099	-1.7718	-19.0381
85.100	-20.7912	-1.7716	-19.0196
85.125	-20.7731	-1.7715	-19.0015
85.150	-20.7553	-1.7714	-18.9839
85.175	-20.7380	-1.7713	-18.9667
85.200	-20.7212	-1.7712	-18.9500
85.225	-20.7048	-1.7712	-18.9336
85.250	-20.6889	-1.7711	-18.9177
85.275	-20.6735	-1.7711	-18.9024
85.300	-20.6588	-1.7712	-18.8876
85.325	-20.6447	-1.7712	-18.8735
85.350	-20.6314	-1.7713	-18.8601
85.375	-20.6187	-1.7713	-18.8474
85.400	-20.6066	-1.7714	-18.8352
85.425	-20.5951	-1.7716	-18.8235
85.450	-20.5839	-1.7717	-18.8122
85.475	-20.5731	-1.7719	-18.8012
85.500	-20.5625	-1.7721	-18.7904
85.525	-20.5520	-1.7723	-18.7797
85.550	-20.5417	-1.7725	-18.7692
85.575	-20.5316	-1.7727	-18.7589
85.600	-20.5217	-1.7730	-18.7487
85.625	-20.5120	-1.7733	-18.7387
85.650	-20.5025	-1.7736	-18.7289
85.675	-20.4932	-1.7739	-18.7193
85.700	-20.4840	-1.7743	-18.7098
85.725	-20.4750	-1.7747	-18.7003
85.750	-20.4660	-1.7750	-18.6909
85.775	-20.4570	-1.7755	-18.6816
85.800	-20.4480	-1.7759	-18.6721
85.825	-20.4390	-1.7763	-18.6627
85.850	-20.4300	-1.7768	-18.6532
85.875	-20.4211	-1.7773	-18.6438
85.900	-20.4121	-1.7778	-18.6343
85.925	-20.4032	-1.7783	-18.6249
85.950	-20.3945	-1.7789	-18.6156
85.975	-20.3858	-1.7794	-18.6064
86.000	-20.3774	-1.7800	-18.5974
86.025	-20.3691	-1.7806	-18.5886
86.050	-20.3611	-1.7812	-18.5799
86.075	-20.3534	-1.7818	-18.5715
86.100	-20.3458	-1.7825	-18.5633
86.125	-20.3385	-1.7831	-18.5553
86.150	-20.3313	-1.7838	-18.5475
86.175	-20.3244	-1.7845	-18.5399
86.200	-20.3176	-1.7852	-18.5324
86.225	-20.3112	-1.7859	-18.5252
86.250	-20.3050	-1.7867	-18.5183
86.275	-20.2991	-1.7874	-18.5117
86.300	-20.2936	-1.7882	-18.5055
86.325	-20.2885	-1.7889	-18.4995
86.350	-20.2836	-1.7897	-18.4939
86.375	-20.2791	-1.7905	-18.4886
86.400	-20.2748	-1.7913	-18.4835
86.425	-20.2708	-1.7920	-18.4787
86.450	-20.2670	-1.7928	-18.4742
86.475	-20.2636	-1.7936	-18.4700
86.500	-20.2604	-1.7943	-18.4661
86.525	-20.2576	-1.7951	-18.4624
86.550	-20.2550	-1.7959	-18.4591
86.575	-20.2527	-1.7966	-18.4561
86.600	-20.2507	-1.7973	-18.4533
86.625	-20.2490	-1.7981	-18.4509
86.650	-20.2475	-1.7988	-18.4487
86.675	-20.2464	-1.7995	-18.4468
86.700	-20.2455	-1.8002	-18.4453
86.725	-20.2449	-1.8009	-18.4440
86.750	-20.2447	-1.8016	-18.4431
86.775	-20.2448	-1.8023	-18.4426
86.800	-20.2453	-1.8029	-18.4424
86.825	-20.2462	-1.8036	-18.4426
86.850	-20.2474	-1.8042	-18.4431
86.875	-20.2489	-1.8049	-18.4440
86.900	-20.2506	-1.8055	-18.4451
86.925	-20.2526	-1.8061	-18.4465
86.950	-20.2548	-1.8067	-18.4481
86.975	-20.2570	-1.8073	-18.4498
87.000	-20.2594	-1.8078	-18.4515
87.025	-20.2617	-1.8083	-18.4533
87.050	-20.2640	-1.8088	-18.4551
87.075	-20.2662	-1.8093	-18.4569
87.100	-20.2684	-1.8098	-18.4586
87.125	-20.2706	-1.8103	-18.4603
87.150	-20.2727	-1.8107	-18.4620
87.175	-20.2747	-1.8111	-18.4636
87.200	-20.2768	-1.8116	-18.4652
87.225	-20.2787	-1.8120	-18.4667
87.250	-20.2807	-1.8125	-18.4683
87.275	-20.2827	-1.8129	-18.4698
87.300	-20.2846	-1.8133	-18.4713
87.325	-20.2866	-1.8138	-18.4728
87.350	-20.2885	-1.8142	-18.4743
87.375	-20.2904	-1.8146	-18.4758
87.400	-20.2924	-1.8151	-18.4773
87.425	-20.2943	-1.8155	-18.4788
87.450	-20.2962	-1.8160	-18.4802
87.475	-20.2981	-1.8164	-18.4816
87.500	-20.2999	-1.8169	-18.4830
87.525	-20.3018	-1.8174	-18.4844
87.550	-20.3036	-1.8178	-18.4857
87.575	-20.3053	-1.8183	-18.4870
87.600	-20.3070	-1.8188	-18.4882
87.625	-20.3086	-1.8193	-18.4894
87.650	-20.3102	-1.8198	-18.4904
87.675	-20.3117	-1.8203	-18.4914
87.700	-20.3131	-1.8208	-18.4924
87.725	-20.3145	-1.8213	-18.4932
87.750	-20.3159	-1.8218	-18.4941
87.775	-20.3172	-1.8223	-18.4949
87.800	-20.3186	-1.8228	-18.4957
87.825	-20.3200	-1.8234	-18.4966
87.850	-20.3214	-1.8239	-18.4975
87.875	-20.3229	-1.8244	-18.4985
87.900	-20.3245	-1.8250	-18.4995
87.925	-20.3262	-1.8255	-18.5006
87.950	-20.3279	-1.8261	-18.5018
87.975	-20.3297	-1.8267	-18.5030
88.000	-20.3315	-1.8273	-18.5043
88.025	-20.3334	-1.8278	-18.5056
88.050	-20.3354	-1.8284	-18.5070
88.075	-20.3376	-1.8290	-18.5085
88.100	-20.3398	-1.8296	-18.5102
88.125	-20.3423	-1.8302	-18.5121
88.150	-20.3450	-1.8309	-18.5141
88.175	-20.3479	-1.8315	-18.5164
88.200	-20.3511	-1.8321	-18.5190
88.225	-20.3545	-1.8328	-18.5217
88.250	-20.3582	-1.8335	-18.5247
88.275	-20.3621	-1.8342	-18.5279
88.300	-20.3663	-1.8349	-18.5315
88.325	-20.3709	-1.8356	-18.5353
88.350	-20.3758	-1.8364	-18.5394
88.375	-20.3810	-1.8371	-18.5439
88.400	-20.3866	-1.8379	-18.5487
88.425	-20.3926	-1.8388	-18.5539
88.450	-20.3990	-1.8397	-18.5593
88.475	-20.4057	-1.8406	-18.5651
88.500	-20.4127	-1.8415	-18.5712
88.525	-20.4200	-1.8425	-18.5775
88.550	-20.4277	-1.8435	-18.5842
88.575	-20.4357	-1.8446	-18.5911
88.600	-20.4440	-1.8457	-18.5983
88.625	-20.4525	-1.8469	-18.6056
88.650	-20.4612	-1.8481	-18.6131
88.675	-20.4700	-1.8494	-18.6206
88.700	-20.4789	-1.8507	-18.6282
88.725	-20.4879	-1.8520	-18.6358
88.750	-20.4969	-1.8534	-18.6435
88.775	-20.5061	-1.8549	-18.6512
88.800	-20.5153	-1.8563	-18.6589
88.825	-20.5245	-1.8579	-18.6666
88.850	-20.5336	-1.8594	-18.6741
88.875	-20.5426	-1.8610	-18.6816
88.900	-20.5516	-1.8627	-18.6888
88.925	-20.5604	-1.8644	-18.6960
88.950	-20.5692	-1.8662	-18.7030
88.975	-20.5780	-1.8680	-18.7100
89.000	-20.5867	-1.8698	-18.7170
89.025	-20.5955	-1.8717	-18.7238
89.050	-20.6042	-1.8736	-18.7307
89.075	-20.6130	-1.8755	-18.7375
89.100	-20.6217	-1.8775	-18.7442
89.125	-20.6305	-1.8795	-18.7510
89.150	-20.6392	-1.8816	-18.7576
89.175	-20.6479	-1.8837	-18.7642
89.200	-20.6565	-1.8858	-18.7708
89.225	-20.6652	-1.8879	-18.7773
89.250	-20.6740	-1.8901	-18.7839
89.275	-20.6828	-1.8922	-18.7906
89.300	-20.6919	-1.8944	-18.7975
89.325	-20.7010	-1.8965	-18.8045
89.350	-20.7104	-1.8987	-18.8117
89.375	-20.7199	-1.9008	-18.8191
89.400	-20.7295	-1.9030	-18.8265
89.425	-20.7390	-1.9051	-18.8339
89.450	-20.7486	-1.9073	-18.8413
89.475	-20.7581	-1.9094	-18.8486
89.500	-20.7675	-1.9116	-18.8559
89.525	-20.7768	-1.9137	-18.8631
89.550	-20.7861	-1.9159	-18.8702
89.575	-20.7953	-1.9180	-18.8773
89.600	-20.8046	-1.9202	-18.8844
89.625	-20.8138	-1.9223	-18.8915
89.650	-20.8231	-1.9245	-18.8986
89.675	-20.8324	-1.9266	-18.9058
89.700	-20.8417	-1.9288	-18.9130
89.725	-20.8510	-1.9309	-18.9201
89.750	-20.8603	-1.9330	-18.9272
89.775	-20.8695	-1.9352	-18.9343
89.800	-20.8787	-1.9373	-18.9414
89.825	-20.8879	-1.9394	-18.9485
89.850	-20.8972	-1.9416	-18.9557
89.875	-20.9066	-1.9437	-18.9629
89.900	-20.9161	-1.9458	-18.9703
89.925	-20.9257	-1.9479	-18.9778
89.950	-20.9355	-1.9500	-18.9855
89.975	-20.9455	-1.9521	-18.9933
90.000	-20.9557	-1.9542	-19.0014
90.025	-20.9661	-1.9564	-19.0097
90.050	-20.9767	-1.9585	-19.0183
90.075	-20.9876	-1.9605	-19.0271
90.100	-20.9988	-1.9626	-19.0362
90.125	-21.0104	-1.9647	-19.0457
90.150	-21.0223	-1.9668	-19.0555
90.175	-21.0345	-1.9689	-19.0656
90.200	-21.0471	-1.9710	-19.0761
90.225	-21.0599	-1.9730	-19.0869
90.250	-21.0732	-1.9751	-19.0980
90.275	-21.0867	-1.9772	-19.1095
90.300	-21.1004	-1.9792	-19.1212
90.325	-21.1144	-1.9813	-19.1331
90.350	-21.1284	-1.9834	-19.1450
90.375	-21.1425	-1.9854	-19.1571
90.400	-21.1567	-1.9875	-19.1692
90.425	-21.1709	-1.9895	-19.1813
90.450	-21.1850	-1.9916	-19.1935
90.475	-21.1992	-1.9936	-19.2056
90.500	-21.2134	-1.9956	-19.2178
90.525	-21.2276	-1.9977	-19.2300
90.550	-21.2418	-1.9997	-19.2421
90.575	-21.2560	-2.0017	-19.2543
90.600	-21.2701	-2.0038	-19.2663
90.625	-21.2840	-2.0058	-19.2782
90.650	-21.2977	-2.0078	-19.2899
90.675	-21.3112	-2.0098	-19.3013
90.700	-21.3244	-2.0118	-19.3126
90.725	-21.3373	-2.0139	-19.3235
90.750	-21.3499	-2.0159	-19.3341
90.775	-21.3621	-2.0179	-19.3442
90.800	-21.3739	-2.0199	-19.3540
90.825	-21.3852	-2.0219	-19.3633
90.850	-21.3960	-2.0239	-19.3721
90.875	-21.4063	-2.0259	-19.3804
90.900	-21.4161	-2.0279	-19.3882
90.925	-21.4257	-2.0299	-19.3958
90.950	-21.4349	-2.0319	-19.4030
90.975	-21.4438	-2.0339	-19.4099
91.000	-21.4526	-2.0359	-19.4167
91.025	-21.4611	-2.0379	-19.4233
91.050	-21.4696	-2.0398	-19.4297
91.075	-21.4779	-2.0418	-19.4361
91.100	-21.4862	-2.0438	-19.4424
91.125	-21.4944	-2.0458	-19.4486
91.150	-21.5025	-2.0477	-19.4548
91.175	-21.5106	-2.0497	-19.4609
91.200	-21.5186	-2.0517	-19.4670
91.225	-21.5267	-2.0536	-19.4730
91.250	-21.5347	-2.0556	-19.4791
91.275	-21.5428	-2.0575	-19.4853
91.300	-21.5509	-2.0595	-19.4915
91.325	-21.5591	-2.0614	-19.4977
91.350	-21.5674	-2.0633	-19.5040
91.375	-21.5757	-2.0653	-19.5105
91.400	-21.5842	-2.0672	-19.5170
91.425	-21.5928	-2.0691	-19.5237
91.450	-21.6016	-2.0710	-19.5305
91.475	-21.6105	-2.0729	-19.5375
91.500	-21.6195	-2.0748	-19.5447
91.525	-21.6288	-2.0767	-19.5521
91.550	-21.6383	-2.0786	-19.5597
91.575	-21.6480	-2.0804	-19.5676
91.600	-21.6580	-2.0823	-19.5757
91.625	-21.6684	-2.0842	-19.5842
91.650	-21.6790	-2.0860	-19.5930
91.675	-21.6899	-2.0878	-19.6021
91.700	-21.7010	-2.0897	-19.6114
91.725	-21.7123	-2.0915	-19.6209
91.750	-21.7238	-2.0933	-19.6305
91.775	-21.7353	-2.0951	-19.6403
91.800	-21.7470	-2.0969	-19.6502
91.825	-21.7588	-2.0986	-19.6602
91.850	-21.7708	-2.1004	-19.6704
91.875	-21.7829	-2.1022	-19.6807
91.900	-21.7951	-2.1039	-19.6911
91.925	-21.8074	-2.1057	-19.7017
91.950	-21.8198	-2.1074	-19.7124
91.975	-21.8323	-2.1091	-19.7232
92.000	-21.8449	-2.1108	-19.7341
92.025	-21.8575	-2.1125	-19.7450
92.050	-21.8701	-2.1142	-19.7559
92.075	-21.8826	-2.1159	-19.7667
92.100	-21.8951	-2.1176	-19.7776
92.125	-21.9075	-2.1192	-19.7883
92.150	-21.9199	-2.1209	-19.7990
92.175	-21.9321	-2.1225	-19.8096
92.200	-21.9443	-2.1241	-19.8202
92.225	-21.9563	-2.1257	-19.8306
92.250	-21.9683	-2.1273	-19.8410
92.275	-21.9803	-2.1289	-19.8514
92.300	-21.9923	-2.1305	-19.8618
92.325	-22.0043	-2.1321	-19.8722
92.350	-22.0163	-2.1336	-19.8827
92.375	-22.0284	-2.1352	-19.8932
92.400	-22.0404	-2.1367	-19.9037
92.425	-22.0524	-2.1382	-19.9141
92.450	-22.0643	-2.1397	-19.9245
92.475	-22.0761	-2.1413	-19.9348
92.500	-22.0878	-2.1427	-19.9450
92.525	-22.0993	-2.1442	-19.9551
92.550	-22.1108	-2.1457	-19.9651
92.575	-22.1222	-2.1472	-19.9750
92.600	-22.1335	-2.1486	-19.9849
92.625	-22.1447	-2.1501	-19.9947
92.650	-22.1559	-2.1515	-20.0044
92.675	-22.1670	-2.1529	-20.0141
92.700	-22.1781	-2.1543	-20.0238
92.725	-22.1891	-2.1557	-20.0334
92.750	-22.2000	-2.1571	-20.0429
92.775	-22.2108	-2.1585	-20.0523
92.800	-22.2213	-2.1598	-20.0615
92.825	-22.2315	-2.1612	-20.0703
92.850	-22.2414	-2.1625	-20.0789
92.875	-22.2510	-2.1639	-20.0872
92.900	-22.2602	-2.1652	-20.0951
92.925	-22.2691	-2.1665	-20.1026
92.950	-22.2777	-2.1678	-20.1099
92.975	-22.2860	-2.1691	-20.1169
93.000	-22.2941	-2.1704	-20.1237
93.025	-22.3018	-2.1717	-20.1301
93.050	-22.3093	-2.1730	-20.1363
93.075	-22.3164	-2.1742	-20.1422
93.100	-22.3232	-2.1755	-20.1477
93.125	-22.3296	-2.1767	-20.1529
93.150	-22.3357	-2.1780	-20.1577
93.175	-22.3414	-2.1792	-20.1622
93.200	-22.3467	-2.1805	-20.1663
93.225	-22.3517	-2.1817	-20.1700
93.250	-22.3563	-2.1829	-20.1734
93.275	-22.3606	-2.1841	-20.1764
93.300	-22.3645	-2.1853	-20.1792
93.325	-22.3681	-2.1865	-20.1815
93.350	-22.3714	-2.1877	-20.1836
93.375	-22.3744	-2.1889	-20.1854
93.400	-22.3771	-2.1901	-20.1870
93.425	-22.3796	-2.1913	-20.1883
93.450	-22.3819	-2.1925	-20.1894
93.475	-22.3839	-2.1937	-20.1903
93.500	-22.3859	-2.1949	-20.1910
93.525	-22.3877	-2.1960	-20.1916
93.550	-22.3894	-2.1972	-20.1922
93.575	-22.3910	-2.1984	-20.1926
93.600	-22.3924	-2.1996	-20.1929
93.625	-22.3937	-2.2007	-20.1930
93.650	-22.3949	-2.2019	-20.1930
93.675	-22.3960	-2.2031	-20.1929
93.700	-22.3969	-2.2042	-20.1927
93.725	-22.3978	-2.2054	-20.1924
93.750	-22.3985	-2.2065	-20.1920
93.775	-22.3992	-2.2077	-20.1915
93.800	-22.3998	-2.2088	-20.1910
93.825	-22.4004	-2.2100	-20.1904
93.850	-22.4009	-2.2111	-20.1897
93.875	-22.4013	-2.2123	-20.1890
93.900	-22.4016	-2.2134	-20.1881
93.925	-22.4017	-2.2146	-20.1872
93.950	-22.4017	-2.2157	-20.1860
93.975	-22.4015	-2.2168	-20.1847
94.000	-22.4012	-2.2180	-20.1833
94.025	-22.4008	-2.2191	-20.1817
94.050	-22.4001	-2.2202	-20.1799
94.075	-22.3994	-2.2213	-20.1780
94.100	-22.3984	-2.2225	-20.1760
94.125	-22.3973	-2.2236	-20.1737
94.150	-22.3960	-2.2247	-20.1714
94.175	-22.3946	-2.2258	-20.1688
94.200	-22.3930	-2.2269	-20.1661
94.225	-22.3912	-2.2280	-20.1632
94.250	-22.3892	-2.2291	-20.1601
94.275	-22.3870	-2.2302	-20.1568
94.300	-22.3846	-2.2313	-20.1533
94.325	-22.3821	-2.2324	-20.1497
94.350	-22.3794	-2.2335	-20.1459
94.375	-22.3766	-2.2346	-20.1420
94.400	-22.3736	-2.2357	-20.1379
94.425	-22.3705	-2.2368	-20.1337
94.450	-22.3672	-2.2379	-20.1293
94.475	-22.3638	-2.2389	-20.1249
94.500	-22.3603	-2.2400	-20.1203
94.525	-22.3567	-2.2411	-20.1156
94.550	-22.3529	-2.2422	-20.1107
94.575	-22.3489	-2.2432	-20.1057
94.600	-22.3448	-2.2443	-20.1005
94.625	-22.3405	-2.2453	-20.0951
94.650	-22.3359	-2.2464	-20.0895
94.675	-22.3311	-2.2475	-20.0836
94.700	-22.3259	-2.2485	-20.0774
94.725	-22.3205	-2.2495	-20.0710
94.750	-22.3148	-2.2506	-20.0642
94.775	-22.3087	-2.2516	-20.0570
94.800	-22.3022	-2.2527	-20.0495
94.825	-22.2953	-2.2537	-20.0416
94.850	-22.2881	-2.2547	-20.0334
94.875	-22.2805	-2.2557	-20.0247
94.900	-22.2723	-2.2568	-20.0156
94.925	-22.2637	-2.2578	-20.0059
94.950	-22.2545	-2.2588	-19.9957
94.975	-22.2447	-2.2598	-19.9849
95.000	-22.2343	-2.2608	-19.9734
95.025	-22.2232	-2.2618	-19.9614
95.050	-22.2115	-2.2628	-19.9487
95.075	-22.1992	-2.2638	-19.9354
95.100	-22.1863	-2.2648	-19.9215
95.125	-22.1729	-2.2658	-19.9071
95.150	-22.1589	-2.2668	-19.8921
95.175	-22.1444	-2.2677	-19.8767
95.200	-22.1295	-2.2687	-19.8607
95.225	-22.1141	-2.2697	-19.8444
95.250	-22.0983	-2.2707	-19.8277
95.275	-22.0822	-2.2716	-19.8106
95.300	-22.0659	-2.2726	-19.7933
95.325	-22.0494	-2.2736	-19.7759
95.350	-22.0329	-2.2745	-19.7584
95.375	-22.0163	-2.2755	-19.7408
95.400	-21.9997	-2.2764	-19.7233
95.425	-21.9831	-2.2774	-19.7057
95.450	-21.9666	-2.2783	-19.6883
95.475	-21.9501	-2.2792	-19.6709
95.500	-21.9337	-2.2802	-19.6535
95.525	-21.9173	-2.2811	-19.6362
95.550	-21.9008	-2.2820	-19.6188
95.575	-21.8842	-2.2829	-19.6013
95.600	-21.8675	-2.2839	-19.5837
95.625	-21.8507	-2.2848	-19.5660
95.650	-21.8338	-2.2857	-19.5481
95.675	-21.8168	-2.2866	-19.5302
95.700	-21.7996	-2.2875	-19.5121
95.725	-21.7824	-2.2884	-19.4940
95.750	-21.7650	-2.2893	-19.4757
95.775	-21.7476	-2.2902	-19.4575
95.800	-21.7302	-2.2911	-19.4392
95.825	-21.7128	-2.2920	-19.4209
95.850	-21.6954	-2.2928	-19.4026
95.875	-21.6780	-2.2937	-19.3842
95.900	-21.6605	-2.2946	-19.3659
95.925	-21.6429	-2.2955	-19.3474
95.950	-21.6252	-2.2963	-19.3289
95.975	-21.6075	-2.2972	-19.3102
96.000	-21.5896	-2.2981	-19.2915
96.025	-21.5717	-2.2989	-19.2727
96.050	-21.5536	-2.2998	-19.2538
96.075	-21.5355	-2.3006	-19.2348
96.100	-21.5172	-2.3015	-19.2157
96.125	-21.4989	-2.3023	-19.1966
96.150	-21.4805	-2.3032	-19.1773
96.175	-21.4619	-2.3040	-19.1579
96.200	-21.4433	-2.3049	-19.1384
96.225	-21.4245	-2.3057	-19.1188
96.250	-21.4057	-2.3065	-19.0992
96.275	-21.3867	-2.3073	-19.0794
96.300	-21.3676	-2.3082	-19.0595
96.325	-21.3485	-2.3090	-19.0395
96.350	-21.3291	-2.3098	-19.0193
96.375	-21.3097	-2.3106	-18.9991
96.400	-21.2902	-2.3114	-18.9787
96.425	-21.2705	-2.3122	-18.9583
96.450	-21.2507	-2.3130	-18.9376
96.475	-21.2307	-2.3138	-18.9169
96.500	-21.2106	-2.3146	-18.8960
96.525	-21.1903	-2.3154	-18.8748
96.550	-21.1698	-2.3162	-18.8535
96.575	-21.1490	-2.3170	-18.8320
96.600	-21.1281	-2.3178	-18.8103
96.625	-21.1068	-2.3186	-18.7882
96.650	-21.0853	-2.3194	-18.7659
96.675	-21.0634	-2.3201	-18.7433
96.700	-21.0413	-2.3209	-18.7204
96.725	-21.0189	-2.3217	-18.6972
96.750	-20.9961	-2.3225	-18.6737
96.775	-20.9732	-2.3232	-18.6499
96.800	-20.9500	-2.3240	-18.6260
96.825	-20.9265	-2.3247	-18.6018
96.850	-20.9029	-2.3255	-18.5774
96.875	-20.8791	-2.3262	-18.5528
96.900	-20.8550	-2.3270	-18.5280
96.925	-20.8306	-2.3277	-18.5029
96.950	-20.8059	-2.3285	-18.4774
96.975	-20.7808	-2.3292	-18.4516
97.000	-20.7553	-2.3300	-18.4254
97.025	-20.7295	-2.3307	-18.3988
97.050	-20.7033	-2.3314	-18.3719
97.075	-20.6767	-2.3321	-18.3446
97.100	-20.6498	-2.3329	-18.3170
97.125	-20.6226	-2.3336	-18.2890
97.150	-20.5951	-2.3343	-18.2608
97.175	-20.5673	-2.3350	-18.2322
97.200	-20.5392	-2.3357	-18.2035
97.225	-20.5109	-2.3364	-18.1745
97.250	-20.4825	-2.3372	-18.1453
97.275	-20.4539	-2.3379	-18.1160
97.300	-20.4251	-2.3386	-18.0865
97.325	-20.3960	-2.3393	-18.0568
97.350	-20.3667	-2.3400	-18.0267
97.375	-20.3371	-2.3406	-17.9964
97.400	-20.3071	-2.3413	-17.9658
97.425	-20.2768	-2.3420	-17.9348
97.450	-20.2462	-2.3427	-17.9035
97.475	-20.2152	-2.3434	-17.8718
97.500	-20.1838	-2.3441	-17.8398
97.525	-20.1522	-2.3447	-17.8074
97.550	-20.1202	-2.3454	-17.7748
97.575	-20.0880	-2.3461	-17.7419
97.600	-20.0555	-2.3467	-17.7087
97.625	-20.0227	-2.3474	-17.6753
97.650	-19.9897	-2.3481	-17.6416
97.675	-19.9563	-2.3487	-17.6076
97.700	-19.9226	-2.3494	-17.5732
97.725	-19.8884	-2.3500	-17.5384
97.750	-19.8540	-2.3507	-17.5033
97.775	-19.8191	-2.3513	-17.4678
97.800	-19.7838	-2.3520	-17.4319
97.825	-19.7482	-2.3526	-17.3956
97.850	-19.7122	-2.3533	-17.3590
97.875	-19.6758	-2.3539	-17.3219
97.900	-19.6390	-2.3545	-17.2845
97.925	-19.6019	-2.3552	-17.2467
97.950	-19.5643	-2.3558	-17.2085
97.975	-19.5263	-2.3564	-17.1699
98.000	-19.4879	-2.3570	-17.1308
98.025	-19.4491	-2.3577	-17.0914
98.050	-19.4098	-2.3583	-17.0516
98.075	-19.3702	-2.3589	-17.0113
98.100	-19.3301	-2.3595	-16.9706
98.125	-19.2897	-2.3601	-16.9296
98.150	-19.2488	-2.3607	-16.8881
98.175	-19.2075	-2.3613	-16.8461
98.200	-19.1657	-2.3619	-16.8038
98.225	-19.1235	-2.3625	-16.7610
98.250	-19.0809	-2.3631	-16.7178
98.275	-19.0379	-2.3637	-16.6742
98.300	-18.9946	-2.3643	-16.6302
98.325	-18.9508	-2.3649	-16.5859
98.350	-18.9066	-2.3655	-16.5411
98.375	-18.8621	-2.3661	-16.4960
98.400	-18.8172	-2.3667	-16.4505
98.425	-18.7719	-2.3673	-16.4047
98.450	-18.7263	-2.3678	-16.3585
98.475	-18.6803	-2.3684	-16.3119
98.500	-18.6340	-2.3690	-16.2650
98.525	-18.5872	-2.3696	-16.2176
98.550	-18.5400	-2.3702	-16.1698
98.575	-18.4923	-2.3707	-16.1216
98.600	-18.4442	-2.3713	-16.0729
98.625	-18.3957	-2.3719	-16.0238
98.650	-18.3466	-2.3724	-15.9742
98.675	-18.2971	-2.3730	-15.9241
98.700	-18.2472	-2.3736	-15.8736
98.725	-18.1967	-2.3741	-15.8226
98.750	-18.1457	-2.3747	-15.7710
98.775	-18.0942	-2.3752	-15.7190
98.800	-18.0423	-2.3758	-15.6665
98.825	-17.9898	-2.3763	-15.6134
98.850	-17.9368	-2.3769	-15.5599
98.875	-17.8833	-2.3774	-15.5059
98.900	-17.8293	-2.3780	-15.4513
98.925	-17.7748	-2.3785	-15.3963
98.950	-17.7198	-2.3791	-15.3407
98.975	-17.6644	-2.3796	-15.2847
99.000	-17.6085	-2.3802	-15.2283
99.025	-17.5522	-2.3807	-15.1715
99.050	-17.4955	-2.3812	-15.1142
99.075	-17.4384	-2.3818	-15.0567
99.100	-17.3811	-2.3823	-14.9988
99.125	-17.3234	-2.3828	-14.9406
99.150	-17.2655	-2.3834	-14.8821
99.175	-17.2073	-2.3839	-14.8234
99.200	-17.1489	-2.3844	-14.7644
99.225	-17.0902	-2.3850	-14.7052
99.250	-17.0312	-2.3855	-14.6457
99.275	-16.9720	-2.3860	-14.5860
99.300	-16.9125	-2.3865	-14.5260
99.325	-16.8528	-2.3871	-14.4657
99.350	-16.7927	-2.3876	-14.4051
99.375	-16.7324	-2.3881	-14.3443
99.400	-16.6717	-2.3886	-14.2831
99.425	-16.6108	-2.3891	-14.2217
99.450	-16.5495	-2.3896	-14.1599
99.475	-16.4879	-2.3902	-14.0978
99.500	-16.4260	-2.3907	-14.0353
99.525	-16.3637	-2.3912	-13.9725
99.550	-16.3010	-2.3917	-13.9093
99.575	-16.2379	-2.3922	-13.8458
99.600	-16.1745	-2.3927	-13.7818
99.625	-16.1106	-2.3932	-13.7174
99.650	-16.0462	-2.3937	-13.6525
99.675	-15.9813	-2.3942	-13.5871
99.700	-15.9160	-2.3947	-13.5213
99.725	-15.8502	-2.3952	-13.4550
99.750	-15.7838	-2.3957	-13.3881
99.775	-15.7169	-2.3962	-13.3207
99.800	-15.6495	-2.3967	-13.2528
99.825	-15.5815	-2.3971	-13.1844
99.850	-15.5131	-2.3976	-13.1155
99.875	-15.4441	-2.3980	-13.0460
99.900	-15.3745	-2.3985	-12.9761
99.925	-15.3045	-2.3989	-12.9056
99.950	-15.2340	-2.3993	-12.8347
99.975	-15.1630	-2.3997	-12.7632
100.000	-15.0915	-2.4001	-12.6913
100.025	-15.0195	-2.4005	-12.6190
100.050	-14.9471	-2.4009	-12.5462
100.075	-14.8743	-2.4013	-12.4730
100.100	-14.8009	-2.4017	-12.3993
100.125	-14.7271	-2.4020	-12.3252
100.150	-14.6529	-2.4023	-12.2506
100.175	-14.5782	-2.4026	-12.1756
100.200	-14.5030	-2.4029	-12.1001
100.225	-14.4273	-2.4032	-12.0242
100.250	-14.3512	-2.4034	-11.9478
100.275	-14.2747	-2.4036	-11.8710
100.300	-14.1977	-2.4038	-11.7938
100.325	-14.1202	-2.4041	-11.7162
100.350	-14.0423	-2.4043	-11.6381
100.375	-13.9640	-2.4045	-11.5596
100.400	-13.8852	-2.4047	-11.4806
100.425	-13.8060	-2.4048	-11.4012
100.450	-13.7263	-2.4050	-11.3213
100.475	-13.6461	-2.4052	-11.2409
100.500	-13.5654	-2.4054	-11.1600
100.525	-13.4841	-2.4055	-11.0786
100.550	-13.4023	-2.4057	-10.9966
100.575	-13.3199	-2.4059	-10.9141
100.600	-13.2370	-2.4060	-10.8310
100.625	-13.1536	-2.4062	-10.7474
100.650	-13.0696	-2.4063	-10.6633
100.675	-12.9852	-2.4065	-10.5787
100.700	-12.9003	-2.4066	-10.4937
100.725	-12.8150	-2.4068	-10.4082
100.750	-12.7291	-2.4069	-10.3222
100.775	-12.6429	-2.4071	-10.2358
100.800	-12.5562	-2.4072	-10.1490
100.825	-12.4691	-2.4074	-10.0617
100.850	-12.3815	-2.4075	-9.9740
100.875	-12.2935	-2.4077	-9.8858
100.900	-12.2051	-2.4079	-9.7972
100.925	-12.1162	-2.4081	-9.7082
100.950	-12.0270	-2.4083	-9.6187
100.975	-11.9373	-2.4084	-9.5288
101.000	-11.8473	-2.4086	-9.4386
101.025	-11.7570	-2.4089	-9.3481
101.050	-11.6664	-2.4091	-9.2573
101.075	-11.5756	-2.4093	-9.1663
101.100	-11.4848	-2.4095	-9.0752
101.125	-11.3938	-2.4098	-8.9840
101.150	-11.3027	-2.4100	-8.8926
101.175	-11.2115	-2.4103	-8.8012
101.200	-11.1202	-2.4106	-8.7096
101.225	-11.0288	-2.4109	-8.6179
101.250	-10.9372	-2.4112	-8.5260
101.275	-10.8456	-2.4115	-8.4340
101.300	-10.7538	-2.4119	-8.3419
101.325	-10.6619	-2.4122	-8.2496
101.350	-10.5699	-2.4126	-8.1573
101.375	-10.4779	-2.4130	-8.0649
101.400	-10.3859	-2.4134	-7.9725
101.425	-10.2940	-2.4139	-7.8801
101.450	-10.2021	-2.4143	-7.7879
101.475	-10.1104	-2.4147	-7.6957
101.500	-10.0187	-2.4151	-7.6037
101.525	-9.9272	-2.4155	-7.5117
101.550	-9.8356	-2.4159	-7.4197
101.575	-9.7440	-2.4163	-7.3276
101.600	-9.6522	-2.4167	-7.2355
101.625	-9.5603	-2.4171	-7.1432
101.650	-9.4682	-2.4175	-7.0507
101.675	-9.3759	-2.4180	-6.9580
101.700	-9.2835	-2.4184	-6.8651
101.725	-9.1909	-2.4188	-6.7721
101.750	-9.0982	-2.4192	-6.6790
101.775	-9.0055	-2.4196	-6.5859
101.800	-8.9127	-2.4200	-6.4927
101.825	-8.8200	-2.4204	-6.3996
101.850	-8.7272	-2.4208	-6.3064
101.875	-8.6344	-2.4212	-6.2132
101.900	-8.5414	-2.4216	-6.1199
101.925	-8.4483	-2.4220	-6.0264
101.950	-8.3551	-2.4224	-5.9327
101.975	-8.2616	-2.4228	-5.8388
102.000	-8.1679	-2.4231	-5.7448
102.025	-8.0740	-2.4235	-5.6505
102.050	-7.9798	-2.4239	-5.5559
102.075	-7.8854	-2.4243	-5.4611
102.100	-7.7908	-2.4247	-5.3661
102.125	-7.6958	-2.4250	-5.2708
102.150	-7.6007	-2.4254	-5.1753
102.175	-7.5055	-2.4258	-5.0797
102.200	-7.4102	-2.4262	-4.9841
102.225	-7.3149	-2.4265	-4.8884
102.250	-7.2197	-2.4269	-4.7928
102.275	-7.1244	-2.4272	-4.6972
102.300	-7.0291	-2.4276	-4.6015
102.325	-6.9336	-2.4279	-4.5056
102.350	-6.8379	-2.4283	-4.4096
102.375	-6.7420	-2.4286	-4.3134
102.400	-6.6459	-2.4290	-4.2169
102.425	-6.5495	-2.4293	-4.1201
102.450	-6.4528	-2.4296	-4.0232
102.475	-6.3559	-2.4300	-3.9260
102.500	-6.2589	-2.4303	-3.8286
102.525	-6.1616	-2.4306	-3.7310
102.550	-6.0642	-2.4310	-3.6332
102.575	-5.9665	-2.4313	-3.5352
102.600	-5.8686	-2.4316	-3.4370
102.625	-5.7705	-2.4319	-3.3386
102.650	-5.6722	-2.4322	-3.2400
102.675	-5.5737	-2.4325	-3.1411
102.700	-5.4748	-2.4328	-3.0420
102.725	-5.3758	-2.4331	-2.9426
102.750	-5.2764	-2.4334	-2.8430
102.775	-5.1768	-2.4337	-2.7431
102.800	-5.0769	-2.4340	-2.6429
102.825	-4.9768	-2.4343	-2.5425
102.850	-4.8764	-2.4346	-2.4418
102.875	-4.7757	-2.4349	-2.3408
102.900	-4.6748	-2.4352	-2.2396
102.925	-4.5736	-2.4354	-2.1382
102.950	-4.4723	-2.4357	-2.0365
102.975	-4.3707	-2.4360	-1.9347
103.000	-4.2689	-2.4363	-1.8326
103.025	-4.1669	-2.4365	-1.7303
103.050	-4.0647	-2.4368	-1.6279
103.075	-3.9624	-2.4371	-1.5253
103.100	-3.8599	-2.4373	-1.4226
103.125	-3.7573	-2.4376	-1.3197
103.150	-3.6546	-2.4378	-1.2167
103.175	-3.5517	-2.4381	-1.1136
103.200	-3.4486	-2.4383	-1.0103
103.225	-3.3454	-2.4386	-0.9069
103.250	-3.2421	-2.4388	-0.8033
103.275	-3.1386	-2.4390	-0.6995
103.300	-3.0349	-2.4393	-0.5956
103.325	-2.9311	-2.4395	-0.4915
103.350	-2.8270	-2.4397	-0.3873
103.375	-2.7229	-2.4400	-0.2829
103.400	-2.6185	-2.4402	-0.1783
103.425	-2.5139	-2.4404	-0.0735
103.450	-2.4092	-2.4406	0.0314
103.475	-2.3043	-2.4409	0.1365
103.500	-2.1993	-2.4411	0.2418
103.525	-2.0940	-2.4413	0.3472
103.550	-1.9887	-2.4415	0.4528
103.575	-1.8832	-2.4417	0.5585
103.600	-1.7775	-2.4419	0.6644
103.625	-1.6717	-2.4421	0.7704
103.650	-1.5657	-2.4423	0.8766
103.675	-1.4595	-2.4424	0.9829
103.700	-1.3533	-2.4426	1.0893
103.725	-1.2469	-2.4427	1.1958
103.750	-1.1403	-2.4428	1.3025
103.775	-1.0337	-2.4429	1.4092
103.800	-0.9270	-2.4430	1.5160
103.825	-0.8201	-2.4431	1.6229
103.850	-0.7132	-2.4431	1.7299
103.875	-0.6062	-2.4432	1.8370
103.900	-0.4990	-2.4432	1.9442
103.925	-0.3916	-2.4432	2.0516
103.950	-0.2842	-2.4432	2.1590
103.975	-0.1766	-2.4432	2.2666
104.000	-0.0689	-2.4431	2.3742
104.025	0.0389	-2.4430	2.4819
104.050	0.1466	-2.4429	2.5896
104.075	0.2544	-2.4429	2.6973
104.100	0.3622	-2.4428	2.8049
104.125	0.4699	-2.4426	2.9126
104.150	0.5777	-2.4425	3.0202
104.175	0.6855	-2.4424	3.1280
104.200	0.7935	-2.4423	3.2358
104.225	0.9016	-2.4421	3.3438
104.250	1.0099	-2.4420	3.4519
104.275	1.1183	-2.4419	3.5602
104.300	1.2270	-2.4417	3.6687
104.325	1.3358	-2.4416	3.7773
104.350	1.4448	-2.4414	3.8862
104.375	1.5540	-2.4412	3.9953
104.400	1.6635	-2.4411	4.1045
104.425	1.7731	-2.4409	4.2140
104.450	1.8830	-2.4407	4.3237
104.475	1.9930	-2.4405	4.4335
104.500	2.1032	-2.4404	4.5436
104.525	2.2136	-2.4402	4.6538
104.550	2.3242	-2.4400	4.7643
104.575	2.4350	-2.4399	4.8749
104.600	2.5459	-2.4397	4.9856
104.625	2.6570	-2.4395	5.0966
104.650	2.7683	-2.4394	5.2077
104.675	2.8797	-2.4392	5.3190
104.700	2.9913	-2.4391	5.4304
104.725	3.1030	-2.4389	5.5420
104.750	3.2149	-2.4388	5.6537
104.775	3.3269	-2.4387	5.7656
104.800	3.4391	-2.4386	5.8776
104.825	3.5513	-2.4384	5.9898
104.850	3.6637	-2.4383	6.1021
104.875	3.7762	-2.4382	6.2144
104.900	3.8888	-2.4382	6.3269
104.925	4.0014	-2.4381	6.4395
104.950	4.1142	-2.4380	6.5522
104.975	4.2270	-2.4380	6.6649
105.000	4.3398	-2.4379	6.7777
105.025	4.4526	-2.4379	6.8905
105.050	4.5654	-2.4379	7.0033
105.075	4.6782	-2.4379	7.1161
105.100	4.7909	-2.4379	7.2289
105.125	4.9036	-2.4379	7.3416
105.150	5.0162	-2.4380	7.4542
105.175	5.1288	-2.4380	7.5668
105.200	5.2413	-2.4380	7.6792
105.225	5.3537	-2.4380	7.7916
105.250	5.4660	-2.4380	7.9039
105.275	5.5782	-2.4380	8.0161
105.300	5.6903	-2.4380	8.1282
105.325	5.8023	-2.4379	8.2402
105.350	5.9142	-2.4379	8.3521
105.375	6.0260	-2.4379	8.4639
105.400	6.1377	-2.4379	8.5756
105.425	6.2494	-2.4378	8.6872
105.450	6.3609	-2.4378	8.7987
105.475	6.4724	-2.4377	8.9101
105.500	6.5838	-2.4377	9.0215
105.525	6.6951	-2.4376	9.1327
105.550	6.8062	-2.4376	9.2438
105.575	6.9173	-2.4375	9.3548
105.600	7.0282	-2.4375	9.4657
105.625	7.1390	-2.4374	9.5764
105.650	7.2497	-2.4373	9.6870
105.675	7.3602	-2.4373	9.7975
105.700	7.4706	-2.4372	9.9078
105.725	7.5809	-2.4371	10.0180
105.750	7.6911	-2.4370	10.1282
105.775	7.8012	-2.4369	10.2382
105.800	7.9112	-2.4369	10.3480
105.825	8.0209	-2.4368	10.4577
105.850	8.1306	-2.4366	10.5672
105.875	8.2400	-2.4365	10.6765
105.900	8.3492	-2.4364	10.7856
105.925	8.4582	-2.4362	10.8944
105.950	8.5670	-2.4360	11.0031
105.975	8.6757	-2.4358	11.1116
106.000	8.7843	-2.4356	11.2199
106.025	8.8927	-2.4354	11.3281
106.050	9.0010	-2.4352	11.4362
106.075	9.1091	-2.4349	11.5440
106.100	9.2171	-2.4347	11.6517
106.125	9.3249	-2.4344	11.7593
106.150	9.4326	-2.4341	11.8666
106.175	9.5402	-2.4337	11.9739
106.200	9.6477	-2.4334	12.0811
106.225	9.7552	-2.4330	12.1882
106.250	9.8626	-2.4327	12.2953
106.275	9.9701	-2.4323	12.4023
106.300	10.0775	-2.4319	12.5094
106.325	10.1849	-2.4315	12.6164
106.350	10.2923	-2.4310	12.7234
106.375	10.3997	-2.4306	12.8304
106.400	10.5071	-2.4302	12.9373
106.425	10.6145	-2.4298	13.0443
106.450	10.7219	-2.4293	13.1512
106.475	10.8293	-2.4289	13.2582
106.500	10.9367	-2.4284	13.3651
106.525	11.0441	-2.4279	13.4720
106.550	11.1514	-2.4275	13.5789
106.575	11.2588	-2.4270	13.6858
106.600	11.3661	-2.4265	13.7926
106.625	11.4734	-2.4260	13.8994
106.650	11.5807	-2.4255	14.0062
106.675	11.6879	-2.4250	14.1129
106.700	11.7950	-2.4245	14.2195
106.725	11.9021	-2.4240	14.3261
106.750	12.0090	-2.4235	14.4325
106.775	12.1158	-2.4230	14.5389
106.800	12.2225	-2.4225	14.6451
106.825	12.3291	-2.4220	14.7511
106.850	12.4355	-2.4215	14.8571
106.875	12.5418	-2.4211	14.9628
106.900	12.6478	-2.4206	15.0684
106.925	12.7537	-2.4201	15.1738
106.950	12.8594	-2.4196	15.2790
106.975	12.9650	-2.4191	15.3841
107.000	13.0704	-2.4186	15.4890
107.025	13.1756	-2.4182	15.5938
107.050	13.2807	-2.4177	15.6984
107.075	13.3856	-2.4172	15.8028
107.100	13.4903	-2.4168	15.9071
107.125	13.5948	-2.4164	16.0111
107.150	13.6990	-2.4159	16.1149
107.175	13.8030	-2.4155	16.2185
107.200	13.9068	-2.4151	16.3219
107.225	14.0103	-2.4147	16.4250
107.250	14.1135	-2.4143	16.5279
107.275	14.2165	-2.4140	16.6305
107.300	14.3192	-2.4136	16.7328
107.325	14.4216	-2.4132	16.8348
107.350	14.5237	-2.4129	16.9366
107.375	14.6255	-2.4125	17.0380
107.400	14.7271	-2.4121	17.1392
107.425	14.8284	-2.4117	17.2401
107.450	14.9294	-2.4113	17.3407
107.475	15.0301	-2.4109	17.4410
107.500	15.1306	-2.4105	17.5411
107.525	15.2308	-2.4101	17.6409
107.550	15.3308	-2.4097	17.7405
107.575	15.4305	-2.4093	17.8398
107.600	15.5300	-2.4088	17.9388
107.625	15.6292	-2.4084	18.0376
107.650	15.7282	-2.4079	18.1361
107.675	15.8270	-2.4075	18.2344
107.700	15.9255	-2.4070	18.3325
107.725	16.0238	-2.4065	18.4303
107.750	16.1219	-2.4059	18.5278
107.775	16.2198	-2.4054	18.6252
107.800	16.3174	-2.4048	18.7222
107.825	16.4148	-2.4043	18.8191
107.850	16.5119	-2.4037	18.9156
107.875	16.6088	-2.4031	19.0119
107.900	16.7055	-2.4024	19.1079
107.925	16.8019	-2.4018	19.2037
107.950	16.8980	-2.4011	19.2992
107.975	16.9940	-2.4004	19.3944
108.000	17.0897	-2.3997	19.4894
108.025	17.1853	-2.3989	19.5842
108.050	17.2806	-2.3982	19.6787
108.075	17.3756	-2.3974	19.7730
108.100	17.4705	-2.3965	19.8671
108.125	17.5652	-2.3957	19.9609
108.150	17.6597	-2.3949	20.0545
108.175	17.7539	-2.3940	20.1479
108.200	17.8479	-2.3931	20.2410
108.225	17.9417	-2.3922	20.3339
108.250	18.0353	-2.3913	20.4266
108.275	18.1286	-2.3904	20.5190
108.300	18.2217	-2.3895	20.6111
108.325	18.3145	-2.3885	20.7030
108.350	18.4071	-2.3875	20.7946
108.375	18.4995	-2.3866	20.8860
108.400	18.5916	-2.3856	20.9772
108.425	18.6836	-2.3846	21.0682
108.450	18.7753	-2.3836	21.1589
108.475	18.8669	-2.3826	21.2495
108.500	18.9583	-2.3815	21.3399
108.525	19.0496	-2.3805	21.4301
108.550	19.1407	-2.3795	21.5202
108.575	19.2317	-2.3784	21.6101
108.600	19.3225	-2.3774	21.6999
108.625	19.4132	-2.3763	21.7895
108.650	19.5037	-2.3752	21.8790
108.675	19.5942	-2.3742	21.9684
108.700	19.6845	-2.3731	22.0576
108.725	19.7747	-2.3720	22.1467
108.750	19.8648	-2.3709	22.2357
108.775	19.9548	-2.3698	22.3246
108.800	20.0446	-2.3687	22.4133
108.825	20.1344	-2.3676	22.5020
108.850	20.2240	-2.3665	22.5904
108.875	20.3134	-2.3654	22.6788
108.900	20.4027	-2.3642	22.7670
108.925	20.4919	-2.3631	22.8550
108.950	20.5810	-2.3619	22.9429
108.975	20.6700	-2.3607	23.0307
109.000	20.7589	-2.3595	23.1184
109.025	20.8478	-2.3583	23.2061
109.050	20.9366	-2.3571	23.2936
109.075	21.0253	-2.3558	23.3811
109.100	21.1140	-2.3545	23.4685
109.125	21.2026	-2.3532	23.5558
109.150	21.2911	-2.3519	23.6429
109.175	21.3794	-2.3505	23.7300
109.200	21.4677	-2.3491	23.8168
109.225	21.5558	-2.3477	23.9035
109.250	21.6438	-2.3462	23.9900
109.275	21.7315	-2.3448	24.0763
109.300	21.8192	-2.3432	24.1624
109.325	21.9066	-2.3417	24.2483
109.350	21.9939	-2.3400	24.3339
109.375	22.0809	-2.3384	24.4193
109.400	22.1678	-2.3367	24.5045
109.425	22.2544	-2.3350	24.5894
109.450	22.3407	-2.3333	24.6740
109.475	22.4268	-2.3315	24.7584
109.500	22.5127	-2.3298	24.8425
109.525	22.5982	-2.3280	24.9262
109.550	22.6835	-2.3261	25.0096
109.575	22.7684	-2.3243	25.0927
109.600	22.8531	-2.3224	25.1754
109.625	22.9373	-2.3205	25.2578
109.650	23.0213	-2.3185	25.3398
109.675	23.1048	-2.3166	25.4214
109.700	23.1880	-2.3146	25.5026
109.725	23.2709	-2.3126	25.5835
109.750	23.3535	-2.3106	25.6640
109.775	23.4357	-2.3085	25.7443
109.800	23.5177	-2.3065	25.8242
109.825	23.5994	-2.3044	25.9038
109.850	23.6808	-2.3023	25.9831
109.875	23.7620	-2.3002	26.0621
109.900	23.8428	-2.2980	26.1408
109.925	23.9234	-2.2959	26.2192
109.950	24.0036	-2.2937	26.2973
109.975	24.0836	-2.2914	26.3750
110.000	24.1632	-2.2892	26.4524
110.025	24.2424	-2.2870	26.5294
110.050	24.3213	-2.2847	26.6060
110.075	24.3999	-2.2824	26.6823
110.100	24.4780	-2.2801	26.7582
110.125	24.5559	-2.2778	26.8337
110.150	24.6335	-2.2755	26.9090
110.175	24.7107	-2.2732	26.9840
110.200	24.7877	-2.2709	27.0587
110.225	24.8644	-2.2686	27.1331
110.250	24.9409	-2.2664	27.2073
110.275	25.0171	-2.2641	27.2812
110.300	25.0931	-2.2618	27.3548
110.325	25.1688	-2.2594	27.4283
110.350	25.2443	-2.2571	27.5014
110.375	25.3196	-2.2548	27.5744
110.400	25.3946	-2.2525	27.6471
110.425	25.4693	-2.2502	27.7195
110.450	25.5438	-2.2479	27.7918
110.475	25.6181	-2.2457	27.8638
110.500	25.6921	-2.2434	27.9355
110.525	25.7659	-2.2412	28.0071
110.550	25.8396	-2.2389	28.0784
110.575	25.9130	-2.2366	28.1495
110.600	25.9862	-2.2343	28.2204
110.625	26.0592	-2.2320	28.2911
110.650	26.1320	-2.2296	28.3616
110.675	26.2046	-2.2273	28.4319
110.700	26.2770	-2.2249	28.5020
110.725	26.3493	-2.2226	28.5719
110.750	26.4214	-2.2202	28.6416
110.775	26.4933	-2.2178	28.7111
110.800	26.5650	-2.2154	28.7804
110.825	26.6365	-2.2130	28.8496
110.850	26.7079	-2.2107	28.9186
110.875	26.7791	-2.2083	28.9874
110.900	26.8502	-2.2059	29.0560
110.925	26.9210	-2.2035	29.1245
110.950	26.9917	-2.2011	29.1928
110.975	27.0621	-2.1987	29.2609
111.000	27.1324	-2.1964	29.3288
111.025	27.2025	-2.1940	29.3965
111.050	27.2724	-2.1916	29.4641
111.075	27.3421	-2.1893	29.5314
111.100	27.4117	-2.1869	29.5986
111.125	27.4811	-2.1845	29.6656
111.150	27.5504	-2.1820	29.7324
111.175	27.6195	-2.1795	29.7990
111.200	27.6884	-2.1771	29.8655
111.225	27.7572	-2.1746	29.9317
111.250	27.8258	-2.1720	29.9978
111.275	27.8942	-2.1695	30.0637
111.300	27.9625	-2.1669	30.1295
111.325	28.0307	-2.1644	30.1951
111.350	28.0987	-2.1618	30.2605
111.375	28.1666	-2.1591	30.3257
111.400	28.2343	-2.1565	30.3908
111.425	28.3018	-2.1538	30.4557
111.450	28.3693	-2.1511	30.5204
111.475	28.4366	-2.1484	30.5850
111.500	28.5037	-2.1457	30.6494
111.525	28.5707	-2.1430	30.7137
111.550	28.6375	-2.1403	30.7778
111.575	28.7041	-2.1375	30.8417
111.600	28.7706	-2.1348	30.9054
111.625	28.8369	-2.1320	30.9689
111.650	28.9031	-2.1292	31.0323
111.675	28.9691	-2.1263	31.0954
111.700	29.0349	-2.1234	31.1583
111.725	29.1005	-2.1205	31.2210
111.750	29.1659	-2.1176	31.2835
111.775	29.2312	-2.1146	31.3458
111.800	29.2963	-2.1116	31.4079
111.825	29.3612	-2.1086	31.4698
111.850	29.4259	-2.1055	31.5314
111.875	29.4904	-2.1024	31.5929
111.900	29.5548	-2.0993	31.6541
111.925	29.6190	-2.0961	31.7151
111.950	29.6830	-2.0929	31.7759
111.975	29.7468	-2.0897	31.8365
112.000	29.8104	-2.0865	31.8969
112.025	29.8739	-2.0832	31.9571
112.050	29.9371	-2.0800	32.0171
112.075	30.0001	-2.0767	32.0768
112.100	30.0629	-2.0734	32.1363
112.125	30.1255	-2.0700	32.1956
112.150	30.1879	-2.0667	32.2546
112.175	30.2501	-2.0634	32.3135
112.200	30.3121	-2.0600	32.3721
112.225	30.3739	-2.0566	32.4306
112.250	30.4356	-2.0533	32.4888
112.275	30.4970	-2.0499	32.5469
112.300	30.5584	-2.0465	32.6048
112.325	30.6195	-2.0431	32.6626
112.350	30.6806	-2.0397	32.7202
112.375	30.7414	-2.0363	32.7777
112.400	30.8022	-2.0329	32.8350
112.425	30.8627	-2.0295	32.8922
112.450	30.9230	-2.0261	32.9491
112.475	30.9832	-2.0227	33.0059
112.500	31.0432	-2.0193	33.0625
112.525	31.1029	-2.0159	33.1189
112.550	31.1625	-2.0125	33.1751
112.575	31.2220	-2.0091	33.2311
112.600	31.2812	-2.0057	33.2869
112.625	31.3403	-2.0022	33.3425
112.650	31.3992	-1.9988	33.3980
112.675	31.4580	-1.9953	33.4533
112.700	31.5167	-1.9918	33.5085
112.725	31.5752	-1.9883	33.5635
112.750	31.6336	-1.9848	33.6184
112.775	31.6919	-1.9813	33.6732
112.800	31.7500	-1.9778	33.7278
112.825	31.8081	-1.9743	33.7824
112.850	31.8660	-1.9707	33.8368
112.875	31.9239	-1.9672	33.8911
112.900	31.9816	-1.9637	33.9453
112.925	32.0392	-1.9601	33.9993
112.950	32.0967	-1.9566	34.0533
112.975	32.1541	-1.9530	34.1072
113.000	32.2114	-1.9495	34.1609
113.025	32.2686	-1.9459	34.2145
113.050	32.3256	-1.9423	34.2679
113.075	32.3826	-1.9387	34.3213
113.100	32.4394	-1.9350	34.3744
113.125	32.4960	-1.9314	34.4274
113.150	32.5524	-1.9277	34.4801
113.175	32.6087	-1.9240	34.5327
113.200	32.6647	-1.9203	34.5849
113.225	32.7204	-1.9165	34.6369
113.250	32.7757	-1.9128	34.6885
113.275	32.8307	-1.9090	34.7397
113.300	32.8853	-1.9052	34.7905
113.325	32.9395	-1.9014	34.8408
113.350	32.9931	-1.8975	34.8907
113.375	33.0463	-1.8937	34.9400
113.400	33.0989	-1.8898	34.9887
113.425	33.1510	-1.8859	35.0369
113.450	33.2025	-1.8820	35.0845
113.475	33.2534	-1.8781	35.1315
113.500	33.3038	-1.8741	35.1779
113.525	33.3535	-1.8702	35.2236
113.550	33.4026	-1.8662	35.2688
113.575	33.4511	-1.8622	35.3132
113.600	33.4989	-1.8582	35.3571
113.625	33.5461	-1.8541	35.4002
113.650	33.5926	-1.8501	35.4427
113.675	33.6385	-1.8460	35.4845
113.700	33.6837	-1.8419	35.5256
113.725	33.7282	-1.8378	35.5660
113.750	33.7720	-1.8336	35.6056
113.775	33.8151	-1.8295	35.6446
113.800	33.8575	-1.8253	35.6828
113.825	33.8992	-1.8211	35.7203
113.850	33.9403	-1.8168	35.7571
113.875	33.9807	-1.8125	35.7932
113.900	34.0204	-1.8082	35.8287
113.925	34.0596	-1.8039	35.8635
113.950	34.0982	-1.7995	35.8976
113.975	34.1362	-1.7950	35.9312
114.000	34.1736	-1.7905	35.9641
114.025	34.2105	-1.7860	35.9965
114.050	34.2468	-1.7815	36.0283
114.075	34.2826	-1.7769	36.0595
114.100	34.3179	-1.7723	36.0902
114.125	34.3527	-1.7676	36.1203
114.150	34.3870	-1.7629	36.1499
114.175	34.4207	-1.7582	36.1789
114.200	34.4540	-1.7534	36.2074
114.225	34.4868	-1.7486	36.2354
114.250	34.5192	-1.7437	36.2629
114.275	34.5511	-1.7388	36.2899
114.300	34.5826	-1.7339	36.3164
114.325	34.6136	-1.7289	36.3425
114.350	34.6443	-1.7239	36.3681
114.375	34.6745	-1.7188	36.3933
114.400	34.7044	-1.7136	36.4180
114.425	34.7339	-1.7084	36.4423
114.450	34.7631	-1.7031	36.4663
114.475	34.7920	-1.6978	36.4898
114.500	34.8207	-1.6924	36.5131
114.525	34.8491	-1.6870	36.5361
114.550	34.8773	-1.6815	36.5588
114.575	34.9054	-1.6760	36.5814
114.600	34.9335	-1.6704	36.6039
114.625	34.9614	-1.6648	36.6262
114.650	34.9893	-1.6590	36.6483
114.675	35.0171	-1.6533	36.6704
114.700	35.0448	-1.6475	36.6923
114.725	35.0725	-1.6416	36.7141
114.750	35.1001	-1.6357	36.7358
114.775	35.1276	-1.6298	36.7574
114.800	35.1550	-1.6238	36.7788
114.825	35.1824	-1.6178	36.8002
114.850	35.2097	-1.6118	36.8215
114.875	35.2370	-1.6057	36.8427
114.900	35.2643	-1.5996	36.8639
114.925	35.2916	-1.5934	36.8851
114.950	35.3190	-1.5872	36.9062
114.975	35.3463	-1.5810	36.9274
115.000	35.3737	-1.5748	36.9486
115.025	35.4012	-1.5686	36.9698
115.050	35.4288	-1.5623	36.9911
115.075	35.4564	-1.5561	37.0125
115.100	35.4842	-1.5498	37.0340
115.125	35.5120	-1.5435	37.0556
115.150	35.5401	-1.5372	37.0773
115.175	35.5682	-1.5309	37.0991
115.200	35.5965	-1.5245	37.1211
115.225	35.6250	-1.5182	37.1431
115.250	35.6535	-1.5118	37.1653
115.275	35.6823	-1.5054	37.1877
115.300	35.7111	-1.4990	37.2101
115.325	35.7401	-1.4926	37.2327
115.350	35.7692	-1.4862	37.2554
115.375	35.7985	-1.4797	37.2782
115.400	35.8278	-1.4733	37.3011
115.425	35.8573	-1.4669	37.3241
115.450	35.8868	-1.4604	37.3472
115.475	35.9163	-1.4540	37.3703
115.500	35.9460	-1.4476	37.3935
115.525	35.9756	-1.4412	37.4168
115.550	36.0053	-1.4348	37.4401
115.575	36.0350	-1.4284	37.4634
115.600	36.0647	-1.4220	37.4867
115.625	36.0943	-1.4156	37.5100
115.650	36.1239	-1.4093	37.5332
115.675	36.1534	-1.4029	37.5563
115.700	36.1827	-1.3966	37.5793
115.725	36.2119	-1.3902	37.6021
115.750	36.2410	-1.3839	37.6249
115.775	36.2698	-1.3776	37.6474
115.800	36.2985	-1.3712	37.6698
115.825	36.3270	-1.3649	37.6919
115.850	36.3553	-1.3586	37.7139
115.875	36.3833	-1.3523	37.7356
115.900	36.4112	-1.3459	37.7571
115.925	36.4388	-1.3396	37.7783
115.950	36.4662	-1.3332	37.7994
115.975	36.4935	-1.3268	37.8203
116.000	36.5206	-1.3204	37.8410
116.025	36.5476	-1.3140	37.8616
116.050	36.5744	-1.3076	37.8820
116.075	36.6012	-1.3012	37.9024
116.100	36.6279	-1.2948	37.9227
116.125	36.6546	-1.2883	37.9429
116.150	36.6813	-1.2818	37.9631
116.175	36.7080	-1.2753	37.9833
116.200	36.7347	-1.2687	38.0034
116.225	36.7615	-1.2621	38.0236
116.250	36.7883	-1.2555	38.0438
116.275	36.8151	-1.2488	38.0639
116.300	36.8419	-1.2421	38.0841
116.325	36.8688	-1.2354	38.1042
116.350	36.8958	-1.2286	38.1244
116.375	36.9228	-1.2217	38.1445
116.400	36.9499	-1.2148	38.1647
116.425	36.9770	-1.2079	38.1849
116.450	37.0042	-1.2009	38.2051
116.475	37.0315	-1.1939	38.2254
116.500	37.0588	-1.1869	38.2457
116.525	37.0862	-1.1798	38.2660
116.550	37.1137	-1.1726	38.2863
116.575	37.1412	-1.1655	38.3067
116.600	37.1688	-1.1583	38.3271
116.625	37.1965	-1.1510	38.3475
116.650	37.2242	-1.1437	38.3679
116.675	37.2519	-1.1364	38.3883
116.700	37.2797	-1.1291	38.4087
116.725	37.3075	-1.1217	38.4292
116.750	37.3355	-1.1142	38.4497
116.775	37.3635	-1.1067	38.4702
116.800	37.3916	-1.0992	38.4908
116.825	37.4199	-1.0916	38.5115
116.850	37.4482	-1.0840	38.5322
116.875	37.4766	-1.0763	38.5529
116.900	37.5051	-1.0686	38.5737
116.925	37.5337	-1.0608	38.5945
116.950	37.5624	-1.0530	38.6153
116.975	37.5911	-1.0451	38.6362
117.000	37.6198	-1.0372	38.6571
117.025	37.6486	-1.0293	38.6780
117.050	37.6775	-1.0214	38.6989
117.075	37.7064	-1.0134	38.7198
117.100	37.7354	-1.0054	38.7407
117.125	37.7644	-0.9973	38.7617
117.150	37.7934	-0.9892	38.7827
117.175	37.8225	-0.9811	38.8036
117.200	37.8516	-0.9730	38.8246
117.225	37.8807	-0.9648	38.8455
117.250	37.9098	-0.9565	38.8663
117.275	37.9389	-0.9482	38.8871
117.300	37.9680	-0.9399	38.9079
117.325	37.9970	-0.9315	38.9286
117.350	38.0260	-0.9232	38.9492
117.375	38.0550	-0.9148	38.9698
117.400	38.0840	-0.9063	38.9903
117.425	38.1129	-0.8979	39.0108
117.450	38.1418	-0.8894	39.0312
117.475	38.1707	-0.8809	39.0516
117.500	38.1996	-0.8724	39.0720
117.525	38.2284	-0.8639	39.0923
117.550	38.2572	-0.8553	39.1126
117.575	38.2861	-0.8468	39.1329
117.600	38.3150	-0.8382	39.1532
117.625	38.3439	-0.8296	39.1735
117.650	38.3729	-0.8209	39.1938
117.675	38.4019	-0.8123	39.2142
117.700	38.4309	-0.8036	39.2345
117.725	38.4600	-0.7949	39.2549
117.750	38.4891	-0.7862	39.2753
117.775	38.5183	-0.7774	39.2957
117.800	38.5475	-0.7687	39.3162
117.825	38.5768	-0.7599	39.3366
117.850	38.6061	-0.7511	39.3571
117.875	38.6354	-0.7423	39.3776
117.900	38.6647	-0.7335	39.3982
117.925	38.6940	-0.7247	39.4186
117.950	38.7233	-0.7158	39.4391
117.975	38.7525	-0.7070	39.4595
118.000	38.7817	-0.6982	39.4799
118.025	38.8108	-0.6893	39.5001
118.050	38.8399	-0.6804	39.5203
118.075	38.8690	-0.6715	39.5405
118.100	38.8980	-0.6625	39.5605
118.125	38.9271	-0.6535	39.5806
118.150	38.9561	-0.6445	39.6006
118.175	38.9853	-0.6354	39.6206
118.200	39.0144	-0.6263	39.6407
118.225	39.0437	-0.6171	39.6608
118.250	39.0731	-0.6079	39.6810
118.275	39.1026	-0.5986	39.7012
118.300	39.1323	-0.5893	39.7215
118.325	39.1621	-0.5799	39.7419
118.350	39.1920	-0.5704	39.7624
118.375	39.2221	-0.5609	39.7830
118.400	39.2523	-0.5514	39.8037
118.425	39.2826	-0.5418	39.8244
118.450	39.3130	-0.5322	39.8452
118.475	39.3434	-0.5226	39.8660
118.500	39.3739	-0.5128	39.8867
118.525	39.4044	-0.5031	39.9075
118.550	39.4349	-0.4932	39.9281
118.575	39.4654	-0.4833	39.9488
118.600	39.4960	-0.4733	39.9693
118.625	39.5264	-0.4633	39.9897
118.650	39.5569	-0.4532	40.0101
118.675	39.5873	-0.4430	40.0303
118.700	39.6176	-0.4328	40.0505
118.725	39.6479	-0.4226	40.0705
118.750	39.6780	-0.4123	40.0903
118.775	39.7079	-0.4020	40.1100
118.800	39.7377	-0.3917	40.1294
118.825	39.7672	-0.3814	40.1485
118.850	39.7964	-0.3709	40.1674
118.875	39.8254	-0.3605	40.1859
118.900	39.8540	-0.3500	40.2040
118.925	39.8824	-0.3395	40.2219
118.950	39.9106	-0.3289	40.2395
118.975	39.9386	-0.3183	40.2569
119.000	39.9664	-0.3077	40.2741
119.025	39.9941	-0.2970	40.2911
119.050	40.0216	-0.2862	40.3078
119.075	40.0490	-0.2754	40.3245
119.100	40.0763	-0.2646	40.3409
119.125	40.1034	-0.2538	40.3572
119.150	40.1305	-0.2429	40.3733
119.175	40.1574	-0.2319	40.3893
119.200	40.1842	-0.2209	40.4051
119.225	40.2109	-0.2099	40.4208
119.250	40.2375	-0.1988	40.4363
119.275	40.2639	-0.1876	40.4516
119.300	40.2903	-0.1765	40.4668
119.325	40.3165	-0.1653	40.4818
119.350	40.3426	-0.1541	40.4967
119.375	40.3686	-0.1429	40.5114
119.400	40.3944	-0.1316	40.5260
119.425	40.4201	-0.1204	40.5405
119.450	40.4456	-0.1092	40.5548
119.475	40.4710	-0.0980	40.5690
119.500	40.4962	-0.0868	40.5830
119.525	40.5213	-0.0756	40.5969
119.550	40.5463	-0.0643	40.6106
119.575	40.5711	-0.0530	40.6241
119.600	40.5957	-0.0418	40.6375
119.625	40.6203	-0.0305	40.6508
119.650	40.6447	-0.0192	40.6639
119.675	40.6689	-0.0079	40.6768
119.700	40.6930	0.0033	40.6897
119.725	40.7170	0.0146	40.7024
119.750	40.7409	0.0258	40.7151
119.775	40.7648	0.0371	40.7277
119.800	40.7886	0.0483	40.7403
119.825	40.8123	0.0595	40.7528
119.850	40.8362	0.0708	40.7654
119.875	40.8600	0.0821	40.7779
119.900	40.8839	0.0934	40.7905
119.925	40.9079	0.1048	40.8031
119.950	40.9320	0.1161	40.8158
119.975	40.9561	0.1275	40.8286
120.000	40.9804	0.1389	40.8414
120.025	41.0048	0.1504	40.8544
120.050	41.0292	0.1618	40.8674
120.075	41.0538	0.1733	40.8805
120.100	41.0785	0.1848	40.8937
120.125	41.1034	0.1963	40.9071
120.150	41.1284	0.2078	40.9206
120.175	41.1535	0.2193	40.9342
120.200	41.1788	0.2308	40.9480
120.225	41.2043	0.2424	40.9619
120.250	41.2299	0.2539	40.9760
120.275	41.2557	0.2654	40.9903
120.300	41.2816	0.2770	41.0047
120.325	41.3078	0.2885	41.0193
120.350	41.3341	0.3000	41.0341
120.375	41.3605	0.3116	41.0490
120.400	41.3871	0.3231	41.0641
120.425	41.4138	0.3346	41.0793
120.450	41.4406	0.3461	41.0945
120.475	41.4675	0.3576	41.1099
120.500	41.4945	0.3692	41.1253
120.525	41.5215	0.3808	41.1407
120.550	41.5485	0.3924	41.1561
120.575	41.5756	0.4041	41.1715
120.600	41.6026	0.4158	41.1868
120.625	41.6296	0.4275	41.2021
120.650	41.6565	0.4393	41.2172
120.675	41.6833	0.4511	41.2322
120.700	41.7100	0.4629	41.2471
120.725	41.7365	0.4748	41.2617
120.750	41.7628	0.4867	41.2761
120.775	41.7890	0.4987	41.2902
120.800	41.8148	0.5108	41.3040
120.825	41.8403	0.5229	41.3174
120.850	41.8655	0.5351	41.3304
120.875	41.8904	0.5474	41.3430
120.900	41.9151	0.5597	41.3553
120.925	41.9395	0.5722	41.3673
120.950	41.9638	0.5846	41.3792
120.975	41.9881	0.5972	41.3909
121.000	42.0123	0.6098	41.4025
121.025	42.0366	0.6225	41.4141
121.050	42.0609	0.6353	41.4257
121.075	42.0853	0.6481	41.4372
121.100	42.1098	0.6609	41.4489
121.125	42.1344	0.6738	41.4606
121.150	42.1590	0.6867	41.4723
121.175	42.1838	0.6997	41.4842
121.200	42.2087	0.7126	41.4961
121.225	42.2338	0.7256	41.5081
121.250	42.2590	0.7387	41.5203
121.275	42.2843	0.7517	41.5327
121.300	42.3099	0.7647	41.5452
121.325	42.3355	0.7777	41.5578
121.350	42.3613	0.7908	41.5705
121.375	42.3872	0.8038	41.5834
121.400	42.4132	0.8168	41.5963
121.425	42.4392	0.8299	41.6094
121.450	42.4654	0.8429	41.6225
121.475	42.4916	0.8559	41.6357
121.500	42.5180	0.8689	41.6490
121.525	42.5444	0.8820	41.6625
121.550	42.5710	0.8950	41.6760
121.575	42.5977	0.9081	41.6897
121.600	42.6246	0.9211	41.7035
121.625	42.6514	0.9342	41.7173
121.650	42.6784	0.9472	41.7312
121.675	42.7054	0.9603	41.7451
121.700	42.7324	0.9733	41.7591
121.725	42.7595	0.9863	41.7731
121.750	42.7866	0.9993	41.7873
121.775	42.8138	1.0123	41.8015
121.800	42.8412	1.0253	41.8159
121.825	42.8686	1.0383	41.8303
121.850	42.8962	1.0513	41.8449
121.875	42.9239	1.0643	41.8596
121.900	42.9518	1.0774	41.8744
121.925	42.9798	1.0905	41.8893
121.950	43.0080	1.1036	41.9044
121.975	43.0364	1.1168	41.9196
122.000	43.0650	1.1300	41.9349
122.025	43.0937	1.1432	41.9505
122.050	43.1227	1.1565	41.9662
122.075	43.1518	1.1697	41.9821
122.100	43.1811	1.1830	41.9982
122.125	43.2107	1.1962	42.0145
122.150	43.2404	1.2095	42.0309
122.175	43.2703	1.2228	42.0475
122.200	43.3004	1.2361	42.0643
122.225	43.3306	1.2494	42.0812
122.250	43.3610	1.2628	42.0982
122.275	43.3916	1.2763	42.1153
122.300	43.4224	1.2898	42.1326
122.325	43.4534	1.3035	42.1499
122.350	43.4846	1.3172	42.1674
122.375	43.5160	1.3309	42.1851
122.400	43.5476	1.3448	42.2029
122.425	43.5795	1.3587	42.2208
122.450	43.6116	1.3726	42.2389
122.475	43.6439	1.3867	42.2572
122.500	43.6764	1.4008	42.2756
122.525	43.7092	1.4151	42.2942
122.550	43.7423	1.4293	42.3130
122.575	43.7758	1.4437	42.3321
122.600	43.8095	1.4581	42.3514
122.625	43.8436	1.4726	42.3711
122.650	43.8781	1.4871	42.3911
122.675	43.9130	1.5016	42.4113
122.700	43.9481	1.5163	42.4318
122.725	43.9835	1.5309	42.4526
122.750	44.0190	1.5456	42.4734
122.775	44.0547	1.5604	42.4943
122.800	44.0904	1.5752	42.5151
122.825	44.1261	1.5901	42.5360
122.850	44.1617	1.6050	42.5568
122.875	44.1973	1.6199	42.5774
122.900	44.2328	1.6349	42.5979
122.925	44.2682	1.6499	42.6183
122.950	44.3035	1.6649	42.6385
122.975	44.3387	1.6801	42.6586
123.000	44.3738	1.6952	42.6786
123.025	44.4089	1.7105	42.6985
123.050	44.4440	1.7258	42.7182
123.075	44.4790	1.7412	42.7378
123.100	44.5140	1.7566	42.7574
123.125	44.5490	1.7722	42.7768
123.150	44.5840	1.7878	42.7962
123.175	44.6191	1.8035	42.8156
123.200	44.6542	1.8193	42.8349
123.225	44.6893	1.8352	42.8541
123.250	44.7245	1.8511	42.8734
123.275	44.7598	1.8672	42.8926
123.300	44.7952	1.8833	42.9119
123.325	44.8306	1.8994	42.9312
123.350	44.8662	1.9157	42.9505
123.375	44.9019	1.9319	42.9699
123.400	44.9376	1.9483	42.9894
123.425	44.9735	1.9646	43.0088
123.450	45.0094	1.9811	43.0283
123.475	45.0453	1.9975	43.0478
123.500	45.0813	2.0140	43.0673
123.525	45.1174	2.0306	43.0868
123.550	45.1536	2.0472	43.1064
123.575	45.1899	2.0639	43.1260
123.600	45.2262	2.0806	43.1456
123.625	45.2627	2.0974	43.1653
123.650	45.2992	2.1142	43.1850
123.675	45.3359	2.1310	43.2048
123.700	45.3726	2.1479	43.2247
123.725	45.4095	2.1648	43.2447
123.750	45.4464	2.1817	43.2647
123.775	45.4835	2.1987	43.2848
123.800	45.5206	2.2156	43.3050
123.825	45.5578	2.2326	43.3252
123.850	45.5951	2.2497	43.3454
123.875	45.6323	2.2667	43.3656
123.900	45.6696	2.2838	43.3858
123.925	45.7068	2.3009	43.4060
123.950	45.7441	2.3180	43.4262
123.975	45.7814	2.3350	43.4464
124.000	45.8188	2.3521	43.4667
124.025	45.8563	2.3692	43.4871
124.050	45.8938	2.3862	43.5076
124.075	45.9315	2.4032	43.5283
124.100	45.9693	2.4202	43.5491
124.125	46.0072	2.4372	43.5700
124.150	46.0452	2.4542	43.5911
124.175	46.0833	2.4711	43.6122
124.200	46.1214	2.4879	43.6335
124.225	46.1595	2.5048	43.6548
124.250	46.1976	2.5215	43.6761
124.275	46.2356	2.5382	43.6974
124.300	46.2735	2.5549	43.7186
124.325	46.3114	2.5715	43.7399
124.350	46.3492	2.5881	43.7611
124.375	46.3870	2.6047	43.7823
124.400	46.4247	2.6212	43.8035
124.425	46.4625	2.6378	43.8247
124.450	46.5002	2.6543	43.8459
124.475	46.5379	2.6709	43.8670
124.500	46.5756	2.6875	43.8882
124.525	46.6133	2.7041	43.9093
124.550	46.6511	2.7207	43.9304
124.575	46.6888	2.7374	43.9514
124.600	46.7266	2.7542	43.9725
124.625	46.7645	2.7710	43.9935
124.650	46.8023	2.7879	44.0145
124.675	46.8402	2.8048	44.0354
124.700	46.8780	2.8217	44.0563
124.725	46.9158	2.8388	44.0770
124.750	46.9534	2.8559	44.0975
124.775	46.9909	2.8730	44.1179
124.800	47.0282	2.8903	44.1380
124.825	47.0654	2.9076	44.1578
124.850	47.1023	2.9250	44.1773
124.875	47.1390	2.9425	44.1966
124.900	47.1755	2.9600	44.2155
124.925	47.2117	2.9776	44.2341
124.950	47.2477	2.9953	44.2524
124.975	47.2833	3.0130	44.2703
125.000	47.3186	3.0308	44.2878
125.025	47.3535	3.0487	44.3048
125.050	47.3880	3.0667	44.3213
125.075	47.4221	3.0847	44.3374
125.100	47.4558	3.1028	44.3530
125.125	47.4892	3.1210	44.3682
125.150	47.5222	3.1392	44.3830
125.175	47.5549	3.1575	44.3974
125.200	47.5873	3.1759	44.4114
125.225	47.6194	3.1943	44.4251
125.250	47.6513	3.2127	44.4385
125.275	47.6829	3.2312	44.4517
125.300	47.7144	3.2497	44.4646
125.325	47.7458	3.2683	44.4775
125.350	47.7772	3.2869	44.4902
125.375	47.8087	3.3056	44.5030
125.400	47.8403	3.3244	44.5159
125.425	47.8720	3.3432	44.5289
125.450	47.9040	3.3620	44.5420
125.475	47.9362	3.3810	44.5552
125.500	47.9685	3.4000	44.5686
125.525	48.0011	3.4190	44.5820
125.550	48.0338	3.4382	44.5956
125.575	48.0666	3.4574	44.6092
125.600	48.0996	3.4767	44.6229
125.625	48.1328	3.4961	44.6367
125.650	48.1660	3.5156	44.6505
125.675	48.1994	3.5351	44.6643
125.700	48.2330	3.5547	44.6783
125.725	48.2667	3.5744	44.6923
125.750	48.3005	3.5941	44.7064
125.775	48.3346	3.6139	44.7206
125.800	48.3688	3.6338	44.7349
125.825	48.4032	3.6538	44.7494
125.850	48.4378	3.6739	44.7639
125.875	48.4726	3.6941	44.7786
125.900	48.5076	3.7143	44.7933
125.925	48.5427	3.7346	44.8081
125.950	48.5781	3.7551	44.8230
125.975	48.6136	3.7756	44.8381
126.000	48.6494	3.7962	44.8532
126.025	48.6853	3.8169	44.8685
126.050	48.7215	3.8376	44.8839
126.075	48.7579	3.8585	44.8994
126.100	48.7945	3.8795	44.9150
126.125	48.8314	3.9006	44.9308
126.150	48.8685	3.9218	44.9467
126.175	48.9058	3.9431	44.9627
126.200	48.9433	3.9644	44.9788
126.225	48.9810	3.9859	44.9951
126.250	49.0190	4.0075	45.0115
126.275	49.0572	4.0291	45.0281
126.300	49.0957	4.0509	45.0448
126.325	49.1343	4.0727	45.0616
126.350	49.1732	4.0946	45.0787
126.375	49.2124	4.1166	45.0958
126.400	49.2517	4.1386	45.1131
126.425	49.2913	4.1607	45.1305
126.450	49.3310	4.1829	45.1480
126.475	49.3708	4.2052	45.1656
126.500	49.4108	4.2275	45.1833
126.525	49.4510	4.2499	45.2010
126.550	49.4912	4.2724	45.2189
126.575	49.5317	4.2949	45.2368
126.600	49.5722	4.3174	45.2548
126.625	49.6128	4.3400	45.2727
126.650	49.6534	4.3627	45.2907
126.675	49.6941	4.3855	45.3086
126.700	49.7347	4.4083	45.3264
126.725	49.7753	4.4311	45.3442
126.750	49.8158	4.4540	45.3618
126.775	49.8563	4.4769	45.3793
126.800	49.8966	4.4998	45.3968
126.825	49.9369	4.5228	45.4141
126.850	49.9771	4.5457	45.4314
126.875	50.0173	4.5687	45.4487
126.900	50.0575	4.5917	45.4659
126.925	50.0977	4.6147	45.4830
126.950	50.1379	4.6378	45.5002
126.975	50.1782	4.6609	45.5173
127.000	50.2185	4.6841	45.5344
127.025	50.2588	4.7073	45.5515
127.050	50.2992	4.7306	45.5686
127.075	50.3396	4.7539	45.5857
127.100	50.3800	4.7773	45.6027
127.125	50.4205	4.8007	45.6197
127.150	50.4609	4.8242	45.6367
127.175	50.5013	4.8477	45.6536
127.200	50.5418	4.8713	45.6705
127.225	50.5823	4.8949	45.6874
127.250	50.6229	4.9186	45.7043
127.275	50.6635	4.9424	45.7211
127.300	50.7042	4.9662	45.7380
127.325	50.7449	4.9900	45.7549
127.350	50.7856	5.0139	45.7717
127.375	50.8264	5.0378	45.7886
127.400	50.8672	5.0617	45.8055
127.425	50.9079	5.0856	45.8223
127.450	50.9486	5.1095	45.8391
127.475	50.9893	5.1334	45.8559
127.500	51.0300	5.1573	45.8727
127.525	51.0707	5.1812	45.8895
127.550	51.1113	5.2052	45.9062
127.575	51.1520	5.2291	45.9229
127.600	51.1927	5.2530	45.9397
127.625	51.2334	5.2770	45.9564
127.650	51.2741	5.3009	45.9732
127.675	51.3149	5.3249	45.9899
127.700	51.3556	5.3489	46.0067
127.725	51.3965	5.3729	46.0235
127.750	51.4374	5.3970	46.0403
127.775	51.4784	5.4211	46.0572
127.800	51.5195	5.4453	46.0742
127.825	51.5607	5.4695	46.0912
127.850	51.6021	5.4939	46.1083
127.875	51.6437	5.5183	46.1254
127.900	51.6855	5.5429	46.1426
127.925	51.7274	5.5675	46.1599
127.950	51.7696	5.5922	46.1773
127.975	51.8120	5.6171	46.1949
128.000	51.8545	5.6420	46.2125
128.025	51.8973	5.6670	46.2304
128.050	51.9404	5.6920	46.2484
128.075	51.9837	5.7171	46.2665
128.100	52.0272	5.7423	46.2849
128.125	52.0710	5.7676	46.3034
128.150	52.1150	5.7929	46.3221
128.175	52.1592	5.8182	46.3410
128.200	52.2035	5.8436	46.3599
128.225	52.2479	5.8690	46.3790
128.250	52.2926	5.8945	46.3981
128.275	52.3374	5.9200	46.4174
128.300	52.3823	5.9456	46.4367
128.325	52.4275	5.9713	46.4562
128.350	52.4729	5.9971	46.4759
128.375	52.5186	6.0230	46.4956
128.400	52.5645	6.0489	46.5156
128.425	52.6106	6.0750	46.5356
128.450	52.6568	6.1011	46.5557
128.475	52.7033	6.1273	46.5760
128.500	52.7499	6.1536	46.5963
128.525	52.7968	6.1800	46.6167
128.550	52.8437	6.2065	46.6372
128.575	52.8908	6.2330	46.6578
128.600	52.9381	6.2596	46.6785
128.625	52.9855	6.2862	46.6993
128.650	53.0330	6.3128	46.7202
128.675	53.0807	6.3394	46.7413
128.700	53.1285	6.3661	46.7624
128.725	53.1764	6.3928	46.7836
128.750	53.2244	6.4195	46.8049
128.775	53.2726	6.4463	46.8263
128.800	53.3208	6.4731	46.8477
128.825	53.3691	6.5000	46.8691
128.850	53.4175	6.5270	46.8905
128.875	53.4658	6.5539	46.9119
128.900	53.5142	6.5810	46.9332
128.925	53.5624	6.6080	46.9544
128.950	53.6106	6.6351	46.9756
128.975	53.6588	6.6621	46.9967
129.000	53.7070	6.6893	47.0177
129.025	53.7551	6.7164	47.0387
129.050	53.8033	6.7436	47.0597
129.075	53.8515	6.7708	47.0807
129.100	53.8998	6.7981	47.1017
129.125	53.9481	6.8254	47.1227
129.150	53.9964	6.8527	47.1437
129.175	54.0447	6.8799	47.1647
129.200	54.0929	6.9072	47.1856
129.225	54.1410	6.9345	47.2065
129.250	54.1889	6.9618	47.2272
129.275	54.2368	6.9890	47.2478
129.300	54.2846	7.0162	47.2684
129.325	54.3322	7.0434	47.2888
129.350	54.3798	7.0706	47.3092
129.375	54.4273	7.0978	47.3295
129.400	54.4747	7.1249	47.3497
129.425	54.5220	7.1521	47.3698
129.450	54.5692	7.1793	47.3899
129.475	54.6163	7.2064	47.4099
129.500	54.6632	7.2335	47.4298
129.525	54.7101	7.2605	47.4496
129.550	54.7568	7.2875	47.4693
129.575	54.8034	7.3144	47.4890
129.600	54.8498	7.3412	47.5085
129.625	54.8960	7.3680	47.5280
129.650	54.9421	7.3948	47.5473
129.675	54.9880	7.4215	47.5666
129.700	55.0338	7.4481	47.5858
129.725	55.0795	7.4746	47.6049
129.750	55.1250	7.5010	47.6240
129.775	55.1705	7.5273	47.6432
129.800	55.2158	7.5535	47.6623
129.825	55.2612	7.5797	47.6815
129.850	55.3065	7.6058	47.7008
129.875	55.3519	7.6319	47.7200
129.900	55.3972	7.6579	47.7393
129.925	55.4425	7.6839	47.7586
129.950	55.4877	7.7099	47.7777
129.975	55.5327	7.7359	47.7968
130.000	55.5776	7.7618	47.8158
130.025	55.6224	7.7878	47.8346
130.050	55.6671	7.8138	47.8533
130.075	55.7117	7.8398	47.8719
130.100	55.7562	7.8658	47.8904
130.125	55.8006	7.8918	47.9088
130.150	55.8450	7.9178	47.9271
130.175	55.8893	7.9439	47.9454
130.200	55.9336	7.9699	47.9637
130.225	55.9779	7.9960	47.9819
130.250	56.0221	8.0220	48.0001
130.275	56.0664	8.0481	48.0182
130.300	56.1105	8.0742	48.0363
130.325	56.1547	8.1004	48.0543
130.350	56.1987	8.1266	48.0721
130.375	56.2427	8.1529	48.0899
130.400	56.2866	8.1792	48.1075
130.425	56.3305	8.2055	48.1249
130.450	56.3742	8.2320	48.1422
130.475	56.4179	8.2585	48.1594
130.500	56.4614	8.2850	48.1765
130.525	56.5049	8.3116	48.1933
130.550	56.5483	8.3382	48.2101
130.575	56.5915	8.3648	48.2267
130.600	56.6347	8.3915	48.2432
130.625	56.6779	8.4183	48.2596
130.650	56.7211	8.4451	48.2760
130.675	56.7643	8.4720	48.2923
130.700	56.8075	8.4990	48.3085
130.725	56.8508	8.5261	48.3247
130.750	56.8941	8.5532	48.3409
130.775	56.9374	8.5804	48.3570
130.800	56.9807	8.6076	48.3731
130.825	57.0240	8.6349	48.3891
130.850	57.0673	8.6623	48.4050
130.875	57.1106	8.6897	48.4209
130.900	57.1539	8.7172	48.4367
130.925	57.1971	8.7448	48.4524
130.950	57.2404	8.7724	48.4680
130.975	57.2836	8.8000	48.4836
131.000	57.3269	8.8278	48.4991
131.025	57.3701	8.8555	48.5145
131.050	57.4133	8.8834	48.5299
131.075	57.4565	8.9113	48.5452
131.100	57.4997	8.9393	48.5605
131.125	57.5429	8.9673	48.5757
131.150	57.5861	8.9953	48.5908
131.175	57.6294	9.0234	48.6059
131.200	57.6726	9.0516	48.6210
131.225	57.7158	9.0798	48.6359
131.250	57.7590	9.1081	48.6509
131.275	57.8022	9.1364	48.6658
131.300	57.8455	9.1648	48.6807
131.325	57.8887	9.1932	48.6956
131.350	57.9321	9.2217	48.7104
131.375	57.9754	9.2502	48.7253
131.400	58.0188	9.2787	48.7401
131.425	58.0622	9.3072	48.7550
131.450	58.1055	9.3357	48.7698
131.475	58.1489	9.3643	48.7846
131.500	58.1924	9.3929	48.7995
131.525	58.2359	9.4215	48.8144
131.550	58.2794	9.4502	48.8293
131.575	58.3231	9.4788	48.8442
131.600	58.3668	9.5075	48.8593
131.625	58.4106	9.5363	48.8743
131.650	58.4545	9.5651	48.8894
131.675	58.4984	9.5939	48.9046
131.700	58.5425	9.6227	48.9197
131.725	58.5865	9.6516	48.9349
131.750	58.6306	9.6805	48.9501
131.775	58.6748	9.7095	48.9653
131.800	58.7190	9.7385	48.9804
131.825	58.7632	9.7676	48.9956
131.850	58.8075	9.7967	49.0108
131.875	58.8518	9.8258	49.0260
131.900	58.8962	9.8549	49.0413
131.925	58.9407	9.8841	49.0566
131.950	58.9853	9.9133	49.0719
131.975	59.0299	9.9426	49.0873
132.000	59.0747	9.9719	49.1027
132.025	59.1195	10.0013	49.1181
132.050	59.1643	10.0308	49.1335
132.075	59.2091	10.0603	49.1488
132.100	59.2539	10.0899	49.1639
132.125	59.2985	10.1196	49.1789
132.150	59.3432	10.1493	49.1938
132.175	59.3877	10.1791	49.2086
132.200	59.4323	10.2090	49.2233
132.225	59.4768	10.2389	49.2379
132.250	59.5214	10.2689	49.2524
132.275	59.5659	10.2990	49.2669
132.300	59.6104	10.3292	49.2812
132.325	59.6549	10.3595	49.2954
132.350	59.6994	10.3899	49.3095
132.375	59.7437	10.4203	49.3234
132.400	59.7880	10.4508	49.3372
132.425	59.8322	10.4814	49.3508
132.450	59.8763	10.5121	49.3642
132.475	59.9204	10.5429	49.3775
132.500	59.9644	10.5737	49.3907
132.525	60.0084	10.6046	49.4038
132.550	60.0525	10.6356	49.4170
132.575	60.0967	10.6666	49.4301
132.600	60.1409	10.6977	49.4432
132.625	60.1853	10.7288	49.4564
132.650	60.2297	10.7600	49.4697
132.675	60.2743	10.7913	49.4829
132.700	60.3189	10.8227	49.4962
132.725	60.3635	10.8541	49.5094
132.750	60.4082	10.8856	49.5226
132.775	60.4529	10.9171	49.5358
132.800	60.4976	10.9487	49.5488
132.825	60.5423	10.9804	49.5619
132.850	60.5870	11.0121	49.5748
132.875	60.6316	11.0439	49.5877
132.900	60.6763	11.0758	49.6005
132.925	60.7209	11.1077	49.6132
132.950	60.7655	11.1397	49.6258
132.975	60.8100	11.1717	49.6383
133.000	60.8546	11.2038	49.6508
133.025	60.8991	11.2360	49.6631
133.050	60.9436	11.2682	49.6754
133.075	60.9882	11.3005	49.6877
133.100	61.0328	11.3328	49.7000
133.125	61.0774	11.3652	49.7122
133.150	61.1221	11.3976	49.7245
133.175	61.1669	11.4302	49.7367
133.200	61.2117	11.4627	49.7490
133.225	61.2565	11.4954	49.7612
133.250	61.3014	11.5280	49.7733
133.275	61.3462	11.5608	49.7855
133.300	61.3910	11.5935	49.7975
133.325	61.4358	11.6264	49.8095
133.350	61.4806	11.6592	49.8214
133.375	61.5254	11.6921	49.8332
133.400	61.5701	11.7251	49.8450
133.425	61.6148	11.7581	49.8567
133.450	61.6594	11.7911	49.8683
133.475	61.7040	11.8242	49.8798
133.500	61.7486	11.8573	49.8913
133.525	61.7932	11.8905	49.9027
133.550	61.8377	11.9236	49.9140
133.575	61.8821	11.9569	49.9253
133.600	61.9265	11.9901	49.9364
133.625	61.9709	12.0234	49.9476
133.650	62.0152	12.0567	49.9586
133.675	62.0595	12.0900	49.9696
133.700	62.1037	12.1233	49.9805
133.725	62.1479	12.1566	49.9913
133.750	62.1921	12.1900	50.0021
133.775	62.2362	12.2234	50.0128
133.800	62.2802	12.2568	50.0234
133.825	62.3242	12.2902	50.0340
133.850	62.3682	12.3237	50.0445
133.875	62.4121	12.3572	50.0550
133.900	62.4560	12.3907	50.0653
133.925	62.4997	12.4242	50.0756
133.950	62.5434	12.4577	50.0857
133.975	62.5869	12.4912	50.0957
134.000	62.6303	12.5247	50.1057
134.025	62.6737	12.5582	50.1155
134.050	62.7170	12.5918	50.1252
134.075	62.7602	12.6253	50.1349
134.100	62.8034	12.6590	50.1444
134.125	62.8464	12.6926	50.1538
134.150	62.8894	12.7262	50.1632
134.175	62.9323	12.7599	50.1724
134.200	62.9751	12.7936	50.1815
134.225	63.0178	12.8273	50.1905
134.250	63.0604	12.8611	50.1993
134.275	63.1029	12.8948	50.2081
134.300	63.1453	12.9286	50.2167
134.325	63.1876	12.9623	50.2252
134.350	63.2298	12.9961	50.2337
134.375	63.2719	13.0300	50.2419
134.400	63.3139	13.0638	50.2501
134.425	63.3559	13.0976	50.2582
134.450	63.3977	13.1315	50.2662
134.475	63.4395	13.1654	50.2741
134.500	63.4812	13.1993	50.2819
134.525	63.5229	13.2332	50.2897
134.550	63.5645	13.2671	50.2974
134.575	63.6060	13.3011	50.3050
134.600	63.6475	13.3350	50.3125
134.625	63.6889	13.3690	50.3200
134.650	63.7303	13.4029	50.3274
134.675	63.7716	13.4369	50.3347
134.700	63.8129	13.4709	50.3420
134.725	63.8540	13.5049	50.3492
134.750	63.8951	13.5388	50.3563
134.775	63.9361	13.5728	50.3633
134.800	63.9770	13.6068	50.3703
134.825	64.0179	13.6407	50.3771
134.850	64.0586	13.6747	50.3838
134.875	64.0991	13.7087	50.3905
134.900	64.1395	13.7426	50.3969
134.925	64.1798	13.7765	50.4033
134.950	64.2198	13.8104	50.4094
134.975	64.2597	13.8443	50.4154
135.000	64.2994	13.8782	50.4212
135.025	64.3388	13.9120	50.4268
135.050	64.3781	13.9458	50.4323
135.075	64.4172	13.9796	50.4376
135.100	64.4562	14.0133	50.4429
135.125	64.4950	14.0470	50.4480
135.150	64.5337	14.0806	50.4530
135.175	64.5722	14.1142	50.4580
135.200	64.6106	14.1476	50.4629
135.225	64.6488	14.1810	50.4678
135.250	64.6869	14.2143	50.4726
135.275	64.7248	14.2475	50.4773
135.300	64.7626	14.2807	50.4820
135.325	64.8003	14.3138	50.4866
135.350	64.8379	14.3468	50.4911
135.375	64.8754	14.3798	50.4956
135.400	64.9127	14.4127	50.5000
135.425	64.9500	14.4456	50.5044
135.450	64.9872	14.4784	50.5087
135.475	65.0242	14.5112	50.5130
135.500	65.0612	14.5439	50.5173
135.525	65.0980	14.5766	50.5215
135.550	65.1348	14.6092	50.5256
135.575	65.1715	14.6417	50.5298
135.600	65.2081	14.6742	50.5339
135.625	65.2446	14.7066	50.5380
135.650	65.2810	14.7390	50.5420
135.675	65.3174	14.7713	50.5461
135.700	65.3536	14.8035	50.5501
135.725	65.3899	14.8357	50.5541
135.750	65.4261	14.8679	50.5582
135.775	65.4622	14.9000	50.5623
135.800	65.4984	14.9320	50.5664
135.825	65.5347	14.9640	50.5707
135.850	65.5710	14.9959	50.5750
135.875	65.6074	15.0278	50.5795
135.900	65.6440	15.0597	50.5843
135.925	65.6808	15.0916	50.5892
135.950	65.7178	15.1234	50.5944
135.975	65.7550	15.1552	50.5998
136.000	65.7925	15.1870	50.6054
136.025	65.8301	15.2188	50.6113
136.050	65.8680	15.2505	50.6175
136.075	65.9061	15.2823	50.6238
136.100	65.9444	15.3140	50.6304
136.125	65.9828	15.3456	50.6371
136.150	66.0213	15.3772	50.6440
136.175	66.0599	15.4088	50.6511
136.200	66.0986	15.4403	50.6582
136.225	66.1373	15.4718	50.6655
136.250	66.1761	15.5032	50.6729
136.275	66.2149	15.5346	50.6803
136.300	66.2538	15.5660	50.6878
136.325	66.2926	15.5973	50.6953
136.350	66.3315	15.6286	50.7029
136.375	66.3704	15.6598	50.7106
136.400	66.4092	15.6910	50.7182
136.425	66.4479	15.7221	50.7259
136.450	66.4866	15.7531	50.7334
136.475	66.5250	15.7841	50.7409
136.500	66.5633	15.8151	50.7482
136.525	66.6014	15.8460	50.7554
136.550	66.6392	15.8769	50.7624
136.575	66.6769	15.9077	50.7692
136.600	66.7144	15.9386	50.7758
136.625	66.7516	15.9694	50.7822
136.650	66.7887	16.0003	50.7884
136.675	66.8255	16.0311	50.7944
136.700	66.8621	16.0620	50.8001
136.725	66.8985	16.0928	50.8056
136.750	66.9346	16.1237	50.8110
136.775	66.9706	16.1545	50.8161
136.800	67.0064	16.1854	50.8210
136.825	67.0421	16.2163	50.8258
136.850	67.0776	16.2471	50.8304
136.875	67.1129	16.2780	50.8349
136.900	67.1482	16.3089	50.8392
136.925	67.1833	16.3398	50.8435
136.950	67.2183	16.3708	50.8475
136.975	67.2532	16.4017	50.8515
137.000	67.2880	16.4326	50.8553
137.025	67.3227	16.4636	50.8591
137.050	67.3572	16.4946	50.8627
137.075	67.3917	16.5256	50.8661
137.100	67.4261	16.5566	50.8695
137.125	67.4603	16.5876	50.8727
137.150	67.4945	16.6186	50.8758
137.175	67.5285	16.6497	50.8789
137.200	67.5625	16.6807	50.8818
137.225	67.5965	16.7118	50.8847
137.250	67.6303	16.7429	50.8874
137.275	67.6642	16.7740	50.8901
137.300	67.6979	16.8051	50.8928
137.325	67.7316	16.8362	50.8954
137.350	67.7653	16.8674	50.8979
137.375	67.7988	16.8985	50.9004
137.400	67.8323	16.9296	50.9028
137.425	67.8657	16.9607	50.9051
137.450	67.8991	16.9917	50.9074
137.475	67.9324	17.0228	50.9096
137.500	67.9656	17.0539	50.9117
137.525	67.9987	17.0849	50.9138
137.550	68.0317	17.1160	50.9157
137.575	68.0646	17.1470	50.9176
137.600	68.0973	17.1780	50.9193
137.625	68.1300	17.2090	50.9210
137.650	68.1625	17.2400	50.9225
137.675	68.1949	17.2709	50.9240
137.700	68.2273	17.3019	50.9254
137.725	68.2596	17.3327	50.9269
137.750	68.2919	17.3636	50.9283
137.775	68.3241	17.3944	50.9297
137.800	68.3563	17.4252	50.9311
137.825	68.3886	17.4560	50.9326
137.850	68.4208	17.4867	50.9341
137.875	68.4530	17.5174	50.9357
137.900	68.4853	17.5480	50.9373
137.925	68.5175	17.5786	50.9389
137.950	68.5496	17.6091	50.9405
137.975	68.5817	17.6396	50.9421
138.000	68.6138	17.6701	50.9437
138.025	68.6457	17.7005	50.9452
138.050	68.6775	17.7308	50.9467
138.075	68.7093	17.7611	50.9482
138.100	68.7409	17.7914	50.9495
138.125	68.7725	17.8216	50.9508
138.150	68.8039	17.8518	50.9521
138.175	68.8352	17.8819	50.9533
138.200	68.8665	17.9121	50.9544
138.225	68.8976	17.9421	50.9555
138.250	68.9287	17.9722	50.9565
138.275	68.9597	18.0022	50.9575
138.300	68.9906	18.0321	50.9585
138.325	69.0215	18.0620	50.9594
138.350	69.0522	18.0919	50.9603
138.375	69.0828	18.1218	50.9610
138.400	69.1134	18.1517	50.9617
138.425	69.1438	18.1815	50.9623
138.450	69.1741	18.2113	50.9628
138.475	69.2043	18.2412	50.9632
138.500	69.2345	18.2710	50.9635
138.525	69.2645	18.3008	50.9637
138.550	69.2944	18.3306	50.9638
138.575	69.3242	18.3604	50.9639
138.600	69.3540	18.3901	50.9638
138.625	69.3836	18.4199	50.9637
138.650	69.4131	18.4496	50.9634
138.675	69.4425	18.4794	50.9631
138.700	69.4718	18.5091	50.9627
138.725	69.5010	18.5388	50.9622
138.750	69.5302	18.5685	50.9618
138.775	69.5594	18.5982	50.9612
138.800	69.5886	18.6279	50.9607
138.825	69.6178	18.6575	50.9602
138.850	69.6469	18.6872	50.9597
138.875	69.6760	18.7168	50.9592
138.900	69.7051	18.7465	50.9586
138.925	69.7341	18.7761	50.9580
138.950	69.7631	18.8057	50.9574
138.975	69.7920	18.8353	50.9567
139.000	69.8210	18.8649	50.9560
139.025	69.8498	18.8945	50.9553
139.050	69.8787	18.9241	50.9546
139.075	69.9074	18.9537	50.9537
139.100	69.9361	18.9832	50.9528
139.125	69.9646	19.0128	50.9519
139.150	69.9931	19.0423	50.9508
139.175	70.0215	19.0718	50.9497
139.200	70.0498	19.1013	50.9485
139.225	70.0779	19.1308	50.9471
139.250	70.1060	19.1602	50.9457
139.275	70.1339	19.1896	50.9442
139.300	70.1616	19.2190	50.9426
139.325	70.1892	19.2484	50.9409
139.350	70.2167	19.2777	50.9390
139.375	70.2441	19.3069	50.9371
139.400	70.2713	19.3362	50.9351
139.425	70.2984	19.3654	50.9330
139.450	70.3254	19.3945	50.9308
139.475	70.3523	19.4237	50.9286
139.500	70.3790	19.4528	50.9263
139.525	70.4057	19.4818	50.9239
139.550	70.4323	19.5109	50.9214
139.575	70.4588	19.5399	50.9189
139.600	70.4852	19.5688	50.9164
139.625	70.5116	19.5977	50.9138
139.650	70.5379	19.6266	50.9113
139.675	70.5641	19.6554	50.9087
139.700	70.5904	19.6842	50.9061
139.725	70.6166	19.7130	50.9036
139.750	70.6428	19.7416	50.9011
139.775	70.6690	19.7703	50.8987
139.800	70.6952	19.7989	50.8963
139.825	70.7214	19.8274	50.8940
139.850	70.7476	19.8559	50.8916
139.875	70.7737	19.8844	50.8893
139.900	70.7997	19.9128	50.8870
139.925	70.8257	19.9411	50.8846
139.950	70.8517	19.9694	50.8823
139.975	70.8776	19.9976	50.8800
140.000	70.9034	20.0258	50.8777
140.025	70.9294	20.0539	50.8755
140.050	70.9553	20.0819	50.8734
140.075	70.9813	20.1099	50.8714
140.100	71.0073	20.1379	50.8694
140.125	71.0333	20.1659	50.8674
140.150	71.0593	20.1939	50.8654
140.175	71.0851	20.2218	50.8633
140.200	71.1109	20.2497	50.8612
140.225	71.1365	20.2776	50.8589
140.250	71.1620	20.3054	50.8566
140.275	71.1874	20.3333	50.8541
140.300	71.2127	20.3611	50.8516
140.325	71.2378	20.3888	50.8490
140.350	71.2629	20.4166	50.8463
140.375	71.2878	20.4443	50.8436
140.400	71.3127	20.4719	50.8408
140.425	71.3374	20.4996	50.8378
140.450	71.3621	20.5272	50.8348
140.475	71.3866	20.5548	50.8318
140.500	71.4111	20.5824	50.8287
140.525	71.4354	20.6100	50.8255
140.550	71.4597	20.6374	50.8223
140.575	71.4839	20.6649	50.8191
140.600	71.5081	20.6922	50.8158
140.625	71.5322	20.7195	50.8126
140.650	71.5563	20.7468	50.8095
140.675	71.5803	20.7740	50.8063
140.700	71.6044	20.8012	50.8032
140.725	71.6284	20.8284	50.8001
140.750	71.6524	20.8555	50.7970
140.775	71.6764	20.8825	50.7939
140.800	71.7004	20.9096	50.7908
140.825	71.7243	20.9365	50.7877
140.850	71.7481	20.9635	50.7847
140.875	71.7719	20.9903	50.7816
140.900	71.7956	21.0172	50.7784
140.925	71.8192	21.0439	50.7753
140.950	71.8427	21.0707	50.7721
140.975	71.8662	21.0974	50.7688
141.000	71.8896	21.1240	50.7655
141.025	71.9129	21.1507	50.7622
141.050	71.9361	21.1772	50.7589
141.075	71.9592	21.2037	50.7555
141.100	71.9823	21.2302	50.7521
141.125	72.0052	21.2565	50.7487
141.150	72.0281	21.2828	50.7452
141.175	72.0508	21.3091	50.7417
141.200	72.0734	21.3353	50.7381
141.225	72.0958	21.3614	50.7344
141.250	72.1182	21.3875	50.7307
141.275	72.1403	21.4135	50.7268
141.300	72.1624	21.4395	50.7228
141.325	72.1842	21.4654	50.7188
141.350	72.2059	21.4913	50.7147
141.375	72.2275	21.5170	50.7105
141.400	72.2490	21.5427	50.7062
141.425	72.2703	21.5684	50.7020
141.450	72.2916	21.5940	50.6977
141.475	72.3128	21.6195	50.6933
141.500	72.3340	21.6450	50.6890
141.525	72.3551	21.6705	50.6846
141.550	72.3761	21.6959	50.6802
141.575	72.3970	21.7212	50.6757
141.600	72.4177	21.7465	50.6712
141.625	72.4384	21.7718	50.6666
141.650	72.4590	21.7969	50.6621
141.675	72.4794	21.8220	50.6574
141.700	72.4998	21.8470	50.6528
141.725	72.5200	21.8718	50.6482
141.750	72.5401	21.8966	50.6435
141.775	72.5602	21.9213	50.6388
141.800	72.5801	21.9459	50.6342
141.825	72.6000	21.9705	50.6295
141.850	72.6198	21.9949	50.6249
141.875	72.6395	22.0193	50.6202
141.900	72.6591	22.0435	50.6156
141.925	72.6787	22.0677	50.6110
141.950	72.6982	22.0918	50.6064
141.975	72.7175	22.1158	50.6018
142.000	72.7368	22.1397	50.5971
142.025	72.7560	22.1635	50.5924
142.050	72.7750	22.1873	50.5877
142.075	72.7939	22.2111	50.5829
142.100	72.8128	22.2348	50.5780
142.125	72.8315	22.2584	50.5731
142.150	72.8502	22.2820	50.5682
142.175	72.8689	22.3056	50.5633
142.200	72.8874	22.3291	50.5584
142.225	72.9060	22.3526	50.5534
142.250	72.9244	22.3760	50.5484
142.275	72.9429	22.3994	50.5434
142.300	72.9612	22.4228	50.5384
142.325	72.9794	22.4461	50.5333
142.350	72.9975	22.4694	50.5281
142.375	73.0154	22.4927	50.5227
142.400	73.0332	22.5159	50.5173
142.425	73.0509	22.5391	50.5118
142.450	73.0685	22.5623	50.5063
142.475	73.0860	22.5854	50.5006
142.500	73.1034	22.6085	50.4949
142.525	73.1208	22.6316	50.4892
142.550	73.1380	22.6545	50.4835
142.575	73.1552	22.6775	50.4777
142.600	73.1723	22.7004	50.4720
142.625	73.1894	22.7232	50.4662
142.650	73.2063	22.7460	50.4603
142.675	73.2231	22.7687	50.4544
142.700	73.2397	22.7914	50.4484
142.725	73.2562	22.8140	50.4422
142.750	73.2725	22.8365	50.4359
142.775	73.2885	22.8590	50.4295
142.800	73.3043	22.8815	50.4229
142.825	73.3199	22.9038	50.4160
142.850	73.3352	22.9262	50.4090
142.875	73.3502	22.9484	50.4018
142.900	73.3651	22.9706	50.3944
142.925	73.3796	22.9928	50.3868
142.950	73.3939	23.0149	50.3790
142.975	73.4080	23.0369	50.3711
143.000	73.4218	23.0589	50.3628
143.025	73.4352	23.0808	50.3544
143.050	73.4484	23.1027	50.3457
143.075	73.4613	23.1245	50.3368
143.100	73.4738	23.1462	50.3276
143.125	73.4861	23.1679	50.3182
143.150	73.4980	23.1895	50.3085
143.175	73.5097	23.2111	50.2986
143.200	73.5212	23.2326	50.2885
143.225	73.5324	23.2541	50.2783
143.250	73.5434	23.2755	50.2679
143.275	73.5542	23.2969	50.2574
143.300	73.5649	23.3182	50.2467
143.325	73.5755	23.3395	50.2360
143.350	73.5859	23.3607	50.2252
143.375	73.5962	23.3819	50.2143
143.400	73.6065	23.4031	50.2034
143.425	73.6166	23.4242	50.1924
143.450	73.6267	23.4453	50.1814
143.475	73.6368	23.4663	50.1705
143.500	73.6469	23.4873	50.1596
143.525	73.6570	23.5082	50.1488
143.550	73.6672	23.5291	50.1381
143.575	73.6774	23.5499	50.1275
143.600	73.6877	23.5707	50.1170
143.625	73.6981	23.5914	50.1067
143.650	73.7086	23.6121	50.0965
143.675	73.7190	23.6327	50.0863
143.700	73.7294	23.6532	50.0762
143.725	73.7397	23.6737	50.0661
143.750	73.7500	23.6941	50.0559
143.775	73.7601	23.7145	50.0456
143.800	73.7701	23.7348	50.0353
143.825	73.7800	23.7550	50.0249
143.850	73.7897	23.7752	50.0145
143.875	73.7993	23.7952	50.0040
143.900	73.8087	23.8152	49.9935
143.925	73.8180	23.8351	49.9829
143.950	73.8271	23.8549	49.9722
143.975	73.8361	23.8746	49.9615
144.000	73.8450	23.8943	49.9508
144.025	73.8538	23.9138	49.9400
144.050	73.8625	23.9333	49.9292
144.075	73.8710	23.9527	49.9184
144.100	73.8795	23.9719	49.9076
144.125	73.8879	23.9911	49.8967
144.150	73.8961	24.0102	49.8859
144.175	73.9042	24.0293	49.8750
144.200	73.9122	24.0482	49.8641
144.225	73.9201	24.0670	49.8531
144.250	73.9279	24.0857	49.8422
144.275	73.9354	24.1043	49.8312
144.300	73.9429	24.1228	49.8201
144.325	73.9502	24.1412	49.8090
144.350	73.9573	24.1595	49.7979
144.375	73.9643	24.1776	49.7867
144.400	73.9710	24.1956	49.7754
144.425	73.9776	24.2135	49.7641
144.450	73.9839	24.2313	49.7527
144.475	73.9900	24.2489	49.7412
144.500	73.9960	24.2664	49.7296
144.525	74.0016	24.2837	49.7179
144.550	74.0071	24.3010	49.7061
144.575	74.0124	24.3181	49.6942
144.600	74.0174	24.3352	49.6822
144.625	74.0222	24.3521	49.6701
144.650	74.0268	24.3689	49.6578
144.675	74.0311	24.3857	49.6454
144.700	74.0351	24.4023	49.6328
144.725	74.0389	24.4189	49.6200
144.750	74.0424	24.4353	49.6071
144.775	74.0457	24.4517	49.5939
144.800	74.0487	24.4680	49.5807
144.825	74.0515	24.4843	49.5672
144.850	74.0540	24.5004	49.5536
144.875	74.0563	24.5165	49.5398
144.900	74.0583	24.5324	49.5259
144.925	74.0602	24.5483	49.5118
144.950	74.0618	24.5642	49.4976
144.975	74.0633	24.5799	49.4833
145.000	74.0645	24.5956	49.4689
145.025	74.0657	24.6113	49.4544
145.050	74.0667	24.6269	49.4398
145.075	74.0675	24.6424	49.4251
145.100	74.0682	24.6579	49.4103
145.125	74.0687	24.6733	49.3954
145.150	74.0690	24.6886	49.3804
145.175	74.0692	24.7039	49.3654
145.200	74.0693	24.7191	49.3502
145.225	74.0691	24.7342	49.3349
145.250	74.0688	24.7493	49.3195
145.275	74.0683	24.7643	49.3040
145.300	74.0676	24.7793	49.2883
145.325	74.0668	24.7942	49.2726
145.350	74.0658	24.8090	49.2567
145.375	74.0646	24.8238	49.2408
145.400	74.0633	24.8386	49.2247
145.425	74.0618	24.8533	49.2085
145.450	74.0602	24.8679	49.1923
145.475	74.0585	24.8825	49.1760
145.500	74.0566	24.8971	49.1595
145.525	74.0545	24.9116	49.1430
145.550	74.0524	24.9260	49.1264
145.575	74.0501	24.9404	49.1096
145.600	74.0476	24.9548	49.0928
145.625	74.0451	24.9691	49.0759
145.650	74.0424	24.9834	49.0590
145.675	74.0395	24.9976	49.0419
145.700	74.0366	25.0118	49.0248
145.725	74.0335	25.0260	49.0076
145.750	74.0303	25.0401	48.9903
145.775	74.0270	25.0541	48.9729
145.800	74.0236	25.0682	48.9554
145.825	74.0201	25.0822	48.9379
145.850	74.0165	25.0961	48.9204
145.875	74.0129	25.1100	48.9029
145.900	74.0093	25.1239	48.8854
145.925	74.0056	25.1377	48.8679
145.950	74.0019	25.1514	48.8504
145.975	73.9981	25.1651	48.8330
146.000	73.9944	25.1787	48.8156
146.025	73.9906	25.1923	48.7982
146.050	73.9867	25.2059	48.7809
146.075	73.9829	25.2194	48.7635
146.100	73.9790	25.2328	48.7462
146.125	73.9750	25.2461	48.7288
146.150	73.9709	25.2594	48.7115
146.175	73.9668	25.2727	48.6942
146.200	73.9627	25.2858	48.6769
146.225	73.9585	25.2989	48.6596
146.250	73.9543	25.3119	48.6424
146.275	73.9502	25.3248	48.6253
146.300	73.9460	25.3377	48.6083
146.325	73.9419	25.3504	48.5914
146.350	73.9378	25.3631	48.5747
146.375	73.9338	25.3757	48.5581
146.400	73.9299	25.3882	48.5417
146.425	73.9261	25.4007	48.5255
146.450	73.9225	25.4130	48.5094
146.475	73.9189	25.4253	48.4936
146.500	73.9154	25.4375	48.4779
146.525	73.9120	25.4496	48.4623
146.550	73.9086	25.4617	48.4469
146.575	73.9052	25.4736	48.4315
146.600	73.9018	25.4855	48.4163
146.625	73.8985	25.4973	48.4011
146.650	73.8951	25.5091	48.3861
146.675	73.8918	25.5207	48.3711
146.700	73.8886	25.5323	48.3563
146.725	73.8853	25.5437	48.3415
146.750	73.8819	25.5551	48.3268
146.775	73.8785	25.5664	48.3121
146.800	73.8751	25.5776	48.2975
146.825	73.8715	25.5887	48.2828
146.850	73.8679	25.5997	48.2682
146.875	73.8641	25.6106	48.2535
146.900	73.8603	25.6214	48.2389
146.925	73.8564	25.6321	48.2243
146.950	73.8524	25.6427	48.2097
146.975	73.8483	25.6532	48.1952
147.000	73.8442	25.6636	48.1805
147.025	73.8399	25.6739	48.1659
147.050	73.8354	25.6842	48.1512
147.075	73.8308	25.6943	48.1365
147.100	73.8260	25.7044	48.1216
147.125	73.8210	25.7143	48.1067
147.150	73.8158	25.7241	48.0917
147.175	73.8105	25.7339	48.0766
147.200	73.8049	25.7435	48.0614
147.225	73.7992	25.7530	48.0462
147.250	73.7934	25.7625	48.0309
147.275	73.7874	25.7718	48.0156
147.300	73.7813	25.7811	48.0002
147.325	73.7750	25.7902	47.9848
147.350	73.7687	25.7993	47.9693
147.375	73.7621	25.8084	47.9538
147.400	73.7555	25.8173	47.9382
147.425	73.7487	25.8262	47.9225
147.450	73.7418	25.8350	47.9068
147.475	73.7347	25.8438	47.8910
147.500	73.7275	25.8524	47.8750
147.525	73.7200	25.8611	47.8590
147.550	73.7124	25.8696	47.8427
147.575	73.7044	25.8781	47.8263
147.600	73.6962	25.8865	47.8097
147.625	73.6877	25.8949	47.7929
147.650	73.6789	25.9032	47.7758
147.675	73.6698	25.9114	47.7585
147.700	73.6604	25.9195	47.7409
147.725	73.6507	25.9276	47.7231
147.750	73.6407	25.9356	47.7052
147.775	73.6305	25.9435	47.6871
147.800	73.6201	25.9514	47.6687
147.825	73.6095	25.9592	47.6503
147.850	73.5986	25.9669	47.6317
147.875	73.5876	25.9746	47.6130
147.900	73.5765	25.9822	47.5942
147.925	73.5652	25.9898	47.5754
147.950	73.5539	25.9974	47.5566
147.975	73.5426	26.0048	47.5377
148.000	73.5312	26.0123	47.5189
148.025	73.5197	26.0196	47.5001
148.050	73.5081	26.0269	47.4812
148.075	73.4965	26.0341	47.4624
148.100	73.4848	26.0412	47.4436
148.125	73.4730	26.0482	47.4248
148.150	73.4611	26.0551	47.4059
148.175	73.4490	26.0620	47.3871
148.200	73.4369	26.0688	47.3682
148.225	73.4247	26.0754	47.3493
148.250	73.4123	26.0820	47.3303
148.275	73.3998	26.0885	47.3113
148.300	73.3872	26.0949	47.2923
148.325	73.3743	26.1012	47.2732
148.350	73.3613	26.1074	47.2540
148.375	73.3482	26.1135	47.2347
148.400	73.3348	26.1195	47.2153
148.425	73.3213	26.1254	47.1959
148.450	73.3077	26.1313	47.1764
148.475	73.2939	26.1371	47.1568
148.500	73.2799	26.1427	47.1372
148.525	73.2658	26.1483	47.1175
148.550	73.2515	26.1538	47.0977
148.575	73.2370	26.1592	47.0779
148.600	73.2224	26.1644	47.0580
148.625	73.2076	26.1696	47.0380
148.650	73.1925	26.1746	47.0179
148.675	73.1773	26.1796	46.9977
148.700	73.1620	26.1845	46.9775
148.725	73.1465	26.1893	46.9572
148.750	73.1309	26.1941	46.9368
148.775	73.1152	26.1987	46.9164
148.800	73.0994	26.2033	46.8960
148.825	73.0836	26.2079	46.8757
148.850	73.0678	26.2123	46.8555
148.875	73.0520	26.2167	46.8353
148.900	73.0362	26.2210	46.8152
148.925	73.0204	26.2251	46.7952
148.950	73.0045	26.2292	46.7753
148.975	72.9885	26.2333	46.7553
149.000	72.9725	26.2372	46.7353
149.025	72.9563	26.2410	46.7153
149.050	72.9400	26.2447	46.6953
149.075	72.9236	26.2484	46.6752
149.100	72.9071	26.2519	46.6552
149.125	72.8904	26.2554	46.6351
149.150	72.8737	26.2587	46.6149
149.175	72.8568	26.2620	46.5948
149.200	72.8398	26.2652	46.5746
149.225	72.8227	26.2682	46.5545
149.250	72.8055	26.2711	46.5343
149.275	72.7882	26.2740	46.5143
149.300	72.7709	26.2767	46.4942
149.325	72.7535	26.2794	46.4741
149.350	72.7361	26.2820	46.4541
149.375	72.7186	26.2845	46.4341
149.400	72.7011	26.2869	46.4141
149.425	72.6835	26.2893	46.3942
149.450	72.6659	26.2917	46.3742
149.475	72.6482	26.2940	46.3543
149.500	72.6306	26.2962	46.3344
149.525	72.6128	26.2983	46.3145
149.550	72.5951	26.3004	46.2947
149.575	72.5773	26.3023	46.2750
149.600	72.5595	26.3043	46.2552
149.625	72.5417	26.3061	46.2355
149.650	72.5238	26.3080	46.2159
149.675	72.5060	26.3097	46.1963
149.700	72.4882	26.3115	46.1767
149.725	72.4704	26.3132	46.1572
149.750	72.4526	26.3149	46.1377
149.775	72.4348	26.3166	46.1182
149.800	72.4169	26.3182	46.0988
149.825	72.3991	26.3197	46.0793
149.850	72.3811	26.3212	46.0599
149.875	72.3631	26.3227	46.0405
149.900	72.3451	26.3240	46.0210
149.925	72.3269	26.3253	46.0016
149.950	72.3087	26.3265	45.9822
149.975	72.2904	26.3277	45.9627
150.000	72.2721	26.3288	45.9433
150.025	72.2537	26.3298	45.9238
150.050	72.2352	26.3308	45.9044
150.075	72.2167	26.3317	45.8850
150.100	72.1981	26.3326	45.8655
150.125	72.1794	26.3334	45.8461
150.150	72.1607	26.3341	45.8266
150.175	72.1420	26.3348	45.8071
150.200	72.1231	26.3355	45.7876
150.225	72.1042	26.3361	45.7681
150.250	72.0851	26.3367	45.7484
150.275	72.0659	26.3372	45.7287
150.300	72.0466	26.3377	45.7089
150.325	72.0271	26.3381	45.6889
150.350	72.0074	26.3385	45.6688
150.375	71.9875	26.3389	45.6486
150.400	71.9675	26.3393	45.6282
150.425	71.9473	26.3396	45.6077
150.450	71.9269	26.3399	45.5871
150.475	71.9064	26.3401	45.5663
150.500	71.8856	26.3402	45.5454
150.525	71.8647	26.3403	45.5244
150.550	71.8435	26.3403	45.5032
150.575	71.8222	26.3402	45.4820
150.600	71.8007	26.3401	45.4606
150.625	71.7790	26.3399	45.4391
150.650	71.7572	26.3396	45.4176
150.675	71.7353	26.3393	45.3960
150.700	71.7132	26.3389	45.3743
150.725	71.6910	26.3383	45.3527
150.750	71.6687	26.3378	45.3309
150.775	71.6463	26.3371	45.3092
150.800	71.6237	26.3363	45.2874
150.825	71.6011	26.3354	45.2657
150.850	71.5784	26.3344	45.2440
150.875	71.5556	26.3333	45.2222
150.900	71.5327	26.3322	45.2005
150.925	71.5097	26.3309	45.1788
150.950	71.4865	26.3295	45.1570
150.975	71.4631	26.3280	45.1351
151.000	71.4396	26.3264	45.1131
151.025	71.4159	26.3248	45.0911
151.050	71.3920	26.3230	45.0690
151.075	71.3679	26.3212	45.0467
151.100	71.3437	26.3193	45.0244
151.125	71.3192	26.3173	45.0020
151.150	71.2947	26.3152	44.9794
151.175	71.2699	26.3131	44.9568
151.200	71.2450	26.3110	44.9340
151.225	71.2198	26.3088	44.9110
151.250	71.1945	26.3065	44.8880
151.275	71.1690	26.3043	44.8647
151.300	71.1433	26.3019	44.8413
151.325	71.1174	26.2996	44.8178
151.350	71.0913	26.2972	44.7941
151.375	71.0650	26.2947	44.7703
151.400	71.0387	26.2923	44.7464
151.425	71.0122	26.2898	44.7224
151.450	70.9856	26.2873	44.6983
151.475	70.9590	26.2847	44.6742
151.500	70.9323	26.2822	44.6501
151.525	70.9055	26.2795	44.6260
151.550	70.8787	26.2769	44.6018
151.575	70.8519	26.2742	44.5777
151.600	70.8251	26.2714	44.5536
151.625	70.7983	26.2686	44.5296
151.650	70.7715	26.2658	44.5057
151.675	70.7449	26.2630	44.4819
151.700	70.7183	26.2601	44.4582
151.725	70.6918	26.2572	44.4345
151.750	70.6653	26.2543	44.4110
151.775	70.6389	26.2514	44.3875
151.800	70.6125	26.2484	44.3640
151.825	70.5861	26.2454	44.3407
151.850	70.5597	26.2424	44.3173
151.875	70.5333	26.2393	44.2940
151.900	70.5069	26.2361	44.2707
151.925	70.4803	26.2329	44.2474
151.950	70.4536	26.2296	44.2240
151.975	70.4269	26.2262	44.2006
152.000	70.4000	26.2228	44.1772
152.025	70.3730	26.2193	44.1537
152.050	70.3460	26.2158	44.1301
152.075	70.3188	26.2123	44.1065
152.100	70.2915	26.2087	44.0828
152.125	70.2641	26.2050	44.0591
152.150	70.2366	26.2013	44.0352
152.175	70.2090	26.1976	44.0113
152.200	70.1813	26.1938	43.9874
152.225	70.1535	26.1900	43.9636
152.250	70.1258	26.1860	43.9397
152.275	70.0980	26.1820	43.9160
152.300	70.0702	26.1779	43.8924
152.325	70.0425	26.1736	43.8689
152.350	70.0148	26.1693	43.8456
152.375	69.9872	26.1648	43.8223
152.400	69.9595	26.1603	43.7992
152.425	69.9318	26.1556	43.7762
152.450	69.9040	26.1509	43.7531
152.475	69.8761	26.1460	43.7301
152.500	69.8480	26.1411	43.7069
152.525	69.8197	26.1360	43.6837
152.550	69.7912	26.1309	43.6603
152.575	69.7623	26.1256	43.6367
152.600	69.7332	26.1203	43.6129
152.625	69.7038	26.1149	43.5889
152.650	69.6740	26.1094	43.5646
152.675	69.6438	26.1038	43.5400
152.700	69.6134	26.0981	43.5152
152.725	69.5826	26.0924	43.4902
152.750	69.5515	26.0866	43.4649
152.775	69.5202	26.0807	43.4395
152.800	69.4886	26.0748	43.4138
152.825	69.4568	26.0688	43.3880
152.850	69.4248	26.0627	43.3621
152.875	69.3926	26.0566	43.3360
152.900	69.3602	26.0504	43.3098
152.925	69.3277	26.0441	43.2835
152.950	69.2949	26.0378	43.2572
152.975	69.2621	26.0314	43.2307
153.000	69.2291	26.0249	43.2042
153.025	69.1959	26.0183	43.1777
153.050	69.1626	26.0116	43.1511
153.075	69.1292	26.0048	43.1244
153.100	69.0957	25.9979	43.0977
153.125	69.0619	25.9910	43.0710
153.150	69.0281	25.9839	43.0442
153.175	68.9941	25.9767	43.0173
153.200	68.9599	25.9694	42.9904
153.225	68.9255	25.9620	42.9635
153.250	68.8909	25.9545	42.9364
153.275	68.8562	25.9469	42.9093
153.300	68.8213	25.9392	42.8821
153.325	68.7863	25.9314	42.8548
153.350	68.7511	25.9236	42.8275
153.375	68.7158	25.9156	42.8001
153.400	68.6804	25.9076	42.7728
153.425	68.6449	25.8996	42.7454
153.450	68.6094	25.8914	42.7180
153.475	68.5739	25.8832	42.6907
153.500	68.5384	25.8749	42.6635
153.525	68.5028	25.8666	42.6363
153.550	68.4673	25.8581	42.6092
153.575	68.4318	25.8496	42.5822
153.600	68.3964	25.8410	42.5553
153.625	68.3610	25.8324	42.5286
153.650	68.3257	25.8237	42.5020
153.675	68.2905	25.8149	42.4756
153.700	68.2554	25.8061	42.4493
153.725	68.2204	25.7972	42.4232
153.750	68.1854	25.7883	42.3971
153.775	68.1505	25.7793	42.3711
153.800	68.1155	25.7703	42.3452
153.825	68.0806	25.7613	42.3193
153.850	68.0458	25.7522	42.2936
153.875	68.0109	25.7430	42.2679
153.900	67.9762	25.7339	42.2423
153.925	67.9416	25.7247	42.2169
153.950	67.9070	25.7154	42.1915
153.975	67.8725	25.7062	42.1663
154.000	67.8380	25.6969	42.1410
154.025	67.8035	25.6877	42.1158
154.050	67.7690	25.6784	42.0906
154.075	67.7345	25.6692	42.0654
154.100	67.7000	25.6599	42.0401
154.125	67.6655	25.6507	42.0148
154.150	67.6310	25.6415	41.9895
154.175	67.5965	25.6323	41.9642
154.200	67.5620	25.6231	41.9389
154.225	67.5277	25.6140	41.9137
154.250	67.4935	25.6049	41.8885
154.275	67.4594	25.5959	41.8635
154.300	67.4255	25.5869	41.8386
154.325	67.3917	25.5779	41.8137
154.350	67.3580	25.5689	41.7890
154.375	67.3244	25.5600	41.7644
154.400	67.2910	25.5510	41.7400
154.425	67.2576	25.5420	41.7156
154.450	67.2244	25.5331	41.6914
154.475	67.1913	25.5241	41.6673
154.500	67.1583	25.5151	41.6433
154.525	67.1254	25.5060	41.6194
154.550	67.0924	25.4969	41.5956
154.575	67.0595	25.4877	41.5718
154.600	67.0265	25.4784	41.5481
154.625	66.9935	25.4691	41.5244
154.650	66.9605	25.4598	41.5007
154.675	66.9274	25.4503	41.4771
154.700	66.8942	25.4408	41.4534
154.725	66.8611	25.4313	41.4298
154.750	66.8279	25.4216	41.4062
154.775	66.7946	25.4119	41.3827
154.800	66.7614	25.4021	41.3593
154.825	66.7281	25.3922	41.3359
154.850	66.6947	25.3822	41.3125
154.875	66.6614	25.3721	41.2892
154.900	66.6280	25.3620	41.2660
154.925	66.5945	25.3518	41.2427
154.950	66.5610	25.3415	41.2195
154.975	66.5275	25.3311	41.1964
155.000	66.4940	25.3207	41.1733
155.025	66.4605	25.3102	41.1503
155.050	66.4210	25.2979	41.1231
155.075	66.3815	25.2855	41.0960
155.100	66.3421	25.2730	41.0691
155.125	66.3027	25.2604	41.0423
155.150	66.2635	25.2478	41.0156
155.175	66.2242	25.2351	40.9891
155.200	66.1851	25.2224	40.9627
155.225	66.1460	25.2096	40.9364
155.250	66.1070	25.1968	40.9103
155.275	66.0681	25.1839	40.8842
155.300	66.0292	25.1709	40.8582
155.325	65.9903	25.1579	40.8323
155.350	65.9513	25.1449	40.8065
155.375	65.9124	25.1318	40.7806
155.400	65.8733	25.1186	40.7548
155.425	65.8342	25.1053	40.7289
155.450	65.7950	25.0920	40.7030
155.475	65.7557	25.0786	40.6771
155.500	65.7163	25.0652	40.6511
155.525	65.6769	25.0517	40.6252
155.550	65.6373	25.0380	40.5993
155.575	65.5978	25.0243	40.5735
155.600	65.5582	25.0105	40.5477
155.625	65.5187	24.9967	40.5220
155.650	65.4791	24.9827	40.4964
155.675	65.4396	24.9687	40.4709
155.700	65.4000	24.9545	40.4454
155.725	65.3604	24.9404	40.4200
155.750	65.3207	24.9261	40.3947
155.775	65.2811	24.9117	40.3693
155.800	65.2413	24.8973	40.3441
155.825	65.2015	24.8827	40.3188
155.850	65.1617	24.8681	40.2936
155.875	65.1218	24.8534	40.2684
155.900	65.0819	24.8386	40.2434
155.925	65.0420	24.8236	40.2183
155.950	65.0020	24.8086	40.1933
155.975	64.9619	24.7935	40.1684
156.000	64.9218	24.7783	40.1435
156.025	64.8816	24.7630	40.1186
156.050	64.8413	24.7476	40.0938
156.075	64.8010	24.7321	40.0689
156.100	64.7606	24.7164	40.0441
156.125	64.7201	24.7007	40.0194
156.150	64.6795	24.6849	39.9946
156.175	64.6388	24.6689	39.9699
156.200	64.5981	24.6528	39.9452
156.225	64.5572	24.6367	39.9205
156.250	64.5163	24.6204	39.8958
156.275	64.4752	24.6041	39.8711
156.300	64.4340	24.5876	39.8464
156.325	64.3927	24.5711	39.8216
156.350	64.3512	24.5544	39.7968
156.375	64.3096	24.5377	39.7719
156.400	64.2679	24.5209	39.7470
156.425	64.2261	24.5040	39.7221
156.450	64.1841	24.4870	39.6971
156.475	64.1420	24.4700	39.6721
156.500	64.0999	24.4528	39.6470
156.525	64.0576	24.4356	39.6220
156.550	64.0152	24.4184	39.5968
156.575	63.9726	24.4010	39.5716
156.600	63.9300	24.3836	39.5463
156.625	63.8872	24.3662	39.5210
156.650	63.8443	24.3486	39.4957
156.675	63.8014	24.3310	39.4704
156.700	63.7585	24.3133	39.4452
156.725	63.7155	24.2955	39.4199
156.750	63.6724	24.2778	39.3947
156.775	63.6294	24.2599	39.3695
156.800	63.5864	24.2421	39.3443
156.825	63.5433	24.2242	39.3191
156.850	63.5003	24.2063	39.2939
156.875	63.4572	24.1884	39.2688
156.900	63.4140	24.1704	39.2436
156.925	63.3708	24.1524	39.2184
156.950	63.3275	24.1343	39.1931
156.975	63.2840	24.1162	39.1678
157.000	63.2405	24.0980	39.1425
157.025	63.1969	24.0797	39.1172
157.050	63.1532	24.0614	39.0918
157.075	63.1094	24.0430	39.0664
157.100	63.0656	24.0245	39.0411
157.125	63.0218	24.0060	39.0158
157.150	62.9779	23.9875	38.9905
157.175	62.9341	23.9688	38.9653
157.200	62.8902	23.9501	38.9400
157.225	62.8462	23.9313	38.9149
157.250	62.8022	23.9125	38.8897
157.275	62.7581	23.8936	38.8645
157.300	62.7140	23.8746	38.8394
157.325	62.6698	23.8556	38.8142
157.350	62.6255	23.8365	38.7890
157.375	62.5812	23.8174	38.7638
157.400	62.5369	23.7983	38.7386
157.425	62.4925	23.7791	38.7134
157.450	62.4481	23.7600	38.6882
157.475	62.4038	23.7408	38.6630
157.500	62.3594	23.7216	38.6378
157.525	62.3150	23.7024	38.6126
157.550	62.2705	23.6832	38.5874
157.575	62.2261	23.6639	38.5622
157.600	62.1816	23.6447	38.5370
157.625	62.1372	23.6254	38.5118
157.650	62.0927	23.6060	38.4867
157.675	62.0482	23.5867	38.4615
157.700	62.0037	23.5673	38.4364
157.725	61.9592	23.5479	38.4113
157.750	61.9146	23.5284	38.3862
157.775	61.8699	23.5089	38.3610
157.800	61.8251	23.4892	38.3359
157.825	61.7802	23.4695	38.3107
157.850	61.7352	23.4497	38.2855
157.875	61.6900	23.4298	38.2603
157.900	61.6447	23.4097	38.2350
157.925	61.5992	23.3896	38.2096
157.950	61.5535	23.3693	38.1842
157.975	61.5077	23.3489	38.1587
158.000	61.4616	23.3285	38.1331
158.025	61.4153	23.3079	38.1074
158.050	61.3688	23.2873	38.0815
158.075	61.3221	23.2666	38.0555
158.100	61.2751	23.2458	38.0294
158.125	61.2280	23.2249	38.0031
158.150	61.1806	23.2039	37.9767
158.175	61.1331	23.1829	37.9502
158.200	61.0855	23.1619	37.9236
158.225	61.0377	23.1408	37.8969
158.250	60.9897	23.1196	37.8702
158.275	60.9416	23.0983	37.8433
158.300	60.8934	23.0770	37.8164
158.325	60.8449	23.0555	37.7894
158.350	60.7962	23.0340	37.7622
158.375	60.7472	23.0123	37.7349
158.400	60.6981	22.9906	37.7075
158.425	60.6487	22.9687	37.6800
158.450	60.5992	22.9467	37.6525
158.475	60.5494	22.9247	37.6248
158.500	60.4995	22.9025	37.5971
158.525	60.4495	22.8802	37.5693
158.550	60.3992	22.8578	37.5414
158.575	60.3488	22.8354	37.5133
158.600	60.2981	22.8129	37.4852
158.625	60.2473	22.7904	37.4569
158.650	60.1963	22.7678	37.4285
158.675	60.1451	22.7452	37.4000
158.700	60.0937	22.7225	37.3712
158.725	60.0421	22.6998	37.3423
158.750	59.9903	22.6771	37.3132
158.775	59.9382	22.6543	37.2840
158.800	59.8860	22.6314	37.2546
158.825	59.8335	22.6084	37.2251
158.850	59.7808	22.5854	37.1954
158.875	59.7280	22.5623	37.1657
158.900	59.6751	22.5391	37.1359
158.925	59.6220	22.5160	37.1061
158.950	59.5689	22.4927	37.0762
158.975	59.5157	22.4695	37.0462
159.000	59.4624	22.4462	37.0162
159.025	59.4090	22.4228	36.9862
159.050	59.3555	22.3994	36.9561
159.075	59.3018	22.3760	36.9259
159.100	59.2481	22.3524	36.8956
159.125	59.1942	22.3289	36.8653
159.150	59.1402	22.3053	36.8349
159.175	59.0863	22.2817	36.8046
159.200	59.0323	22.2581	36.7742
159.225	58.9783	22.2345	36.7438
159.250	58.9244	22.2109	36.7135
159.275	58.8705	22.1873	36.6832
159.300	58.8166	22.1637	36.6530
159.325	58.7628	22.1401	36.6228
159.350	58.7090	22.1164	36.5926
159.375	58.6552	22.0928	36.5624
159.400	58.6014	22.0692	36.5322
159.425	58.5475	22.0455	36.5020
159.450	58.4937	22.0219	36.4718
159.475	58.4398	21.9983	36.4416
159.500	58.3860	21.9747	36.4113
159.525	58.3321	21.9511	36.3811
159.550	58.2783	21.9275	36.3508
159.575	58.2245	21.9040	36.3205
159.600	58.1707	21.8806	36.2901
159.625	58.1169	21.8572	36.2597
159.650	58.0631	21.8338	36.2293
159.675	58.0093	21.8105	36.1989
159.700	57.9555	21.7872	36.1684
159.725	57.9017	21.7640	36.1378
159.750	57.8479	21.7409	36.1071
159.775	57.7941	21.7178	36.0762
159.800	57.7401	21.6948	36.0453
159.825	57.6861	21.6719	36.0142
159.850	57.6319	21.6490	35.9829
159.875	57.5776	21.6261	35.9515
159.900	57.5232	21.6032	35.9200
159.925	57.4687	21.5803	35.8884
159.950	57.4142	21.5574	35.8568
159.975	57.3597	21.5345	35.8252
160.000	57.3052	21.5116	35.7936
160.025	57.2506	21.4886	35.7620
160.050	57.1961	21.4657	35.7305
160.075	57.1416	21.4426	35.6989
160.100	57.0870	21.4196	35.6674
160.125	57.0323	21.3964	35.6359
160.150	56.9776	21.3733	35.6044
160.175	56.9228	21.3500	35.5728
160.200	56.8679	21.3268	35.5412
160.225	56.8129	21.3035	35.5095
160.250	56.7579	21.2801	35.4777
160.275	56.7027	21.2567	35.4460
160.300	56.6474	21.2333	35.4142
160.325	56.5921	21.2098	35.3824
160.350	56.5368	21.1862	35.3506
160.375	56.4814	21.1625	35.3189
160.400	56.4260	21.1387	35.2872
160.425	56.3705	21.1149	35.2556
160.450	56.3149	21.0910	35.2239
160.475	56.2593	21.0670	35.1923
160.500	56.2036	21.0429	35.1606
160.525	56.1478	21.0188	35.1290
160.550	56.0920	20.9947	35.0973
160.575	56.0361	20.9704	35.0657
160.600	55.9801	20.9461	35.0340
160.625	55.9240	20.9217	35.0023
160.650	55.8678	20.8973	34.9706
160.675	55.8115	20.8727	34.9388
160.700	55.7551	20.8480	34.9071
160.725	55.6986	20.8233	34.8753
160.750	55.6420	20.7984	34.8436
160.775	55.5853	20.7735	34.8118
160.800	55.5285	20.7485	34.7800
160.825	55.4716	20.7234	34.7482
160.850	55.4147	20.6983	34.7164
160.875	55.3577	20.6731	34.6846
160.900	55.3006	20.6478	34.6528
160.925	55.2434	20.6224	34.6210
160.950	55.1862	20.5970	34.5892
160.975	55.1288	20.5715	34.5573
161.000	55.0714	20.5459	34.5255
161.025	55.0140	20.5203	34.4937
161.050	54.9564	20.4946	34.4618
161.075	54.8988	20.4688	34.4299
161.100	54.8410	20.4430	34.3980
161.125	54.7832	20.4171	34.3661
161.150	54.7253	20.3911	34.3341
161.175	54.6673	20.3651	34.3022
161.200	54.6092	20.3391	34.2701
161.225	54.5511	20.3130	34.2381
161.250	54.4929	20.2868	34.2061
161.275	54.4346	20.2606	34.1740
161.300	54.3762	20.2343	34.1419
161.325	54.3177	20.2079	34.1097
161.350	54.2591	20.1816	34.0775
161.375	54.2004	20.1552	34.0452
161.400	54.1416	20.1287	34.0128
161.425	54.0827	20.1023	33.9804
161.450	54.0238	20.0758	33.9480
161.475	53.9647	20.0493	33.9154
161.500	53.9055	20.0227	33.8828
161.525	53.8461	19.9961	33.8501
161.550	53.7866	19.9694	33.8172
161.575	53.7269	19.9427	33.7842
161.600	53.6670	19.9159	33.7511
161.625	53.6070	19.8891	33.7179
161.650	53.5468	19.8622	33.6846
161.675	53.4864	19.8353	33.6511
161.700	53.4259	19.8083	33.6176
161.725	53.3652	19.7813	33.5839
161.750	53.3043	19.7541	33.5502
161.775	53.2433	19.7270	33.5163
161.800	53.1822	19.6998	33.4824
161.825	53.1208	19.6725	33.4484
161.850	53.0593	19.6451	33.4142
161.875	52.9976	19.6178	33.3799
161.900	52.9357	19.5903	33.3454
161.925	52.8736	19.5629	33.3107
161.950	52.8112	19.5353	33.2759
161.975	52.7485	19.5077	33.2408
162.000	52.6856	19.4800	33.2056
162.025	52.6224	19.4522	33.1702
162.050	52.5590	19.4244	33.1347
162.075	52.4954	19.3964	33.0990
162.100	52.4315	19.3684	33.0631
162.125	52.3675	19.3403	33.0272
162.150	52.3032	19.3121	32.9911
162.175	52.2388	19.2838	32.9550
162.200	52.1741	19.2554	32.9187
162.225	52.1093	19.2270	32.8823
162.250	52.0443	19.1984	32.8459
162.275	51.9791	19.1697	32.8093
162.300	51.9137	19.1410	32.7727
162.325	51.8481	19.1121	32.7360
162.350	51.7824	19.0831	32.6993
162.375	51.7166	19.0540	32.6625
162.400	51.6505	19.0249	32.6257
162.425	51.5844	18.9956	32.5888
162.450	51.5180	18.9662	32.5518
162.475	51.4514	18.9367	32.5147
162.500	51.3847	18.9072	32.4775
162.525	51.3177	18.8775	32.4402
162.550	51.2505	18.8478	32.4027
162.575	51.1831	18.8180	32.3651
162.600	51.1154	18.7881	32.3273
162.625	51.0475	18.7581	32.2893
162.650	50.9793	18.7281	32.2512
162.675	50.9109	18.6979	32.2130
162.700	50.8423	18.6677	32.1746
162.725	50.7735	18.6374	32.1361
162.750	50.7044	18.6070	32.0975
162.775	50.6352	18.5765	32.0588
162.800	50.5659	18.5459	32.0200
162.825	50.4963	18.5153	31.9811
162.850	50.4266	18.4845	31.9421
162.875	50.3568	18.4537	31.9030
162.900	50.2868	18.4228	31.8639
162.925	50.2166	18.3918	31.8248
162.950	50.1463	18.3608	31.7856
162.975	50.0759	18.3296	31.7463
163.000	50.0054	18.2984	31.7070
163.025	49.9348	18.2671	31.6676
163.050	49.8640	18.2358	31.6282
163.075	49.7930	18.2043	31.5887
163.100	49.7219	18.1728	31.5491
163.125	49.6506	18.1412	31.5094
163.150	49.5791	18.1095	31.4696
163.175	49.5074	18.0777	31.4297
163.200	49.4356	18.0458	31.3897
163.225	49.3636	18.0139	31.3497
163.250	49.2915	17.9819	31.3096
163.275	49.2192	17.9499	31.2694
163.300	49.1469	17.9177	31.2292
163.325	49.0744	17.8855	31.1889
163.350	49.0019	17.8533	31.1486
163.375	48.9292	17.8209	31.1083
163.400	48.8564	17.7885	31.0679
163.425	48.7835	17.7561	31.0275
163.450	48.7105	17.7236	30.9870
163.475	48.6374	17.6910	30.9464
163.500	48.5642	17.6584	30.9058
163.525	48.4909	17.6257	30.8652
163.550	48.4174	17.5930	30.8244
163.575	48.3438	17.5602	30.7836
163.600	48.2701	17.5273	30.7427
163.625	48.1962	17.4944	30.7018
163.650	48.1222	17.4615	30.6607
163.675	48.0481	17.4285	30.6196
163.700	47.9739	17.3955	30.5784
163.725	47.8994	17.3624	30.5371
163.750	47.8249	17.3292	30.4956
163.775	47.7502	17.2960	30.4541
163.800	47.6753	17.2628	30.4125
163.825	47.6002	17.2295	30.3707
163.850	47.5250	17.1961	30.3289
163.875	47.4496	17.1627	30.2869
163.900	47.3740	17.1292	30.2447
163.925	47.2982	17.0957	30.2025
163.950	47.2223	17.0622	30.1601
163.975	47.1462	17.0286	30.1176
164.000	47.0700	16.9950	30.0750
164.025	46.9937	16.9613	30.0324
164.050	46.9174	16.9276	29.9898
164.075	46.8409	16.8938	29.9472
164.100	46.7644	16.8599	29.9045
164.125	46.6879	16.8261	29.8618
164.150	46.6113	16.7921	29.8191
164.175	46.5346	16.7582	29.7764
164.200	46.4579	16.7241	29.7338
164.225	46.3811	16.6901	29.6911
164.250	46.3044	16.6560	29.6484
164.275	46.2275	16.6219	29.6057
164.300	46.1506	16.5877	29.5630
164.325	46.0737	16.5535	29.5202
164.350	45.9967	16.5192	29.4775
164.375	45.9197	16.4850	29.4348
164.400	45.8426	16.4506	29.3920
164.425	45.7655	16.4163	29.3492
164.450	45.6882	16.3819	29.3063
164.475	45.6109	16.3475	29.2634
164.500	45.5335	16.3130	29.2205
164.525	45.4560	16.2785	29.1775
164.550	45.3784	16.2440	29.1344
164.575	45.3007	16.2095	29.0912
164.600	45.2229	16.1750	29.0480
164.625	45.1450	16.1404	29.0047
164.650	45.0671	16.1058	28.9613
164.675	44.9890	16.0712	28.9178
164.700	44.9108	16.0366	28.8742
164.725	44.8325	16.0019	28.8306
164.750	44.7541	15.9673	28.7868
164.775	44.6756	15.9326	28.7430
164.800	44.5971	15.8980	28.6991
164.825	44.5184	15.8633	28.6551
164.850	44.4398	15.8287	28.6111
164.875	44.3610	15.7940	28.5670
164.900	44.2822	15.7594	28.5228
164.925	44.2034	15.7248	28.4787
164.950	44.1246	15.6901	28.4345
164.975	44.0458	15.6555	28.3903
165.000	43.9670	15.6210	28.3461
165.025	43.8883	15.5864	28.3019
165.050	43.8096	15.5519	28.2577
165.075	43.7309	15.5174	28.2134
165.100	43.6522	15.4830	28.1692
165.125	43.5735	15.4486	28.1249
165.150	43.4948	15.4142	28.0805
165.175	43.4161	15.3799	28.0361
165.200	43.3374	15.3457	27.9917
165.225	43.2586	15.3115	27.9471
165.250	43.1799	15.2774	27.9025
165.275	43.1011	15.2434	27.8578
165.300	43.0224	15.2094	27.8130
165.325	42.9435	15.1754	27.7682
165.350	42.8647	15.1415	27.7232
165.375	42.7858	15.1076	27.6782
165.400	42.7068	15.0737	27.6331
165.425	42.6278	15.0399	27.5879
165.450	42.5488	15.0061	27.5426
165.475	42.4697	14.9724	27.4973
165.500	42.3905	14.9387	27.4518
165.525	42.3113	14.9050	27.4062
165.550	42.2320	14.8714	27.3605
165.575	42.1526	14.8378	27.3148
165.600	42.0732	14.8043	27.2689
165.625	41.9937	14.7708	27.2229
165.650	41.9141	14.7374	27.1767
165.675	41.8344	14.7040	27.1305
165.700	41.7547	14.6706	27.0840
165.725	41.6748	14.6373	27.0374
165.750	41.5947	14.6041	26.9907
165.775	41.5145	14.5708	26.9437
165.800	41.4341	14.5376	26.8965
165.825	41.3535	14.5044	26.8491
165.850	41.2727	14.4713	26.8014
165.875	41.1916	14.4381	26.7535
165.900	41.1101	14.4050	26.7052
165.925	41.0284	14.3718	26.6565
165.950	40.9462	14.3387	26.6076
165.975	40.8637	14.3055	26.5582
166.000	40.7809	14.2723	26.5086
166.025	40.6977	14.2392	26.4585
166.050	40.6142	14.2060	26.4082
166.075	40.5303	14.1728	26.3575
166.100	40.4461	14.1397	26.3065
166.125	40.3617	14.1065	26.2552
166.150	40.2770	14.0734	26.2036
166.175	40.1920	14.0402	26.1518
166.200	40.1069	14.0071	26.0998
166.225	40.0215	13.9740	26.0475
166.250	39.9360	13.9409	25.9951
166.275	39.8503	13.9079	25.9425
166.300	39.7645	13.8748	25.8897
166.325	39.6785	13.8418	25.8367
166.350	39.5924	13.8088	25.7836
166.375	39.5062	13.7759	25.7303
166.400	39.4199	13.7430	25.6769
166.425	39.3335	13.7101	25.6234
166.450	39.2471	13.6772	25.5699
166.475	39.1608	13.6445	25.5164
166.500	39.0745	13.6117	25.4628
166.525	38.9882	13.5790	25.4093
166.550	38.9020	13.5462	25.3558
166.575	38.8158	13.5135	25.3023
166.600	38.7297	13.4808	25.2489
166.625	38.6436	13.4480	25.1955
166.650	38.5575	13.4153	25.1422
166.675	38.4714	13.3825	25.0889
166.700	38.3854	13.3498	25.0357
166.725	38.2995	13.3170	24.9825
166.750	38.2136	13.2842	24.9294
166.775	38.1277	13.2514	24.8763
166.800	38.0418	13.2186	24.8232
166.825	37.9560	13.1858	24.7702
166.850	37.8701	13.1530	24.7172
166.875	37.7843	13.1201	24.6642
166.900	37.6985	13.0873	24.6112
166.925	37.6126	13.0544	24.5582
166.950	37.5268	13.0215	24.5053
166.975	37.4409	12.9886	24.4524
167.000	37.3551	12.9556	24.3995
167.025	37.2692	12.9227	24.3466
167.050	37.1834	12.8897	24.2937
167.075	37.0976	12.8567	24.2409
167.100	37.0118	12.8238	24.1881
167.125	36.9261	12.7908	24.1353
167.150	36.8403	12.7578	24.0825
167.175	36.7545	12.7248	24.0298
167.200	36.6688	12.6917	23.9770
167.225	36.5830	12.6587	23.9243
167.250	36.4973	12.6257	23.8716
167.275	36.4115	12.5926	23.8189
167.300	36.3257	12.5596	23.7661
167.325	36.2398	12.5265	23.7134
167.350	36.1540	12.4934	23.6606
167.375	36.0682	12.4603	23.6078
167.400	35.9823	12.4273	23.5551
167.425	35.8965	12.3942	23.5023
167.450	35.8106	12.3611	23.4495
167.475	35.7247	12.3280	23.3967
167.500	35.6388	12.2949	23.3439
167.525	35.5529	12.2618	23.2910
167.550	35.4670	12.2288	23.2382
167.575	35.3811	12.1957	23.1854
167.600	35.2953	12.1626	23.1327
167.625	35.2094	12.1295	23.0799
167.650	35.1236	12.0964	23.0272
167.675	35.0378	12.0634	22.9744
167.700	34.9519	12.0303	22.9216
167.725	34.8660	11.9973	22.8688
167.750	34.7801	11.9642	22.8158
167.775	34.6940	11.9312	22.7628
167.800	34.6079	11.8982	22.7097
167.825	34.5216	11.8652	22.6564
167.850	34.4352	11.8322	22.6030
167.875	34.3487	11.7993	22.5495
167.900	34.2621	11.7663	22.4958
167.925	34.1755	11.7334	22.4421
167.950	34.0887	11.7005	22.3883
167.975	34.0020	11.6676	22.3344
168.000	33.9151	11.6347	22.2804
168.025	33.8283	11.6019	22.2264
168.050	33.7414	11.5690	22.1723
168.075	33.6545	11.5362	22.1183
168.100	33.5676	11.5035	22.0642
168.125	33.4808	11.4707	22.0101
168.150	33.3939	11.4380	21.9559
168.175	33.3070	11.4052	21.9017
168.200	33.2201	11.3725	21.8476
168.225	33.1332	11.3399	21.7933
168.250	33.0463	11.3072	21.7391
168.275	32.9593	11.2746	21.6848
168.300	32.8724	11.2420	21.6304
168.325	32.7855	11.2094	21.5761
168.350	32.6985	11.1768	21.5217
168.375	32.6116	11.1442	21.4673
168.400	32.5246	11.1117	21.4130
168.425	32.4377	11.0791	21.3586
168.450	32.3509	11.0465	21.3043
168.475	32.2640	11.0140	21.2501
168.500	32.1772	10.9814	21.1958
168.525	32.0904	10.9489	21.1416
168.550	32.0037	10.9163	21.0874
168.575	31.9169	10.8837	21.0332
168.600	31.8302	10.8512	20.9790
168.625	31.7435	10.8187	20.9249
168.650	31.6569	10.7861	20.8708
168.675	31.5703	10.7536	20.8167
168.700	31.4837	10.7211	20.7626
168.725	31.3970	10.6885	20.7085
168.750	31.3104	10.6560	20.6543
168.775	31.2236	10.6235	20.6001
168.800	31.1368	10.5910	20.5458
168.825	31.0500	10.5585	20.4915
168.850	30.9630	10.5260	20.4370
168.875	30.8760	10.4935	20.3826
168.900	30.7890	10.4610	20.3280
168.925	30.7019	10.4285	20.2734
168.950	30.6148	10.3960	20.2188
168.975	30.5276	10.3635	20.1641
169.000	30.4403	10.3310	20.1094
169.025	30.3530	10.2984	20.0546
169.050	30.2657	10.2659	19.9998
169.075	30.1784	10.2333	19.9450
169.100	30.0910	10.2008	19.8902
169.125	30.0037	10.1682	19.8355
169.150	29.9163	10.1356	19.7807
169.175	29.8290	10.1031	19.7260
169.200	29.7417	10.0705	19.6712
169.225	29.6545	10.0379	19.6166
169.250	29.5672	10.0053	19.5620
169.275	29.4801	9.9727	19.5074
169.300	29.3930	9.9401	19.4529
169.325	29.3059	9.9075	19.3984
169.350	29.2189	9.8749	19.3440
169.375	29.1319	9.8423	19.2896
169.400	29.0449	9.8097	19.2353
169.425	28.9580	9.7771	19.1809
169.450	28.8712	9.7445	19.1266
169.475	28.7843	9.7120	19.0724
169.500	28.6975	9.6794	19.0181
169.525	28.6107	9.6468	18.9639
169.550	28.5239	9.6143	18.9096
169.575	28.4371	9.5818	18.8553
169.600	28.3503	9.5493	18.8011
169.625	28.2636	9.5168	18.7467
169.650	28.1767	9.4843	18.6924
169.675	28.0899	9.4519	18.6380
169.700	28.0030	9.4195	18.5835
169.725	27.9161	9.3871	18.5289
169.750	27.8290	9.3548	18.4743
169.775	27.7420	9.3224	18.4195
169.800	27.6548	9.2902	18.3647
169.825	27.5676	9.2579	18.3097
169.850	27.4804	9.2257	18.2547
169.875	27.3931	9.1935	18.1997
169.900	27.3059	9.1613	18.1446
169.925	27.2187	9.1292	18.0894
169.950	27.1314	9.0972	18.0343
169.975	27.0441	9.0651	17.9790
170.000	26.9568	9.0332	17.9237
